[0.579s] DEBUG:colcon:Command line arguments: ['/usr/bin/colcon', 'build', '--packages-select', 'andino_gz']
[0.579s] DEBUG:colcon:Parsed command line arguments: Namespace(log_base=None, log_level=None, verb_name='build', build_base='build', install_base='install', merge_install=False, symlink_install=False, test_result_base=None, continue_on_error=False, executor='parallel', parallel_workers=12, event_handlers=None, ignore_user_meta=False, metas=['./colcon.meta'], base_paths=['.'], packages_ignore=None, packages_ignore_regex=None, paths=None, packages_up_to=None, packages_up_to_regex=None, packages_above=None, packages_above_and_dependencies=None, packages_above_depth=None, packages_select_by_dep=None, packages_skip_by_dep=None, packages_skip_up_to=None, packages_select_build_failed=False, packages_skip_build_finished=False, packages_select_test_failures=False, packages_skip_test_passed=False, packages_select=['andino_gz'], packages_skip=None, packages_select_regex=None, packages_skip_regex=None, packages_start=None, packages_end=None, allow_overriding=[], cmake_args=None, cmake_target=None, cmake_target_skip_unavailable=False, cmake_clean_cache=False, cmake_clean_first=False, cmake_force_configure=False, ament_cmake_args=None, catkin_cmake_args=None, catkin_skip_building_tests=False, verb_parser=<colcon_defaults.argument_parser.defaults.DefaultArgumentsDecorator object at 0x7fb6c1971d60>, verb_extension=<colcon_core.verb.build.BuildVerb object at 0x7fb6c1b42240>, main=<bound method BuildVerb.main of <colcon_core.verb.build.BuildVerb object at 0x7fb6c1b42240>>)
[0.703s] Level 1:colcon.colcon_core.package_discovery:discover_packages(colcon_meta) check parameters
[0.703s] Level 1:colcon.colcon_core.package_discovery:discover_packages(recursive) check parameters
[0.703s] Level 1:colcon.colcon_core.package_discovery:discover_packages(ignore) check parameters
[0.703s] Level 1:colcon.colcon_core.package_discovery:discover_packages(path) check parameters
[0.703s] Level 1:colcon.colcon_core.package_discovery:discover_packages(colcon_meta) discover
[0.704s] Level 1:colcon.colcon_core.package_discovery:discover_packages(recursive) discover
[0.704s] INFO:colcon.colcon_core.package_discovery:Crawling recursively for packages in '/home/golden5ragon/Desktop/Robotics/cstam'
[0.704s] Level 1:colcon.colcon_core.package_identification:_identify(.) by extensions ['ignore', 'ignore_ament_install']
[0.704s] Level 1:colcon.colcon_core.package_identification:_identify(.) by extension 'ignore'
[0.704s] Level 1:colcon.colcon_core.package_identification:_identify(.) by extension 'ignore_ament_install'
[0.705s] Level 1:colcon.colcon_core.package_identification:_identify(.) by extensions ['colcon_pkg']
[0.705s] Level 1:colcon.colcon_core.package_identification:_identify(.) by extension 'colcon_pkg'
[0.705s] Level 1:colcon.colcon_core.package_identification:_identify(.) by extensions ['colcon_meta']
[0.705s] Level 1:colcon.colcon_core.package_identification:_identify(.) by extension 'colcon_meta'
[0.705s] Level 1:colcon.colcon_core.package_identification:_identify(.) by extensions ['ros']
[0.705s] Level 1:colcon.colcon_core.package_identification:_identify(.) by extension 'ros'
[0.764s] Level 1:colcon.colcon_core.package_identification:_identify(.) by extensions ['cmake', 'python']
[0.764s] Level 1:colcon.colcon_core.package_identification:_identify(.) by extension 'cmake'
[0.764s] Level 1:colcon.colcon_core.package_identification:_identify(.) by extension 'python'
[0.764s] Level 1:colcon.colcon_core.package_identification:_identify(.) by extensions ['python_setup_py']
[0.764s] Level 1:colcon.colcon_core.package_identification:_identify(.) by extension 'python_setup_py'
[0.764s] Level 1:colcon.colcon_core.package_identification:_identify(build) by extensions ['ignore', 'ignore_ament_install']
[0.764s] Level 1:colcon.colcon_core.package_identification:_identify(build) by extension 'ignore'
[0.764s] Level 1:colcon.colcon_core.package_identification:_identify(build) ignored
[0.764s] Level 1:colcon.colcon_core.package_identification:_identify(cstam-pkg) by extensions ['ignore', 'ignore_ament_install']
[0.764s] Level 1:colcon.colcon_core.package_identification:_identify(cstam-pkg) by extension 'ignore'
[0.764s] Level 1:colcon.colcon_core.package_identification:_identify(cstam-pkg) by extension 'ignore_ament_install'
[0.765s] Level 1:colcon.colcon_core.package_identification:_identify(cstam-pkg) by extensions ['colcon_pkg']
[0.765s] Level 1:colcon.colcon_core.package_identification:_identify(cstam-pkg) by extension 'colcon_pkg'
[0.765s] Level 1:colcon.colcon_core.package_identification:_identify(cstam-pkg) by extensions ['colcon_meta']
[0.765s] Level 1:colcon.colcon_core.package_identification:_identify(cstam-pkg) by extension 'colcon_meta'
[0.765s] Level 1:colcon.colcon_core.package_identification:_identify(cstam-pkg) by extensions ['ros']
[0.765s] Level 1:colcon.colcon_core.package_identification:_identify(cstam-pkg) by extension 'ros'
[0.765s] Level 1:colcon.colcon_core.package_identification:_identify(cstam-pkg) by extensions ['cmake', 'python']
[0.765s] Level 1:colcon.colcon_core.package_identification:_identify(cstam-pkg) by extension 'cmake'
[0.765s] Level 1:colcon.colcon_core.package_identification:_identify(cstam-pkg) by extension 'python'
[0.765s] Level 1:colcon.colcon_core.package_identification:_identify(cstam-pkg) by extensions ['python_setup_py']
[0.765s] Level 1:colcon.colcon_core.package_identification:_identify(cstam-pkg) by extension 'python_setup_py'
[0.765s] Level 1:colcon.colcon_core.package_identification:_identify(cstam-pkg/build) by extensions ['ignore', 'ignore_ament_install']
[0.765s] Level 1:colcon.colcon_core.package_identification:_identify(cstam-pkg/build) by extension 'ignore'
[0.765s] Level 1:colcon.colcon_core.package_identification:_identify(cstam-pkg/build) ignored
[0.765s] Level 1:colcon.colcon_core.package_identification:_identify(cstam-pkg/install) by extensions ['ignore', 'ignore_ament_install']
[0.765s] Level 1:colcon.colcon_core.package_identification:_identify(cstam-pkg/install) by extension 'ignore'
[0.765s] Level 1:colcon.colcon_core.package_identification:_identify(cstam-pkg/install) ignored
[0.765s] Level 1:colcon.colcon_core.package_identification:_identify(cstam-pkg/log) by extensions ['ignore', 'ignore_ament_install']
[0.765s] Level 1:colcon.colcon_core.package_identification:_identify(cstam-pkg/log) by extension 'ignore'
[0.765s] Level 1:colcon.colcon_core.package_identification:_identify(cstam-pkg/log) ignored
[0.765s] Level 1:colcon.colcon_core.package_identification:_identify(cstam-pkg/map) by extensions ['ignore', 'ignore_ament_install']
[0.765s] Level 1:colcon.colcon_core.package_identification:_identify(cstam-pkg/map) by extension 'ignore'
[0.765s] Level 1:colcon.colcon_core.package_identification:_identify(cstam-pkg/map) by extension 'ignore_ament_install'
[0.765s] Level 1:colcon.colcon_core.package_identification:_identify(cstam-pkg/map) by extensions ['colcon_pkg']
[0.765s] Level 1:colcon.colcon_core.package_identification:_identify(cstam-pkg/map) by extension 'colcon_pkg'
[0.765s] Level 1:colcon.colcon_core.package_identification:_identify(cstam-pkg/map) by extensions ['colcon_meta']
[0.765s] Level 1:colcon.colcon_core.package_identification:_identify(cstam-pkg/map) by extension 'colcon_meta'
[0.766s] Level 1:colcon.colcon_core.package_identification:_identify(cstam-pkg/map) by extensions ['ros']
[0.766s] Level 1:colcon.colcon_core.package_identification:_identify(cstam-pkg/map) by extension 'ros'
[0.766s] Level 1:colcon.colcon_core.package_identification:_identify(cstam-pkg/map) by extensions ['cmake', 'python']
[0.766s] Level 1:colcon.colcon_core.package_identification:_identify(cstam-pkg/map) by extension 'cmake'
[0.766s] Level 1:colcon.colcon_core.package_identification:_identify(cstam-pkg/map) by extension 'python'
[0.766s] Level 1:colcon.colcon_core.package_identification:_identify(cstam-pkg/map) by extensions ['python_setup_py']
[0.766s] Level 1:colcon.colcon_core.package_identification:_identify(cstam-pkg/map) by extension 'python_setup_py'
[0.766s] Level 1:colcon.colcon_core.package_identification:_identify(cstam-pkg/mission_proof) by extensions ['ignore', 'ignore_ament_install']
[0.766s] Level 1:colcon.colcon_core.package_identification:_identify(cstam-pkg/mission_proof) by extension 'ignore'
[0.766s] Level 1:colcon.colcon_core.package_identification:_identify(cstam-pkg/mission_proof) by extension 'ignore_ament_install'
[0.766s] Level 1:colcon.colcon_core.package_identification:_identify(cstam-pkg/mission_proof) by extensions ['colcon_pkg']
[0.766s] Level 1:colcon.colcon_core.package_identification:_identify(cstam-pkg/mission_proof) by extension 'colcon_pkg'
[0.766s] Level 1:colcon.colcon_core.package_identification:_identify(cstam-pkg/mission_proof) by extensions ['colcon_meta']
[0.766s] Level 1:colcon.colcon_core.package_identification:_identify(cstam-pkg/mission_proof) by extension 'colcon_meta'
[0.766s] Level 1:colcon.colcon_core.package_identification:_identify(cstam-pkg/mission_proof) by extensions ['ros']
[0.766s] Level 1:colcon.colcon_core.package_identification:_identify(cstam-pkg/mission_proof) by extension 'ros'
[0.766s] Level 1:colcon.colcon_core.package_identification:_identify(cstam-pkg/mission_proof) by extensions ['cmake', 'python']
[0.766s] Level 1:colcon.colcon_core.package_identification:_identify(cstam-pkg/mission_proof) by extension 'cmake'
[0.766s] Level 1:colcon.colcon_core.package_identification:_identify(cstam-pkg/mission_proof) by extension 'python'
[0.766s] Level 1:colcon.colcon_core.package_identification:_identify(cstam-pkg/mission_proof) by extensions ['python_setup_py']
[0.766s] Level 1:colcon.colcon_core.package_identification:_identify(cstam-pkg/mission_proof) by extension 'python_setup_py'
[0.766s] Level 1:colcon.colcon_core.package_identification:_identify(cstam-pkg/mission_proof/2026) by extensions ['ignore', 'ignore_ament_install']
[0.766s] Level 1:colcon.colcon_core.package_identification:_identify(cstam-pkg/mission_proof/2026) by extension 'ignore'
[0.766s] Level 1:colcon.colcon_core.package_identification:_identify(cstam-pkg/mission_proof/2026) by extension 'ignore_ament_install'
[0.766s] Level 1:colcon.colcon_core.package_identification:_identify(cstam-pkg/mission_proof/2026) by extensions ['colcon_pkg']
[0.766s] Level 1:colcon.colcon_core.package_identification:_identify(cstam-pkg/mission_proof/2026) by extension 'colcon_pkg'
[0.766s] Level 1:colcon.colcon_core.package_identification:_identify(cstam-pkg/mission_proof/2026) by extensions ['colcon_meta']
[0.766s] Level 1:colcon.colcon_core.package_identification:_identify(cstam-pkg/mission_proof/2026) by extension 'colcon_meta'
[0.766s] Level 1:colcon.colcon_core.package_identification:_identify(cstam-pkg/mission_proof/2026) by extensions ['ros']
[0.766s] Level 1:colcon.colcon_core.package_identification:_identify(cstam-pkg/mission_proof/2026) by extension 'ros'
[0.766s] Level 1:colcon.colcon_core.package_identification:_identify(cstam-pkg/mission_proof/2026) by extensions ['cmake', 'python']
[0.766s] Level 1:colcon.colcon_core.package_identification:_identify(cstam-pkg/mission_proof/2026) by extension 'cmake'
[0.766s] Level 1:colcon.colcon_core.package_identification:_identify(cstam-pkg/mission_proof/2026) by extension 'python'
[0.766s] Level 1:colcon.colcon_core.package_identification:_identify(cstam-pkg/mission_proof/2026) by extensions ['python_setup_py']
[0.766s] Level 1:colcon.colcon_core.package_identification:_identify(cstam-pkg/mission_proof/2026) by extension 'python_setup_py'
[0.766s] Level 1:colcon.colcon_core.package_identification:_identify(cstam-pkg/mission_proof/2026/January) by extensions ['ignore', 'ignore_ament_install']
[0.767s] Level 1:colcon.colcon_core.package_identification:_identify(cstam-pkg/mission_proof/2026/January) by extension 'ignore'
[0.767s] Level 1:colcon.colcon_core.package_identification:_identify(cstam-pkg/mission_proof/2026/January) by extension 'ignore_ament_install'
[0.767s] Level 1:colcon.colcon_core.package_identification:_identify(cstam-pkg/mission_proof/2026/January) by extensions ['colcon_pkg']
[0.767s] Level 1:colcon.colcon_core.package_identification:_identify(cstam-pkg/mission_proof/2026/January) by extension 'colcon_pkg'
[0.767s] Level 1:colcon.colcon_core.package_identification:_identify(cstam-pkg/mission_proof/2026/January) by extensions ['colcon_meta']
[0.767s] Level 1:colcon.colcon_core.package_identification:_identify(cstam-pkg/mission_proof/2026/January) by extension 'colcon_meta'
[0.767s] Level 1:colcon.colcon_core.package_identification:_identify(cstam-pkg/mission_proof/2026/January) by extensions ['ros']
[0.767s] Level 1:colcon.colcon_core.package_identification:_identify(cstam-pkg/mission_proof/2026/January) by extension 'ros'
[0.767s] Level 1:colcon.colcon_core.package_identification:_identify(cstam-pkg/mission_proof/2026/January) by extensions ['cmake', 'python']
[0.767s] Level 1:colcon.colcon_core.package_identification:_identify(cstam-pkg/mission_proof/2026/January) by extension 'cmake'
[0.767s] Level 1:colcon.colcon_core.package_identification:_identify(cstam-pkg/mission_proof/2026/January) by extension 'python'
[0.767s] Level 1:colcon.colcon_core.package_identification:_identify(cstam-pkg/mission_proof/2026/January) by extensions ['python_setup_py']
[0.767s] Level 1:colcon.colcon_core.package_identification:_identify(cstam-pkg/mission_proof/2026/January) by extension 'python_setup_py'
[0.767s] Level 1:colcon.colcon_core.package_identification:_identify(cstam-pkg/mission_proof/2026/January/03) by extensions ['ignore', 'ignore_ament_install']
[0.767s] Level 1:colcon.colcon_core.package_identification:_identify(cstam-pkg/mission_proof/2026/January/03) by extension 'ignore'
[0.767s] Level 1:colcon.colcon_core.package_identification:_identify(cstam-pkg/mission_proof/2026/January/03) by extension 'ignore_ament_install'
[0.767s] Level 1:colcon.colcon_core.package_identification:_identify(cstam-pkg/mission_proof/2026/January/03) by extensions ['colcon_pkg']
[0.767s] Level 1:colcon.colcon_core.package_identification:_identify(cstam-pkg/mission_proof/2026/January/03) by extension 'colcon_pkg'
[0.767s] Level 1:colcon.colcon_core.package_identification:_identify(cstam-pkg/mission_proof/2026/January/03) by extensions ['colcon_meta']
[0.767s] Level 1:colcon.colcon_core.package_identification:_identify(cstam-pkg/mission_proof/2026/January/03) by extension 'colcon_meta'
[0.767s] Level 1:colcon.colcon_core.package_identification:_identify(cstam-pkg/mission_proof/2026/January/03) by extensions ['ros']
[0.767s] Level 1:colcon.colcon_core.package_identification:_identify(cstam-pkg/mission_proof/2026/January/03) by extension 'ros'
[0.767s] Level 1:colcon.colcon_core.package_identification:_identify(cstam-pkg/mission_proof/2026/January/03) by extensions ['cmake', 'python']
[0.767s] Level 1:colcon.colcon_core.package_identification:_identify(cstam-pkg/mission_proof/2026/January/03) by extension 'cmake'
[0.767s] Level 1:colcon.colcon_core.package_identification:_identify(cstam-pkg/mission_proof/2026/January/03) by extension 'python'
[0.767s] Level 1:colcon.colcon_core.package_identification:_identify(cstam-pkg/mission_proof/2026/January/03) by extensions ['python_setup_py']
[0.767s] Level 1:colcon.colcon_core.package_identification:_identify(cstam-pkg/mission_proof/2026/January/03) by extension 'python_setup_py'
[0.767s] Level 1:colcon.colcon_core.package_identification:_identify(cstam-pkg/mission_proof/2026/January/03/mission_133510) by extensions ['ignore', 'ignore_ament_install']
[0.767s] Level 1:colcon.colcon_core.package_identification:_identify(cstam-pkg/mission_proof/2026/January/03/mission_133510) by extension 'ignore'
[0.767s] Level 1:colcon.colcon_core.package_identification:_identify(cstam-pkg/mission_proof/2026/January/03/mission_133510) by extension 'ignore_ament_install'
[0.767s] Level 1:colcon.colcon_core.package_identification:_identify(cstam-pkg/mission_proof/2026/January/03/mission_133510) by extensions ['colcon_pkg']
[0.767s] Level 1:colcon.colcon_core.package_identification:_identify(cstam-pkg/mission_proof/2026/January/03/mission_133510) by extension 'colcon_pkg'
[0.767s] Level 1:colcon.colcon_core.package_identification:_identify(cstam-pkg/mission_proof/2026/January/03/mission_133510) by extensions ['colcon_meta']
[0.767s] Level 1:colcon.colcon_core.package_identification:_identify(cstam-pkg/mission_proof/2026/January/03/mission_133510) by extension 'colcon_meta'
[0.768s] Level 1:colcon.colcon_core.package_identification:_identify(cstam-pkg/mission_proof/2026/January/03/mission_133510) by extensions ['ros']
[0.768s] Level 1:colcon.colcon_core.package_identification:_identify(cstam-pkg/mission_proof/2026/January/03/mission_133510) by extension 'ros'
[0.768s] Level 1:colcon.colcon_core.package_identification:_identify(cstam-pkg/mission_proof/2026/January/03/mission_133510) by extensions ['cmake', 'python']
[0.768s] Level 1:colcon.colcon_core.package_identification:_identify(cstam-pkg/mission_proof/2026/January/03/mission_133510) by extension 'cmake'
[0.768s] Level 1:colcon.colcon_core.package_identification:_identify(cstam-pkg/mission_proof/2026/January/03/mission_133510) by extension 'python'
[0.768s] Level 1:colcon.colcon_core.package_identification:_identify(cstam-pkg/mission_proof/2026/January/03/mission_133510) by extensions ['python_setup_py']
[0.768s] Level 1:colcon.colcon_core.package_identification:_identify(cstam-pkg/mission_proof/2026/January/03/mission_133510) by extension 'python_setup_py'
[0.768s] Level 1:colcon.colcon_core.package_identification:_identify(cstam-pkg/mission_proof/2026/January/03/mission_134346) by extensions ['ignore', 'ignore_ament_install']
[0.768s] Level 1:colcon.colcon_core.package_identification:_identify(cstam-pkg/mission_proof/2026/January/03/mission_134346) by extension 'ignore'
[0.768s] Level 1:colcon.colcon_core.package_identification:_identify(cstam-pkg/mission_proof/2026/January/03/mission_134346) by extension 'ignore_ament_install'
[0.768s] Level 1:colcon.colcon_core.package_identification:_identify(cstam-pkg/mission_proof/2026/January/03/mission_134346) by extensions ['colcon_pkg']
[0.768s] Level 1:colcon.colcon_core.package_identification:_identify(cstam-pkg/mission_proof/2026/January/03/mission_134346) by extension 'colcon_pkg'
[0.768s] Level 1:colcon.colcon_core.package_identification:_identify(cstam-pkg/mission_proof/2026/January/03/mission_134346) by extensions ['colcon_meta']
[0.768s] Level 1:colcon.colcon_core.package_identification:_identify(cstam-pkg/mission_proof/2026/January/03/mission_134346) by extension 'colcon_meta'
[0.768s] Level 1:colcon.colcon_core.package_identification:_identify(cstam-pkg/mission_proof/2026/January/03/mission_134346) by extensions ['ros']
[0.768s] Level 1:colcon.colcon_core.package_identification:_identify(cstam-pkg/mission_proof/2026/January/03/mission_134346) by extension 'ros'
[0.768s] Level 1:colcon.colcon_core.package_identification:_identify(cstam-pkg/mission_proof/2026/January/03/mission_134346) by extensions ['cmake', 'python']
[0.768s] Level 1:colcon.colcon_core.package_identification:_identify(cstam-pkg/mission_proof/2026/January/03/mission_134346) by extension 'cmake'
[0.768s] Level 1:colcon.colcon_core.package_identification:_identify(cstam-pkg/mission_proof/2026/January/03/mission_134346) by extension 'python'
[0.768s] Level 1:colcon.colcon_core.package_identification:_identify(cstam-pkg/mission_proof/2026/January/03/mission_134346) by extensions ['python_setup_py']
[0.768s] Level 1:colcon.colcon_core.package_identification:_identify(cstam-pkg/mission_proof/2026/January/03/mission_134346) by extension 'python_setup_py'
[0.768s] Level 1:colcon.colcon_core.package_identification:_identify(cstam-pkg/mission_proof/2026/January/03/mission_135228) by extensions ['ignore', 'ignore_ament_install']
[0.768s] Level 1:colcon.colcon_core.package_identification:_identify(cstam-pkg/mission_proof/2026/January/03/mission_135228) by extension 'ignore'
[0.768s] Level 1:colcon.colcon_core.package_identification:_identify(cstam-pkg/mission_proof/2026/January/03/mission_135228) by extension 'ignore_ament_install'
[0.768s] Level 1:colcon.colcon_core.package_identification:_identify(cstam-pkg/mission_proof/2026/January/03/mission_135228) by extensions ['colcon_pkg']
[0.768s] Level 1:colcon.colcon_core.package_identification:_identify(cstam-pkg/mission_proof/2026/January/03/mission_135228) by extension 'colcon_pkg'
[0.768s] Level 1:colcon.colcon_core.package_identification:_identify(cstam-pkg/mission_proof/2026/January/03/mission_135228) by extensions ['colcon_meta']
[0.768s] Level 1:colcon.colcon_core.package_identification:_identify(cstam-pkg/mission_proof/2026/January/03/mission_135228) by extension 'colcon_meta'
[0.768s] Level 1:colcon.colcon_core.package_identification:_identify(cstam-pkg/mission_proof/2026/January/03/mission_135228) by extensions ['ros']
[0.768s] Level 1:colcon.colcon_core.package_identification:_identify(cstam-pkg/mission_proof/2026/January/03/mission_135228) by extension 'ros'
[0.768s] Level 1:colcon.colcon_core.package_identification:_identify(cstam-pkg/mission_proof/2026/January/03/mission_135228) by extensions ['cmake', 'python']
[0.768s] Level 1:colcon.colcon_core.package_identification:_identify(cstam-pkg/mission_proof/2026/January/03/mission_135228) by extension 'cmake'
[0.768s] Level 1:colcon.colcon_core.package_identification:_identify(cstam-pkg/mission_proof/2026/January/03/mission_135228) by extension 'python'
[0.768s] Level 1:colcon.colcon_core.package_identification:_identify(cstam-pkg/mission_proof/2026/January/03/mission_135228) by extensions ['python_setup_py']
[0.768s] Level 1:colcon.colcon_core.package_identification:_identify(cstam-pkg/mission_proof/2026/January/03/mission_135228) by extension 'python_setup_py'
[0.769s] Level 1:colcon.colcon_core.package_identification:_identify(cstam-pkg/mission_proof/2026/January/03/mission_135919) by extensions ['ignore', 'ignore_ament_install']
[0.769s] Level 1:colcon.colcon_core.package_identification:_identify(cstam-pkg/mission_proof/2026/January/03/mission_135919) by extension 'ignore'
[0.769s] Level 1:colcon.colcon_core.package_identification:_identify(cstam-pkg/mission_proof/2026/January/03/mission_135919) by extension 'ignore_ament_install'
[0.769s] Level 1:colcon.colcon_core.package_identification:_identify(cstam-pkg/mission_proof/2026/January/03/mission_135919) by extensions ['colcon_pkg']
[0.769s] Level 1:colcon.colcon_core.package_identification:_identify(cstam-pkg/mission_proof/2026/January/03/mission_135919) by extension 'colcon_pkg'
[0.769s] Level 1:colcon.colcon_core.package_identification:_identify(cstam-pkg/mission_proof/2026/January/03/mission_135919) by extensions ['colcon_meta']
[0.769s] Level 1:colcon.colcon_core.package_identification:_identify(cstam-pkg/mission_proof/2026/January/03/mission_135919) by extension 'colcon_meta'
[0.769s] Level 1:colcon.colcon_core.package_identification:_identify(cstam-pkg/mission_proof/2026/January/03/mission_135919) by extensions ['ros']
[0.769s] Level 1:colcon.colcon_core.package_identification:_identify(cstam-pkg/mission_proof/2026/January/03/mission_135919) by extension 'ros'
[0.769s] Level 1:colcon.colcon_core.package_identification:_identify(cstam-pkg/mission_proof/2026/January/03/mission_135919) by extensions ['cmake', 'python']
[0.769s] Level 1:colcon.colcon_core.package_identification:_identify(cstam-pkg/mission_proof/2026/January/03/mission_135919) by extension 'cmake'
[0.769s] Level 1:colcon.colcon_core.package_identification:_identify(cstam-pkg/mission_proof/2026/January/03/mission_135919) by extension 'python'
[0.769s] Level 1:colcon.colcon_core.package_identification:_identify(cstam-pkg/mission_proof/2026/January/03/mission_135919) by extensions ['python_setup_py']
[0.769s] Level 1:colcon.colcon_core.package_identification:_identify(cstam-pkg/mission_proof/2026/January/03/mission_135919) by extension 'python_setup_py'
[0.769s] Level 1:colcon.colcon_core.package_identification:_identify(cstam-pkg/mission_proof/2026/January/03/mission_140541) by extensions ['ignore', 'ignore_ament_install']
[0.769s] Level 1:colcon.colcon_core.package_identification:_identify(cstam-pkg/mission_proof/2026/January/03/mission_140541) by extension 'ignore'
[0.769s] Level 1:colcon.colcon_core.package_identification:_identify(cstam-pkg/mission_proof/2026/January/03/mission_140541) by extension 'ignore_ament_install'
[0.769s] Level 1:colcon.colcon_core.package_identification:_identify(cstam-pkg/mission_proof/2026/January/03/mission_140541) by extensions ['colcon_pkg']
[0.769s] Level 1:colcon.colcon_core.package_identification:_identify(cstam-pkg/mission_proof/2026/January/03/mission_140541) by extension 'colcon_pkg'
[0.769s] Level 1:colcon.colcon_core.package_identification:_identify(cstam-pkg/mission_proof/2026/January/03/mission_140541) by extensions ['colcon_meta']
[0.769s] Level 1:colcon.colcon_core.package_identification:_identify(cstam-pkg/mission_proof/2026/January/03/mission_140541) by extension 'colcon_meta'
[0.769s] Level 1:colcon.colcon_core.package_identification:_identify(cstam-pkg/mission_proof/2026/January/03/mission_140541) by extensions ['ros']
[0.769s] Level 1:colcon.colcon_core.package_identification:_identify(cstam-pkg/mission_proof/2026/January/03/mission_140541) by extension 'ros'
[0.769s] Level 1:colcon.colcon_core.package_identification:_identify(cstam-pkg/mission_proof/2026/January/03/mission_140541) by extensions ['cmake', 'python']
[0.769s] Level 1:colcon.colcon_core.package_identification:_identify(cstam-pkg/mission_proof/2026/January/03/mission_140541) by extension 'cmake'
[0.769s] Level 1:colcon.colcon_core.package_identification:_identify(cstam-pkg/mission_proof/2026/January/03/mission_140541) by extension 'python'
[0.769s] Level 1:colcon.colcon_core.package_identification:_identify(cstam-pkg/mission_proof/2026/January/03/mission_140541) by extensions ['python_setup_py']
[0.769s] Level 1:colcon.colcon_core.package_identification:_identify(cstam-pkg/mission_proof/2026/January/03/mission_140541) by extension 'python_setup_py'
[0.769s] Level 1:colcon.colcon_core.package_identification:_identify(cstam-pkg/mission_proof/2026/January/03/mission_141137) by extensions ['ignore', 'ignore_ament_install']
[0.769s] Level 1:colcon.colcon_core.package_identification:_identify(cstam-pkg/mission_proof/2026/January/03/mission_141137) by extension 'ignore'
[0.769s] Level 1:colcon.colcon_core.package_identification:_identify(cstam-pkg/mission_proof/2026/January/03/mission_141137) by extension 'ignore_ament_install'
[0.769s] Level 1:colcon.colcon_core.package_identification:_identify(cstam-pkg/mission_proof/2026/January/03/mission_141137) by extensions ['colcon_pkg']
[0.769s] Level 1:colcon.colcon_core.package_identification:_identify(cstam-pkg/mission_proof/2026/January/03/mission_141137) by extension 'colcon_pkg'
[0.769s] Level 1:colcon.colcon_core.package_identification:_identify(cstam-pkg/mission_proof/2026/January/03/mission_141137) by extensions ['colcon_meta']
[0.769s] Level 1:colcon.colcon_core.package_identification:_identify(cstam-pkg/mission_proof/2026/January/03/mission_141137) by extension 'colcon_meta'
[0.770s] Level 1:colcon.colcon_core.package_identification:_identify(cstam-pkg/mission_proof/2026/January/03/mission_141137) by extensions ['ros']
[0.770s] Level 1:colcon.colcon_core.package_identification:_identify(cstam-pkg/mission_proof/2026/January/03/mission_141137) by extension 'ros'
[0.770s] Level 1:colcon.colcon_core.package_identification:_identify(cstam-pkg/mission_proof/2026/January/03/mission_141137) by extensions ['cmake', 'python']
[0.770s] Level 1:colcon.colcon_core.package_identification:_identify(cstam-pkg/mission_proof/2026/January/03/mission_141137) by extension 'cmake'
[0.770s] Level 1:colcon.colcon_core.package_identification:_identify(cstam-pkg/mission_proof/2026/January/03/mission_141137) by extension 'python'
[0.770s] Level 1:colcon.colcon_core.package_identification:_identify(cstam-pkg/mission_proof/2026/January/03/mission_141137) by extensions ['python_setup_py']
[0.770s] Level 1:colcon.colcon_core.package_identification:_identify(cstam-pkg/mission_proof/2026/January/03/mission_141137) by extension 'python_setup_py'
[0.770s] Level 1:colcon.colcon_core.package_identification:_identify(cstam-pkg/mission_proof/2026/January/03/mission_142939) by extensions ['ignore', 'ignore_ament_install']
[0.770s] Level 1:colcon.colcon_core.package_identification:_identify(cstam-pkg/mission_proof/2026/January/03/mission_142939) by extension 'ignore'
[0.770s] Level 1:colcon.colcon_core.package_identification:_identify(cstam-pkg/mission_proof/2026/January/03/mission_142939) by extension 'ignore_ament_install'
[0.770s] Level 1:colcon.colcon_core.package_identification:_identify(cstam-pkg/mission_proof/2026/January/03/mission_142939) by extensions ['colcon_pkg']
[0.770s] Level 1:colcon.colcon_core.package_identification:_identify(cstam-pkg/mission_proof/2026/January/03/mission_142939) by extension 'colcon_pkg'
[0.770s] Level 1:colcon.colcon_core.package_identification:_identify(cstam-pkg/mission_proof/2026/January/03/mission_142939) by extensions ['colcon_meta']
[0.770s] Level 1:colcon.colcon_core.package_identification:_identify(cstam-pkg/mission_proof/2026/January/03/mission_142939) by extension 'colcon_meta'
[0.770s] Level 1:colcon.colcon_core.package_identification:_identify(cstam-pkg/mission_proof/2026/January/03/mission_142939) by extensions ['ros']
[0.770s] Level 1:colcon.colcon_core.package_identification:_identify(cstam-pkg/mission_proof/2026/January/03/mission_142939) by extension 'ros'
[0.770s] Level 1:colcon.colcon_core.package_identification:_identify(cstam-pkg/mission_proof/2026/January/03/mission_142939) by extensions ['cmake', 'python']
[0.770s] Level 1:colcon.colcon_core.package_identification:_identify(cstam-pkg/mission_proof/2026/January/03/mission_142939) by extension 'cmake'
[0.770s] Level 1:colcon.colcon_core.package_identification:_identify(cstam-pkg/mission_proof/2026/January/03/mission_142939) by extension 'python'
[0.770s] Level 1:colcon.colcon_core.package_identification:_identify(cstam-pkg/mission_proof/2026/January/03/mission_142939) by extensions ['python_setup_py']
[0.770s] Level 1:colcon.colcon_core.package_identification:_identify(cstam-pkg/mission_proof/2026/January/03/mission_142939) by extension 'python_setup_py'
[0.770s] Level 1:colcon.colcon_core.package_identification:_identify(cstam-pkg/mission_proof/2026/January/03/mission_204924) by extensions ['ignore', 'ignore_ament_install']
[0.770s] Level 1:colcon.colcon_core.package_identification:_identify(cstam-pkg/mission_proof/2026/January/03/mission_204924) by extension 'ignore'
[0.770s] Level 1:colcon.colcon_core.package_identification:_identify(cstam-pkg/mission_proof/2026/January/03/mission_204924) by extension 'ignore_ament_install'
[0.770s] Level 1:colcon.colcon_core.package_identification:_identify(cstam-pkg/mission_proof/2026/January/03/mission_204924) by extensions ['colcon_pkg']
[0.770s] Level 1:colcon.colcon_core.package_identification:_identify(cstam-pkg/mission_proof/2026/January/03/mission_204924) by extension 'colcon_pkg'
[0.770s] Level 1:colcon.colcon_core.package_identification:_identify(cstam-pkg/mission_proof/2026/January/03/mission_204924) by extensions ['colcon_meta']
[0.770s] Level 1:colcon.colcon_core.package_identification:_identify(cstam-pkg/mission_proof/2026/January/03/mission_204924) by extension 'colcon_meta'
[0.770s] Level 1:colcon.colcon_core.package_identification:_identify(cstam-pkg/mission_proof/2026/January/03/mission_204924) by extensions ['ros']
[0.770s] Level 1:colcon.colcon_core.package_identification:_identify(cstam-pkg/mission_proof/2026/January/03/mission_204924) by extension 'ros'
[0.770s] Level 1:colcon.colcon_core.package_identification:_identify(cstam-pkg/mission_proof/2026/January/03/mission_204924) by extensions ['cmake', 'python']
[0.770s] Level 1:colcon.colcon_core.package_identification:_identify(cstam-pkg/mission_proof/2026/January/03/mission_204924) by extension 'cmake'
[0.770s] Level 1:colcon.colcon_core.package_identification:_identify(cstam-pkg/mission_proof/2026/January/03/mission_204924) by extension 'python'
[0.770s] Level 1:colcon.colcon_core.package_identification:_identify(cstam-pkg/mission_proof/2026/January/03/mission_204924) by extensions ['python_setup_py']
[0.770s] Level 1:colcon.colcon_core.package_identification:_identify(cstam-pkg/mission_proof/2026/January/03/mission_204924) by extension 'python_setup_py'
[0.770s] Level 1:colcon.colcon_core.package_identification:_identify(cstam-pkg/mission_proof/2026/January/03/mission_210819) by extensions ['ignore', 'ignore_ament_install']
[0.771s] Level 1:colcon.colcon_core.package_identification:_identify(cstam-pkg/mission_proof/2026/January/03/mission_210819) by extension 'ignore'
[0.771s] Level 1:colcon.colcon_core.package_identification:_identify(cstam-pkg/mission_proof/2026/January/03/mission_210819) by extension 'ignore_ament_install'
[0.771s] Level 1:colcon.colcon_core.package_identification:_identify(cstam-pkg/mission_proof/2026/January/03/mission_210819) by extensions ['colcon_pkg']
[0.771s] Level 1:colcon.colcon_core.package_identification:_identify(cstam-pkg/mission_proof/2026/January/03/mission_210819) by extension 'colcon_pkg'
[0.771s] Level 1:colcon.colcon_core.package_identification:_identify(cstam-pkg/mission_proof/2026/January/03/mission_210819) by extensions ['colcon_meta']
[0.771s] Level 1:colcon.colcon_core.package_identification:_identify(cstam-pkg/mission_proof/2026/January/03/mission_210819) by extension 'colcon_meta'
[0.771s] Level 1:colcon.colcon_core.package_identification:_identify(cstam-pkg/mission_proof/2026/January/03/mission_210819) by extensions ['ros']
[0.771s] Level 1:colcon.colcon_core.package_identification:_identify(cstam-pkg/mission_proof/2026/January/03/mission_210819) by extension 'ros'
[0.771s] Level 1:colcon.colcon_core.package_identification:_identify(cstam-pkg/mission_proof/2026/January/03/mission_210819) by extensions ['cmake', 'python']
[0.771s] Level 1:colcon.colcon_core.package_identification:_identify(cstam-pkg/mission_proof/2026/January/03/mission_210819) by extension 'cmake'
[0.771s] Level 1:colcon.colcon_core.package_identification:_identify(cstam-pkg/mission_proof/2026/January/03/mission_210819) by extension 'python'
[0.771s] Level 1:colcon.colcon_core.package_identification:_identify(cstam-pkg/mission_proof/2026/January/03/mission_210819) by extensions ['python_setup_py']
[0.771s] Level 1:colcon.colcon_core.package_identification:_identify(cstam-pkg/mission_proof/2026/January/03/mission_210819) by extension 'python_setup_py'
[0.771s] Level 1:colcon.colcon_core.package_identification:_identify(cstam-pkg/mission_proof/2026/January/03/mission_211128) by extensions ['ignore', 'ignore_ament_install']
[0.771s] Level 1:colcon.colcon_core.package_identification:_identify(cstam-pkg/mission_proof/2026/January/03/mission_211128) by extension 'ignore'
[0.771s] Level 1:colcon.colcon_core.package_identification:_identify(cstam-pkg/mission_proof/2026/January/03/mission_211128) by extension 'ignore_ament_install'
[0.771s] Level 1:colcon.colcon_core.package_identification:_identify(cstam-pkg/mission_proof/2026/January/03/mission_211128) by extensions ['colcon_pkg']
[0.771s] Level 1:colcon.colcon_core.package_identification:_identify(cstam-pkg/mission_proof/2026/January/03/mission_211128) by extension 'colcon_pkg'
[0.771s] Level 1:colcon.colcon_core.package_identification:_identify(cstam-pkg/mission_proof/2026/January/03/mission_211128) by extensions ['colcon_meta']
[0.771s] Level 1:colcon.colcon_core.package_identification:_identify(cstam-pkg/mission_proof/2026/January/03/mission_211128) by extension 'colcon_meta'
[0.771s] Level 1:colcon.colcon_core.package_identification:_identify(cstam-pkg/mission_proof/2026/January/03/mission_211128) by extensions ['ros']
[0.771s] Level 1:colcon.colcon_core.package_identification:_identify(cstam-pkg/mission_proof/2026/January/03/mission_211128) by extension 'ros'
[0.771s] Level 1:colcon.colcon_core.package_identification:_identify(cstam-pkg/mission_proof/2026/January/03/mission_211128) by extensions ['cmake', 'python']
[0.771s] Level 1:colcon.colcon_core.package_identification:_identify(cstam-pkg/mission_proof/2026/January/03/mission_211128) by extension 'cmake'
[0.771s] Level 1:colcon.colcon_core.package_identification:_identify(cstam-pkg/mission_proof/2026/January/03/mission_211128) by extension 'python'
[0.771s] Level 1:colcon.colcon_core.package_identification:_identify(cstam-pkg/mission_proof/2026/January/03/mission_211128) by extensions ['python_setup_py']
[0.771s] Level 1:colcon.colcon_core.package_identification:_identify(cstam-pkg/mission_proof/2026/January/03/mission_211128) by extension 'python_setup_py'
[0.771s] Level 1:colcon.colcon_core.package_identification:_identify(cstam-pkg/mission_proof/2026/January/03/mission_211734) by extensions ['ignore', 'ignore_ament_install']
[0.771s] Level 1:colcon.colcon_core.package_identification:_identify(cstam-pkg/mission_proof/2026/January/03/mission_211734) by extension 'ignore'
[0.771s] Level 1:colcon.colcon_core.package_identification:_identify(cstam-pkg/mission_proof/2026/January/03/mission_211734) by extension 'ignore_ament_install'
[0.771s] Level 1:colcon.colcon_core.package_identification:_identify(cstam-pkg/mission_proof/2026/January/03/mission_211734) by extensions ['colcon_pkg']
[0.771s] Level 1:colcon.colcon_core.package_identification:_identify(cstam-pkg/mission_proof/2026/January/03/mission_211734) by extension 'colcon_pkg'
[0.771s] Level 1:colcon.colcon_core.package_identification:_identify(cstam-pkg/mission_proof/2026/January/03/mission_211734) by extensions ['colcon_meta']
[0.771s] Level 1:colcon.colcon_core.package_identification:_identify(cstam-pkg/mission_proof/2026/January/03/mission_211734) by extension 'colcon_meta'
[0.771s] Level 1:colcon.colcon_core.package_identification:_identify(cstam-pkg/mission_proof/2026/January/03/mission_211734) by extensions ['ros']
[0.771s] Level 1:colcon.colcon_core.package_identification:_identify(cstam-pkg/mission_proof/2026/January/03/mission_211734) by extension 'ros'
[0.772s] Level 1:colcon.colcon_core.package_identification:_identify(cstam-pkg/mission_proof/2026/January/03/mission_211734) by extensions ['cmake', 'python']
[0.772s] Level 1:colcon.colcon_core.package_identification:_identify(cstam-pkg/mission_proof/2026/January/03/mission_211734) by extension 'cmake'
[0.772s] Level 1:colcon.colcon_core.package_identification:_identify(cstam-pkg/mission_proof/2026/January/03/mission_211734) by extension 'python'
[0.772s] Level 1:colcon.colcon_core.package_identification:_identify(cstam-pkg/mission_proof/2026/January/03/mission_211734) by extensions ['python_setup_py']
[0.772s] Level 1:colcon.colcon_core.package_identification:_identify(cstam-pkg/mission_proof/2026/January/03/mission_211734) by extension 'python_setup_py'
[0.772s] Level 1:colcon.colcon_core.package_identification:_identify(cstam-pkg/mission_proof/2026/January/03/mission_213229) by extensions ['ignore', 'ignore_ament_install']
[0.772s] Level 1:colcon.colcon_core.package_identification:_identify(cstam-pkg/mission_proof/2026/January/03/mission_213229) by extension 'ignore'
[0.772s] Level 1:colcon.colcon_core.package_identification:_identify(cstam-pkg/mission_proof/2026/January/03/mission_213229) by extension 'ignore_ament_install'
[0.772s] Level 1:colcon.colcon_core.package_identification:_identify(cstam-pkg/mission_proof/2026/January/03/mission_213229) by extensions ['colcon_pkg']
[0.772s] Level 1:colcon.colcon_core.package_identification:_identify(cstam-pkg/mission_proof/2026/January/03/mission_213229) by extension 'colcon_pkg'
[0.772s] Level 1:colcon.colcon_core.package_identification:_identify(cstam-pkg/mission_proof/2026/January/03/mission_213229) by extensions ['colcon_meta']
[0.772s] Level 1:colcon.colcon_core.package_identification:_identify(cstam-pkg/mission_proof/2026/January/03/mission_213229) by extension 'colcon_meta'
[0.772s] Level 1:colcon.colcon_core.package_identification:_identify(cstam-pkg/mission_proof/2026/January/03/mission_213229) by extensions ['ros']
[0.772s] Level 1:colcon.colcon_core.package_identification:_identify(cstam-pkg/mission_proof/2026/January/03/mission_213229) by extension 'ros'
[0.772s] Level 1:colcon.colcon_core.package_identification:_identify(cstam-pkg/mission_proof/2026/January/03/mission_213229) by extensions ['cmake', 'python']
[0.772s] Level 1:colcon.colcon_core.package_identification:_identify(cstam-pkg/mission_proof/2026/January/03/mission_213229) by extension 'cmake'
[0.772s] Level 1:colcon.colcon_core.package_identification:_identify(cstam-pkg/mission_proof/2026/January/03/mission_213229) by extension 'python'
[0.772s] Level 1:colcon.colcon_core.package_identification:_identify(cstam-pkg/mission_proof/2026/January/03/mission_213229) by extensions ['python_setup_py']
[0.772s] Level 1:colcon.colcon_core.package_identification:_identify(cstam-pkg/mission_proof/2026/January/03/mission_213229) by extension 'python_setup_py'
[0.772s] Level 1:colcon.colcon_core.package_identification:_identify(cstam-pkg/mission_proof/2026/January/03/mission_213358) by extensions ['ignore', 'ignore_ament_install']
[0.772s] Level 1:colcon.colcon_core.package_identification:_identify(cstam-pkg/mission_proof/2026/January/03/mission_213358) by extension 'ignore'
[0.772s] Level 1:colcon.colcon_core.package_identification:_identify(cstam-pkg/mission_proof/2026/January/03/mission_213358) by extension 'ignore_ament_install'
[0.772s] Level 1:colcon.colcon_core.package_identification:_identify(cstam-pkg/mission_proof/2026/January/03/mission_213358) by extensions ['colcon_pkg']
[0.772s] Level 1:colcon.colcon_core.package_identification:_identify(cstam-pkg/mission_proof/2026/January/03/mission_213358) by extension 'colcon_pkg'
[0.772s] Level 1:colcon.colcon_core.package_identification:_identify(cstam-pkg/mission_proof/2026/January/03/mission_213358) by extensions ['colcon_meta']
[0.772s] Level 1:colcon.colcon_core.package_identification:_identify(cstam-pkg/mission_proof/2026/January/03/mission_213358) by extension 'colcon_meta'
[0.772s] Level 1:colcon.colcon_core.package_identification:_identify(cstam-pkg/mission_proof/2026/January/03/mission_213358) by extensions ['ros']
[0.772s] Level 1:colcon.colcon_core.package_identification:_identify(cstam-pkg/mission_proof/2026/January/03/mission_213358) by extension 'ros'
[0.772s] Level 1:colcon.colcon_core.package_identification:_identify(cstam-pkg/mission_proof/2026/January/03/mission_213358) by extensions ['cmake', 'python']
[0.772s] Level 1:colcon.colcon_core.package_identification:_identify(cstam-pkg/mission_proof/2026/January/03/mission_213358) by extension 'cmake'
[0.773s] Level 1:colcon.colcon_core.package_identification:_identify(cstam-pkg/mission_proof/2026/January/03/mission_213358) by extension 'python'
[0.773s] Level 1:colcon.colcon_core.package_identification:_identify(cstam-pkg/mission_proof/2026/January/03/mission_213358) by extensions ['python_setup_py']
[0.773s] Level 1:colcon.colcon_core.package_identification:_identify(cstam-pkg/mission_proof/2026/January/03/mission_213358) by extension 'python_setup_py'
[0.773s] Level 1:colcon.colcon_core.package_identification:_identify(cstam-pkg/mission_proof/2026/January/03/mission_214400) by extensions ['ignore', 'ignore_ament_install']
[0.773s] Level 1:colcon.colcon_core.package_identification:_identify(cstam-pkg/mission_proof/2026/January/03/mission_214400) by extension 'ignore'
[0.773s] Level 1:colcon.colcon_core.package_identification:_identify(cstam-pkg/mission_proof/2026/January/03/mission_214400) by extension 'ignore_ament_install'
[0.773s] Level 1:colcon.colcon_core.package_identification:_identify(cstam-pkg/mission_proof/2026/January/03/mission_214400) by extensions ['colcon_pkg']
[0.773s] Level 1:colcon.colcon_core.package_identification:_identify(cstam-pkg/mission_proof/2026/January/03/mission_214400) by extension 'colcon_pkg'
[0.773s] Level 1:colcon.colcon_core.package_identification:_identify(cstam-pkg/mission_proof/2026/January/03/mission_214400) by extensions ['colcon_meta']
[0.773s] Level 1:colcon.colcon_core.package_identification:_identify(cstam-pkg/mission_proof/2026/January/03/mission_214400) by extension 'colcon_meta'
[0.773s] Level 1:colcon.colcon_core.package_identification:_identify(cstam-pkg/mission_proof/2026/January/03/mission_214400) by extensions ['ros']
[0.773s] Level 1:colcon.colcon_core.package_identification:_identify(cstam-pkg/mission_proof/2026/January/03/mission_214400) by extension 'ros'
[0.773s] Level 1:colcon.colcon_core.package_identification:_identify(cstam-pkg/mission_proof/2026/January/03/mission_214400) by extensions ['cmake', 'python']
[0.773s] Level 1:colcon.colcon_core.package_identification:_identify(cstam-pkg/mission_proof/2026/January/03/mission_214400) by extension 'cmake'
[0.773s] Level 1:colcon.colcon_core.package_identification:_identify(cstam-pkg/mission_proof/2026/January/03/mission_214400) by extension 'python'
[0.773s] Level 1:colcon.colcon_core.package_identification:_identify(cstam-pkg/mission_proof/2026/January/03/mission_214400) by extensions ['python_setup_py']
[0.773s] Level 1:colcon.colcon_core.package_identification:_identify(cstam-pkg/mission_proof/2026/January/03/mission_214400) by extension 'python_setup_py'
[0.773s] Level 1:colcon.colcon_core.package_identification:_identify(cstam-pkg/mission_proof/2026/January/03/mission_214809) by extensions ['ignore', 'ignore_ament_install']
[0.773s] Level 1:colcon.colcon_core.package_identification:_identify(cstam-pkg/mission_proof/2026/January/03/mission_214809) by extension 'ignore'
[0.773s] Level 1:colcon.colcon_core.package_identification:_identify(cstam-pkg/mission_proof/2026/January/03/mission_214809) by extension 'ignore_ament_install'
[0.773s] Level 1:colcon.colcon_core.package_identification:_identify(cstam-pkg/mission_proof/2026/January/03/mission_214809) by extensions ['colcon_pkg']
[0.773s] Level 1:colcon.colcon_core.package_identification:_identify(cstam-pkg/mission_proof/2026/January/03/mission_214809) by extension 'colcon_pkg'
[0.773s] Level 1:colcon.colcon_core.package_identification:_identify(cstam-pkg/mission_proof/2026/January/03/mission_214809) by extensions ['colcon_meta']
[0.773s] Level 1:colcon.colcon_core.package_identification:_identify(cstam-pkg/mission_proof/2026/January/03/mission_214809) by extension 'colcon_meta'
[0.773s] Level 1:colcon.colcon_core.package_identification:_identify(cstam-pkg/mission_proof/2026/January/03/mission_214809) by extensions ['ros']
[0.773s] Level 1:colcon.colcon_core.package_identification:_identify(cstam-pkg/mission_proof/2026/January/03/mission_214809) by extension 'ros'
[0.773s] Level 1:colcon.colcon_core.package_identification:_identify(cstam-pkg/mission_proof/2026/January/03/mission_214809) by extensions ['cmake', 'python']
[0.773s] Level 1:colcon.colcon_core.package_identification:_identify(cstam-pkg/mission_proof/2026/January/03/mission_214809) by extension 'cmake'
[0.773s] Level 1:colcon.colcon_core.package_identification:_identify(cstam-pkg/mission_proof/2026/January/03/mission_214809) by extension 'python'
[0.773s] Level 1:colcon.colcon_core.package_identification:_identify(cstam-pkg/mission_proof/2026/January/03/mission_214809) by extensions ['python_setup_py']
[0.773s] Level 1:colcon.colcon_core.package_identification:_identify(cstam-pkg/mission_proof/2026/January/03/mission_214809) by extension 'python_setup_py'
[0.773s] Level 1:colcon.colcon_core.package_identification:_identify(cstam-pkg/mission_proof/2026/January/03/mission_215952) by extensions ['ignore', 'ignore_ament_install']
[0.773s] Level 1:colcon.colcon_core.package_identification:_identify(cstam-pkg/mission_proof/2026/January/03/mission_215952) by extension 'ignore'
[0.773s] Level 1:colcon.colcon_core.package_identification:_identify(cstam-pkg/mission_proof/2026/January/03/mission_215952) by extension 'ignore_ament_install'
[0.773s] Level 1:colcon.colcon_core.package_identification:_identify(cstam-pkg/mission_proof/2026/January/03/mission_215952) by extensions ['colcon_pkg']
[0.774s] Level 1:colcon.colcon_core.package_identification:_identify(cstam-pkg/mission_proof/2026/January/03/mission_215952) by extension 'colcon_pkg'
[0.774s] Level 1:colcon.colcon_core.package_identification:_identify(cstam-pkg/mission_proof/2026/January/03/mission_215952) by extensions ['colcon_meta']
[0.774s] Level 1:colcon.colcon_core.package_identification:_identify(cstam-pkg/mission_proof/2026/January/03/mission_215952) by extension 'colcon_meta'
[0.774s] Level 1:colcon.colcon_core.package_identification:_identify(cstam-pkg/mission_proof/2026/January/03/mission_215952) by extensions ['ros']
[0.774s] Level 1:colcon.colcon_core.package_identification:_identify(cstam-pkg/mission_proof/2026/January/03/mission_215952) by extension 'ros'
[0.774s] Level 1:colcon.colcon_core.package_identification:_identify(cstam-pkg/mission_proof/2026/January/03/mission_215952) by extensions ['cmake', 'python']
[0.774s] Level 1:colcon.colcon_core.package_identification:_identify(cstam-pkg/mission_proof/2026/January/03/mission_215952) by extension 'cmake'
[0.774s] Level 1:colcon.colcon_core.package_identification:_identify(cstam-pkg/mission_proof/2026/January/03/mission_215952) by extension 'python'
[0.774s] Level 1:colcon.colcon_core.package_identification:_identify(cstam-pkg/mission_proof/2026/January/03/mission_215952) by extensions ['python_setup_py']
[0.774s] Level 1:colcon.colcon_core.package_identification:_identify(cstam-pkg/mission_proof/2026/January/03/mission_215952) by extension 'python_setup_py'
[0.774s] Level 1:colcon.colcon_core.package_identification:_identify(cstam-pkg/mission_proof/2026/January/03/mission_220755) by extensions ['ignore', 'ignore_ament_install']
[0.774s] Level 1:colcon.colcon_core.package_identification:_identify(cstam-pkg/mission_proof/2026/January/03/mission_220755) by extension 'ignore'
[0.774s] Level 1:colcon.colcon_core.package_identification:_identify(cstam-pkg/mission_proof/2026/January/03/mission_220755) by extension 'ignore_ament_install'
[0.774s] Level 1:colcon.colcon_core.package_identification:_identify(cstam-pkg/mission_proof/2026/January/03/mission_220755) by extensions ['colcon_pkg']
[0.774s] Level 1:colcon.colcon_core.package_identification:_identify(cstam-pkg/mission_proof/2026/January/03/mission_220755) by extension 'colcon_pkg'
[0.774s] Level 1:colcon.colcon_core.package_identification:_identify(cstam-pkg/mission_proof/2026/January/03/mission_220755) by extensions ['colcon_meta']
[0.774s] Level 1:colcon.colcon_core.package_identification:_identify(cstam-pkg/mission_proof/2026/January/03/mission_220755) by extension 'colcon_meta'
[0.774s] Level 1:colcon.colcon_core.package_identification:_identify(cstam-pkg/mission_proof/2026/January/03/mission_220755) by extensions ['ros']
[0.774s] Level 1:colcon.colcon_core.package_identification:_identify(cstam-pkg/mission_proof/2026/January/03/mission_220755) by extension 'ros'
[0.774s] Level 1:colcon.colcon_core.package_identification:_identify(cstam-pkg/mission_proof/2026/January/03/mission_220755) by extensions ['cmake', 'python']
[0.774s] Level 1:colcon.colcon_core.package_identification:_identify(cstam-pkg/mission_proof/2026/January/03/mission_220755) by extension 'cmake'
[0.774s] Level 1:colcon.colcon_core.package_identification:_identify(cstam-pkg/mission_proof/2026/January/03/mission_220755) by extension 'python'
[0.774s] Level 1:colcon.colcon_core.package_identification:_identify(cstam-pkg/mission_proof/2026/January/03/mission_220755) by extensions ['python_setup_py']
[0.774s] Level 1:colcon.colcon_core.package_identification:_identify(cstam-pkg/mission_proof/2026/January/03/mission_220755) by extension 'python_setup_py'
[0.774s] Level 1:colcon.colcon_core.package_identification:_identify(cstam-pkg/mission_proof/2026/January/03/mission_221624) by extensions ['ignore', 'ignore_ament_install']
[0.774s] Level 1:colcon.colcon_core.package_identification:_identify(cstam-pkg/mission_proof/2026/January/03/mission_221624) by extension 'ignore'
[0.774s] Level 1:colcon.colcon_core.package_identification:_identify(cstam-pkg/mission_proof/2026/January/03/mission_221624) by extension 'ignore_ament_install'
[0.774s] Level 1:colcon.colcon_core.package_identification:_identify(cstam-pkg/mission_proof/2026/January/03/mission_221624) by extensions ['colcon_pkg']
[0.774s] Level 1:colcon.colcon_core.package_identification:_identify(cstam-pkg/mission_proof/2026/January/03/mission_221624) by extension 'colcon_pkg'
[0.774s] Level 1:colcon.colcon_core.package_identification:_identify(cstam-pkg/mission_proof/2026/January/03/mission_221624) by extensions ['colcon_meta']
[0.774s] Level 1:colcon.colcon_core.package_identification:_identify(cstam-pkg/mission_proof/2026/January/03/mission_221624) by extension 'colcon_meta'
[0.774s] Level 1:colcon.colcon_core.package_identification:_identify(cstam-pkg/mission_proof/2026/January/03/mission_221624) by extensions ['ros']
[0.774s] Level 1:colcon.colcon_core.package_identification:_identify(cstam-pkg/mission_proof/2026/January/03/mission_221624) by extension 'ros'
[0.774s] Level 1:colcon.colcon_core.package_identification:_identify(cstam-pkg/mission_proof/2026/January/03/mission_221624) by extensions ['cmake', 'python']
[0.774s] Level 1:colcon.colcon_core.package_identification:_identify(cstam-pkg/mission_proof/2026/January/03/mission_221624) by extension 'cmake'
[0.774s] Level 1:colcon.colcon_core.package_identification:_identify(cstam-pkg/mission_proof/2026/January/03/mission_221624) by extension 'python'
[0.774s] Level 1:colcon.colcon_core.package_identification:_identify(cstam-pkg/mission_proof/2026/January/03/mission_221624) by extensions ['python_setup_py']
[0.774s] Level 1:colcon.colcon_core.package_identification:_identify(cstam-pkg/mission_proof/2026/January/03/mission_221624) by extension 'python_setup_py'
[0.775s] Level 1:colcon.colcon_core.package_identification:_identify(cstam-pkg/mission_proof/2026/January/03/mission_221802) by extensions ['ignore', 'ignore_ament_install']
[0.775s] Level 1:colcon.colcon_core.package_identification:_identify(cstam-pkg/mission_proof/2026/January/03/mission_221802) by extension 'ignore'
[0.775s] Level 1:colcon.colcon_core.package_identification:_identify(cstam-pkg/mission_proof/2026/January/03/mission_221802) by extension 'ignore_ament_install'
[0.775s] Level 1:colcon.colcon_core.package_identification:_identify(cstam-pkg/mission_proof/2026/January/03/mission_221802) by extensions ['colcon_pkg']
[0.775s] Level 1:colcon.colcon_core.package_identification:_identify(cstam-pkg/mission_proof/2026/January/03/mission_221802) by extension 'colcon_pkg'
[0.775s] Level 1:colcon.colcon_core.package_identification:_identify(cstam-pkg/mission_proof/2026/January/03/mission_221802) by extensions ['colcon_meta']
[0.775s] Level 1:colcon.colcon_core.package_identification:_identify(cstam-pkg/mission_proof/2026/January/03/mission_221802) by extension 'colcon_meta'
[0.775s] Level 1:colcon.colcon_core.package_identification:_identify(cstam-pkg/mission_proof/2026/January/03/mission_221802) by extensions ['ros']
[0.775s] Level 1:colcon.colcon_core.package_identification:_identify(cstam-pkg/mission_proof/2026/January/03/mission_221802) by extension 'ros'
[0.775s] Level 1:colcon.colcon_core.package_identification:_identify(cstam-pkg/mission_proof/2026/January/03/mission_221802) by extensions ['cmake', 'python']
[0.775s] Level 1:colcon.colcon_core.package_identification:_identify(cstam-pkg/mission_proof/2026/January/03/mission_221802) by extension 'cmake'
[0.775s] Level 1:colcon.colcon_core.package_identification:_identify(cstam-pkg/mission_proof/2026/January/03/mission_221802) by extension 'python'
[0.775s] Level 1:colcon.colcon_core.package_identification:_identify(cstam-pkg/mission_proof/2026/January/03/mission_221802) by extensions ['python_setup_py']
[0.775s] Level 1:colcon.colcon_core.package_identification:_identify(cstam-pkg/mission_proof/2026/January/03/mission_221802) by extension 'python_setup_py'
[0.775s] Level 1:colcon.colcon_core.package_identification:_identify(cstam-pkg/mission_proof/2026/January/03/mission_222144) by extensions ['ignore', 'ignore_ament_install']
[0.775s] Level 1:colcon.colcon_core.package_identification:_identify(cstam-pkg/mission_proof/2026/January/03/mission_222144) by extension 'ignore'
[0.775s] Level 1:colcon.colcon_core.package_identification:_identify(cstam-pkg/mission_proof/2026/January/03/mission_222144) by extension 'ignore_ament_install'
[0.775s] Level 1:colcon.colcon_core.package_identification:_identify(cstam-pkg/mission_proof/2026/January/03/mission_222144) by extensions ['colcon_pkg']
[0.775s] Level 1:colcon.colcon_core.package_identification:_identify(cstam-pkg/mission_proof/2026/January/03/mission_222144) by extension 'colcon_pkg'
[0.775s] Level 1:colcon.colcon_core.package_identification:_identify(cstam-pkg/mission_proof/2026/January/03/mission_222144) by extensions ['colcon_meta']
[0.775s] Level 1:colcon.colcon_core.package_identification:_identify(cstam-pkg/mission_proof/2026/January/03/mission_222144) by extension 'colcon_meta'
[0.775s] Level 1:colcon.colcon_core.package_identification:_identify(cstam-pkg/mission_proof/2026/January/03/mission_222144) by extensions ['ros']
[0.775s] Level 1:colcon.colcon_core.package_identification:_identify(cstam-pkg/mission_proof/2026/January/03/mission_222144) by extension 'ros'
[0.775s] Level 1:colcon.colcon_core.package_identification:_identify(cstam-pkg/mission_proof/2026/January/03/mission_222144) by extensions ['cmake', 'python']
[0.775s] Level 1:colcon.colcon_core.package_identification:_identify(cstam-pkg/mission_proof/2026/January/03/mission_222144) by extension 'cmake'
[0.775s] Level 1:colcon.colcon_core.package_identification:_identify(cstam-pkg/mission_proof/2026/January/03/mission_222144) by extension 'python'
[0.775s] Level 1:colcon.colcon_core.package_identification:_identify(cstam-pkg/mission_proof/2026/January/03/mission_222144) by extensions ['python_setup_py']
[0.775s] Level 1:colcon.colcon_core.package_identification:_identify(cstam-pkg/mission_proof/2026/January/03/mission_222144) by extension 'python_setup_py'
[0.775s] Level 1:colcon.colcon_core.package_identification:_identify(cstam-pkg/mission_proof/2026/January/05) by extensions ['ignore', 'ignore_ament_install']
[0.775s] Level 1:colcon.colcon_core.package_identification:_identify(cstam-pkg/mission_proof/2026/January/05) by extension 'ignore'
[0.775s] Level 1:colcon.colcon_core.package_identification:_identify(cstam-pkg/mission_proof/2026/January/05) by extension 'ignore_ament_install'
[0.775s] Level 1:colcon.colcon_core.package_identification:_identify(cstam-pkg/mission_proof/2026/January/05) by extensions ['colcon_pkg']
[0.775s] Level 1:colcon.colcon_core.package_identification:_identify(cstam-pkg/mission_proof/2026/January/05) by extension 'colcon_pkg'
[0.775s] Level 1:colcon.colcon_core.package_identification:_identify(cstam-pkg/mission_proof/2026/January/05) by extensions ['colcon_meta']
[0.775s] Level 1:colcon.colcon_core.package_identification:_identify(cstam-pkg/mission_proof/2026/January/05) by extension 'colcon_meta'
[0.776s] Level 1:colcon.colcon_core.package_identification:_identify(cstam-pkg/mission_proof/2026/January/05) by extensions ['ros']
[0.776s] Level 1:colcon.colcon_core.package_identification:_identify(cstam-pkg/mission_proof/2026/January/05) by extension 'ros'
[0.776s] Level 1:colcon.colcon_core.package_identification:_identify(cstam-pkg/mission_proof/2026/January/05) by extensions ['cmake', 'python']
[0.776s] Level 1:colcon.colcon_core.package_identification:_identify(cstam-pkg/mission_proof/2026/January/05) by extension 'cmake'
[0.776s] Level 1:colcon.colcon_core.package_identification:_identify(cstam-pkg/mission_proof/2026/January/05) by extension 'python'
[0.776s] Level 1:colcon.colcon_core.package_identification:_identify(cstam-pkg/mission_proof/2026/January/05) by extensions ['python_setup_py']
[0.776s] Level 1:colcon.colcon_core.package_identification:_identify(cstam-pkg/mission_proof/2026/January/05) by extension 'python_setup_py'
[0.776s] Level 1:colcon.colcon_core.package_identification:_identify(cstam-pkg/mission_proof/2026/January/05/mission_183249) by extensions ['ignore', 'ignore_ament_install']
[0.776s] Level 1:colcon.colcon_core.package_identification:_identify(cstam-pkg/mission_proof/2026/January/05/mission_183249) by extension 'ignore'
[0.776s] Level 1:colcon.colcon_core.package_identification:_identify(cstam-pkg/mission_proof/2026/January/05/mission_183249) by extension 'ignore_ament_install'
[0.776s] Level 1:colcon.colcon_core.package_identification:_identify(cstam-pkg/mission_proof/2026/January/05/mission_183249) by extensions ['colcon_pkg']
[0.776s] Level 1:colcon.colcon_core.package_identification:_identify(cstam-pkg/mission_proof/2026/January/05/mission_183249) by extension 'colcon_pkg'
[0.776s] Level 1:colcon.colcon_core.package_identification:_identify(cstam-pkg/mission_proof/2026/January/05/mission_183249) by extensions ['colcon_meta']
[0.776s] Level 1:colcon.colcon_core.package_identification:_identify(cstam-pkg/mission_proof/2026/January/05/mission_183249) by extension 'colcon_meta'
[0.776s] Level 1:colcon.colcon_core.package_identification:_identify(cstam-pkg/mission_proof/2026/January/05/mission_183249) by extensions ['ros']
[0.776s] Level 1:colcon.colcon_core.package_identification:_identify(cstam-pkg/mission_proof/2026/January/05/mission_183249) by extension 'ros'
[0.776s] Level 1:colcon.colcon_core.package_identification:_identify(cstam-pkg/mission_proof/2026/January/05/mission_183249) by extensions ['cmake', 'python']
[0.776s] Level 1:colcon.colcon_core.package_identification:_identify(cstam-pkg/mission_proof/2026/January/05/mission_183249) by extension 'cmake'
[0.776s] Level 1:colcon.colcon_core.package_identification:_identify(cstam-pkg/mission_proof/2026/January/05/mission_183249) by extension 'python'
[0.776s] Level 1:colcon.colcon_core.package_identification:_identify(cstam-pkg/mission_proof/2026/January/05/mission_183249) by extensions ['python_setup_py']
[0.776s] Level 1:colcon.colcon_core.package_identification:_identify(cstam-pkg/mission_proof/2026/January/05/mission_183249) by extension 'python_setup_py'
[0.776s] Level 1:colcon.colcon_core.package_identification:_identify(cstam-pkg/mission_proof/2026/January/05/mission_191618) by extensions ['ignore', 'ignore_ament_install']
[0.776s] Level 1:colcon.colcon_core.package_identification:_identify(cstam-pkg/mission_proof/2026/January/05/mission_191618) by extension 'ignore'
[0.776s] Level 1:colcon.colcon_core.package_identification:_identify(cstam-pkg/mission_proof/2026/January/05/mission_191618) by extension 'ignore_ament_install'
[0.776s] Level 1:colcon.colcon_core.package_identification:_identify(cstam-pkg/mission_proof/2026/January/05/mission_191618) by extensions ['colcon_pkg']
[0.776s] Level 1:colcon.colcon_core.package_identification:_identify(cstam-pkg/mission_proof/2026/January/05/mission_191618) by extension 'colcon_pkg'
[0.776s] Level 1:colcon.colcon_core.package_identification:_identify(cstam-pkg/mission_proof/2026/January/05/mission_191618) by extensions ['colcon_meta']
[0.776s] Level 1:colcon.colcon_core.package_identification:_identify(cstam-pkg/mission_proof/2026/January/05/mission_191618) by extension 'colcon_meta'
[0.776s] Level 1:colcon.colcon_core.package_identification:_identify(cstam-pkg/mission_proof/2026/January/05/mission_191618) by extensions ['ros']
[0.776s] Level 1:colcon.colcon_core.package_identification:_identify(cstam-pkg/mission_proof/2026/January/05/mission_191618) by extension 'ros'
[0.776s] Level 1:colcon.colcon_core.package_identification:_identify(cstam-pkg/mission_proof/2026/January/05/mission_191618) by extensions ['cmake', 'python']
[0.776s] Level 1:colcon.colcon_core.package_identification:_identify(cstam-pkg/mission_proof/2026/January/05/mission_191618) by extension 'cmake'
[0.776s] Level 1:colcon.colcon_core.package_identification:_identify(cstam-pkg/mission_proof/2026/January/05/mission_191618) by extension 'python'
[0.776s] Level 1:colcon.colcon_core.package_identification:_identify(cstam-pkg/mission_proof/2026/January/05/mission_191618) by extensions ['python_setup_py']
[0.776s] Level 1:colcon.colcon_core.package_identification:_identify(cstam-pkg/mission_proof/2026/January/05/mission_191618) by extension 'python_setup_py'
[0.776s] Level 1:colcon.colcon_core.package_identification:_identify(cstam-pkg/mission_proof/2026/January/05/mission_192131) by extensions ['ignore', 'ignore_ament_install']
[0.777s] Level 1:colcon.colcon_core.package_identification:_identify(cstam-pkg/mission_proof/2026/January/05/mission_192131) by extension 'ignore'
[0.777s] Level 1:colcon.colcon_core.package_identification:_identify(cstam-pkg/mission_proof/2026/January/05/mission_192131) by extension 'ignore_ament_install'
[0.777s] Level 1:colcon.colcon_core.package_identification:_identify(cstam-pkg/mission_proof/2026/January/05/mission_192131) by extensions ['colcon_pkg']
[0.777s] Level 1:colcon.colcon_core.package_identification:_identify(cstam-pkg/mission_proof/2026/January/05/mission_192131) by extension 'colcon_pkg'
[0.777s] Level 1:colcon.colcon_core.package_identification:_identify(cstam-pkg/mission_proof/2026/January/05/mission_192131) by extensions ['colcon_meta']
[0.777s] Level 1:colcon.colcon_core.package_identification:_identify(cstam-pkg/mission_proof/2026/January/05/mission_192131) by extension 'colcon_meta'
[0.777s] Level 1:colcon.colcon_core.package_identification:_identify(cstam-pkg/mission_proof/2026/January/05/mission_192131) by extensions ['ros']
[0.777s] Level 1:colcon.colcon_core.package_identification:_identify(cstam-pkg/mission_proof/2026/January/05/mission_192131) by extension 'ros'
[0.777s] Level 1:colcon.colcon_core.package_identification:_identify(cstam-pkg/mission_proof/2026/January/05/mission_192131) by extensions ['cmake', 'python']
[0.777s] Level 1:colcon.colcon_core.package_identification:_identify(cstam-pkg/mission_proof/2026/January/05/mission_192131) by extension 'cmake'
[0.777s] Level 1:colcon.colcon_core.package_identification:_identify(cstam-pkg/mission_proof/2026/January/05/mission_192131) by extension 'python'
[0.777s] Level 1:colcon.colcon_core.package_identification:_identify(cstam-pkg/mission_proof/2026/January/05/mission_192131) by extensions ['python_setup_py']
[0.777s] Level 1:colcon.colcon_core.package_identification:_identify(cstam-pkg/mission_proof/2026/January/05/mission_192131) by extension 'python_setup_py'
[0.777s] Level 1:colcon.colcon_core.package_identification:_identify(cstam-pkg/mission_proof/2026/January/05/mission_192629) by extensions ['ignore', 'ignore_ament_install']
[0.777s] Level 1:colcon.colcon_core.package_identification:_identify(cstam-pkg/mission_proof/2026/January/05/mission_192629) by extension 'ignore'
[0.777s] Level 1:colcon.colcon_core.package_identification:_identify(cstam-pkg/mission_proof/2026/January/05/mission_192629) by extension 'ignore_ament_install'
[0.777s] Level 1:colcon.colcon_core.package_identification:_identify(cstam-pkg/mission_proof/2026/January/05/mission_192629) by extensions ['colcon_pkg']
[0.777s] Level 1:colcon.colcon_core.package_identification:_identify(cstam-pkg/mission_proof/2026/January/05/mission_192629) by extension 'colcon_pkg'
[0.777s] Level 1:colcon.colcon_core.package_identification:_identify(cstam-pkg/mission_proof/2026/January/05/mission_192629) by extensions ['colcon_meta']
[0.777s] Level 1:colcon.colcon_core.package_identification:_identify(cstam-pkg/mission_proof/2026/January/05/mission_192629) by extension 'colcon_meta'
[0.777s] Level 1:colcon.colcon_core.package_identification:_identify(cstam-pkg/mission_proof/2026/January/05/mission_192629) by extensions ['ros']
[0.777s] Level 1:colcon.colcon_core.package_identification:_identify(cstam-pkg/mission_proof/2026/January/05/mission_192629) by extension 'ros'
[0.777s] Level 1:colcon.colcon_core.package_identification:_identify(cstam-pkg/mission_proof/2026/January/05/mission_192629) by extensions ['cmake', 'python']
[0.777s] Level 1:colcon.colcon_core.package_identification:_identify(cstam-pkg/mission_proof/2026/January/05/mission_192629) by extension 'cmake'
[0.777s] Level 1:colcon.colcon_core.package_identification:_identify(cstam-pkg/mission_proof/2026/January/05/mission_192629) by extension 'python'
[0.777s] Level 1:colcon.colcon_core.package_identification:_identify(cstam-pkg/mission_proof/2026/January/05/mission_192629) by extensions ['python_setup_py']
[0.777s] Level 1:colcon.colcon_core.package_identification:_identify(cstam-pkg/mission_proof/2026/January/05/mission_192629) by extension 'python_setup_py'
[0.777s] Level 1:colcon.colcon_core.package_identification:_identify(cstam-pkg/mission_proof/2026/January/08) by extensions ['ignore', 'ignore_ament_install']
[0.777s] Level 1:colcon.colcon_core.package_identification:_identify(cstam-pkg/mission_proof/2026/January/08) by extension 'ignore'
[0.777s] Level 1:colcon.colcon_core.package_identification:_identify(cstam-pkg/mission_proof/2026/January/08) by extension 'ignore_ament_install'
[0.777s] Level 1:colcon.colcon_core.package_identification:_identify(cstam-pkg/mission_proof/2026/January/08) by extensions ['colcon_pkg']
[0.777s] Level 1:colcon.colcon_core.package_identification:_identify(cstam-pkg/mission_proof/2026/January/08) by extension 'colcon_pkg'
[0.777s] Level 1:colcon.colcon_core.package_identification:_identify(cstam-pkg/mission_proof/2026/January/08) by extensions ['colcon_meta']
[0.777s] Level 1:colcon.colcon_core.package_identification:_identify(cstam-pkg/mission_proof/2026/January/08) by extension 'colcon_meta'
[0.777s] Level 1:colcon.colcon_core.package_identification:_identify(cstam-pkg/mission_proof/2026/January/08) by extensions ['ros']
[0.777s] Level 1:colcon.colcon_core.package_identification:_identify(cstam-pkg/mission_proof/2026/January/08) by extension 'ros'
[0.778s] Level 1:colcon.colcon_core.package_identification:_identify(cstam-pkg/mission_proof/2026/January/08) by extensions ['cmake', 'python']
[0.778s] Level 1:colcon.colcon_core.package_identification:_identify(cstam-pkg/mission_proof/2026/January/08) by extension 'cmake'
[0.778s] Level 1:colcon.colcon_core.package_identification:_identify(cstam-pkg/mission_proof/2026/January/08) by extension 'python'
[0.778s] Level 1:colcon.colcon_core.package_identification:_identify(cstam-pkg/mission_proof/2026/January/08) by extensions ['python_setup_py']
[0.778s] Level 1:colcon.colcon_core.package_identification:_identify(cstam-pkg/mission_proof/2026/January/08) by extension 'python_setup_py'
[0.778s] Level 1:colcon.colcon_core.package_identification:_identify(cstam-pkg/mission_proof/2026/January/08/mission_054ff178) by extensions ['ignore', 'ignore_ament_install']
[0.778s] Level 1:colcon.colcon_core.package_identification:_identify(cstam-pkg/mission_proof/2026/January/08/mission_054ff178) by extension 'ignore'
[0.778s] Level 1:colcon.colcon_core.package_identification:_identify(cstam-pkg/mission_proof/2026/January/08/mission_054ff178) by extension 'ignore_ament_install'
[0.778s] Level 1:colcon.colcon_core.package_identification:_identify(cstam-pkg/mission_proof/2026/January/08/mission_054ff178) by extensions ['colcon_pkg']
[0.778s] Level 1:colcon.colcon_core.package_identification:_identify(cstam-pkg/mission_proof/2026/January/08/mission_054ff178) by extension 'colcon_pkg'
[0.778s] Level 1:colcon.colcon_core.package_identification:_identify(cstam-pkg/mission_proof/2026/January/08/mission_054ff178) by extensions ['colcon_meta']
[0.778s] Level 1:colcon.colcon_core.package_identification:_identify(cstam-pkg/mission_proof/2026/January/08/mission_054ff178) by extension 'colcon_meta'
[0.778s] Level 1:colcon.colcon_core.package_identification:_identify(cstam-pkg/mission_proof/2026/January/08/mission_054ff178) by extensions ['ros']
[0.778s] Level 1:colcon.colcon_core.package_identification:_identify(cstam-pkg/mission_proof/2026/January/08/mission_054ff178) by extension 'ros'
[0.778s] Level 1:colcon.colcon_core.package_identification:_identify(cstam-pkg/mission_proof/2026/January/08/mission_054ff178) by extensions ['cmake', 'python']
[0.778s] Level 1:colcon.colcon_core.package_identification:_identify(cstam-pkg/mission_proof/2026/January/08/mission_054ff178) by extension 'cmake'
[0.778s] Level 1:colcon.colcon_core.package_identification:_identify(cstam-pkg/mission_proof/2026/January/08/mission_054ff178) by extension 'python'
[0.778s] Level 1:colcon.colcon_core.package_identification:_identify(cstam-pkg/mission_proof/2026/January/08/mission_054ff178) by extensions ['python_setup_py']
[0.778s] Level 1:colcon.colcon_core.package_identification:_identify(cstam-pkg/mission_proof/2026/January/08/mission_054ff178) by extension 'python_setup_py'
[0.778s] Level 1:colcon.colcon_core.package_identification:_identify(cstam-pkg/mission_proof/2026/January/08/mission_091ad8e8) by extensions ['ignore', 'ignore_ament_install']
[0.778s] Level 1:colcon.colcon_core.package_identification:_identify(cstam-pkg/mission_proof/2026/January/08/mission_091ad8e8) by extension 'ignore'
[0.778s] Level 1:colcon.colcon_core.package_identification:_identify(cstam-pkg/mission_proof/2026/January/08/mission_091ad8e8) by extension 'ignore_ament_install'
[0.778s] Level 1:colcon.colcon_core.package_identification:_identify(cstam-pkg/mission_proof/2026/January/08/mission_091ad8e8) by extensions ['colcon_pkg']
[0.778s] Level 1:colcon.colcon_core.package_identification:_identify(cstam-pkg/mission_proof/2026/January/08/mission_091ad8e8) by extension 'colcon_pkg'
[0.778s] Level 1:colcon.colcon_core.package_identification:_identify(cstam-pkg/mission_proof/2026/January/08/mission_091ad8e8) by extensions ['colcon_meta']
[0.778s] Level 1:colcon.colcon_core.package_identification:_identify(cstam-pkg/mission_proof/2026/January/08/mission_091ad8e8) by extension 'colcon_meta'
[0.778s] Level 1:colcon.colcon_core.package_identification:_identify(cstam-pkg/mission_proof/2026/January/08/mission_091ad8e8) by extensions ['ros']
[0.778s] Level 1:colcon.colcon_core.package_identification:_identify(cstam-pkg/mission_proof/2026/January/08/mission_091ad8e8) by extension 'ros'
[0.778s] Level 1:colcon.colcon_core.package_identification:_identify(cstam-pkg/mission_proof/2026/January/08/mission_091ad8e8) by extensions ['cmake', 'python']
[0.778s] Level 1:colcon.colcon_core.package_identification:_identify(cstam-pkg/mission_proof/2026/January/08/mission_091ad8e8) by extension 'cmake'
[0.778s] Level 1:colcon.colcon_core.package_identification:_identify(cstam-pkg/mission_proof/2026/January/08/mission_091ad8e8) by extension 'python'
[0.778s] Level 1:colcon.colcon_core.package_identification:_identify(cstam-pkg/mission_proof/2026/January/08/mission_091ad8e8) by extensions ['python_setup_py']
[0.778s] Level 1:colcon.colcon_core.package_identification:_identify(cstam-pkg/mission_proof/2026/January/08/mission_091ad8e8) by extension 'python_setup_py'
[0.778s] Level 1:colcon.colcon_core.package_identification:_identify(cstam-pkg/mission_proof/2026/January/08/mission_1e06fab8) by extensions ['ignore', 'ignore_ament_install']
[0.778s] Level 1:colcon.colcon_core.package_identification:_identify(cstam-pkg/mission_proof/2026/January/08/mission_1e06fab8) by extension 'ignore'
[0.779s] Level 1:colcon.colcon_core.package_identification:_identify(cstam-pkg/mission_proof/2026/January/08/mission_1e06fab8) by extension 'ignore_ament_install'
[0.779s] Level 1:colcon.colcon_core.package_identification:_identify(cstam-pkg/mission_proof/2026/January/08/mission_1e06fab8) by extensions ['colcon_pkg']
[0.779s] Level 1:colcon.colcon_core.package_identification:_identify(cstam-pkg/mission_proof/2026/January/08/mission_1e06fab8) by extension 'colcon_pkg'
[0.779s] Level 1:colcon.colcon_core.package_identification:_identify(cstam-pkg/mission_proof/2026/January/08/mission_1e06fab8) by extensions ['colcon_meta']
[0.779s] Level 1:colcon.colcon_core.package_identification:_identify(cstam-pkg/mission_proof/2026/January/08/mission_1e06fab8) by extension 'colcon_meta'
[0.779s] Level 1:colcon.colcon_core.package_identification:_identify(cstam-pkg/mission_proof/2026/January/08/mission_1e06fab8) by extensions ['ros']
[0.779s] Level 1:colcon.colcon_core.package_identification:_identify(cstam-pkg/mission_proof/2026/January/08/mission_1e06fab8) by extension 'ros'
[0.779s] Level 1:colcon.colcon_core.package_identification:_identify(cstam-pkg/mission_proof/2026/January/08/mission_1e06fab8) by extensions ['cmake', 'python']
[0.779s] Level 1:colcon.colcon_core.package_identification:_identify(cstam-pkg/mission_proof/2026/January/08/mission_1e06fab8) by extension 'cmake'
[0.779s] Level 1:colcon.colcon_core.package_identification:_identify(cstam-pkg/mission_proof/2026/January/08/mission_1e06fab8) by extension 'python'
[0.779s] Level 1:colcon.colcon_core.package_identification:_identify(cstam-pkg/mission_proof/2026/January/08/mission_1e06fab8) by extensions ['python_setup_py']
[0.779s] Level 1:colcon.colcon_core.package_identification:_identify(cstam-pkg/mission_proof/2026/January/08/mission_1e06fab8) by extension 'python_setup_py'
[0.779s] Level 1:colcon.colcon_core.package_identification:_identify(cstam-pkg/mission_proof/2026/January/08/mission_3dba28e2) by extensions ['ignore', 'ignore_ament_install']
[0.779s] Level 1:colcon.colcon_core.package_identification:_identify(cstam-pkg/mission_proof/2026/January/08/mission_3dba28e2) by extension 'ignore'
[0.779s] Level 1:colcon.colcon_core.package_identification:_identify(cstam-pkg/mission_proof/2026/January/08/mission_3dba28e2) by extension 'ignore_ament_install'
[0.779s] Level 1:colcon.colcon_core.package_identification:_identify(cstam-pkg/mission_proof/2026/January/08/mission_3dba28e2) by extensions ['colcon_pkg']
[0.779s] Level 1:colcon.colcon_core.package_identification:_identify(cstam-pkg/mission_proof/2026/January/08/mission_3dba28e2) by extension 'colcon_pkg'
[0.779s] Level 1:colcon.colcon_core.package_identification:_identify(cstam-pkg/mission_proof/2026/January/08/mission_3dba28e2) by extensions ['colcon_meta']
[0.779s] Level 1:colcon.colcon_core.package_identification:_identify(cstam-pkg/mission_proof/2026/January/08/mission_3dba28e2) by extension 'colcon_meta'
[0.779s] Level 1:colcon.colcon_core.package_identification:_identify(cstam-pkg/mission_proof/2026/January/08/mission_3dba28e2) by extensions ['ros']
[0.779s] Level 1:colcon.colcon_core.package_identification:_identify(cstam-pkg/mission_proof/2026/January/08/mission_3dba28e2) by extension 'ros'
[0.779s] Level 1:colcon.colcon_core.package_identification:_identify(cstam-pkg/mission_proof/2026/January/08/mission_3dba28e2) by extensions ['cmake', 'python']
[0.779s] Level 1:colcon.colcon_core.package_identification:_identify(cstam-pkg/mission_proof/2026/January/08/mission_3dba28e2) by extension 'cmake'
[0.779s] Level 1:colcon.colcon_core.package_identification:_identify(cstam-pkg/mission_proof/2026/January/08/mission_3dba28e2) by extension 'python'
[0.779s] Level 1:colcon.colcon_core.package_identification:_identify(cstam-pkg/mission_proof/2026/January/08/mission_3dba28e2) by extensions ['python_setup_py']
[0.779s] Level 1:colcon.colcon_core.package_identification:_identify(cstam-pkg/mission_proof/2026/January/08/mission_3dba28e2) by extension 'python_setup_py'
[0.779s] Level 1:colcon.colcon_core.package_identification:_identify(cstam-pkg/mission_proof/2026/January/08/mission_40bc2895) by extensions ['ignore', 'ignore_ament_install']
[0.779s] Level 1:colcon.colcon_core.package_identification:_identify(cstam-pkg/mission_proof/2026/January/08/mission_40bc2895) by extension 'ignore'
[0.779s] Level 1:colcon.colcon_core.package_identification:_identify(cstam-pkg/mission_proof/2026/January/08/mission_40bc2895) by extension 'ignore_ament_install'
[0.779s] Level 1:colcon.colcon_core.package_identification:_identify(cstam-pkg/mission_proof/2026/January/08/mission_40bc2895) by extensions ['colcon_pkg']
[0.779s] Level 1:colcon.colcon_core.package_identification:_identify(cstam-pkg/mission_proof/2026/January/08/mission_40bc2895) by extension 'colcon_pkg'
[0.779s] Level 1:colcon.colcon_core.package_identification:_identify(cstam-pkg/mission_proof/2026/January/08/mission_40bc2895) by extensions ['colcon_meta']
[0.779s] Level 1:colcon.colcon_core.package_identification:_identify(cstam-pkg/mission_proof/2026/January/08/mission_40bc2895) by extension 'colcon_meta'
[0.779s] Level 1:colcon.colcon_core.package_identification:_identify(cstam-pkg/mission_proof/2026/January/08/mission_40bc2895) by extensions ['ros']
[0.779s] Level 1:colcon.colcon_core.package_identification:_identify(cstam-pkg/mission_proof/2026/January/08/mission_40bc2895) by extension 'ros'
[0.779s] Level 1:colcon.colcon_core.package_identification:_identify(cstam-pkg/mission_proof/2026/January/08/mission_40bc2895) by extensions ['cmake', 'python']
[0.779s] Level 1:colcon.colcon_core.package_identification:_identify(cstam-pkg/mission_proof/2026/January/08/mission_40bc2895) by extension 'cmake'
[0.780s] Level 1:colcon.colcon_core.package_identification:_identify(cstam-pkg/mission_proof/2026/January/08/mission_40bc2895) by extension 'python'
[0.780s] Level 1:colcon.colcon_core.package_identification:_identify(cstam-pkg/mission_proof/2026/January/08/mission_40bc2895) by extensions ['python_setup_py']
[0.780s] Level 1:colcon.colcon_core.package_identification:_identify(cstam-pkg/mission_proof/2026/January/08/mission_40bc2895) by extension 'python_setup_py'
[0.780s] Level 1:colcon.colcon_core.package_identification:_identify(cstam-pkg/mission_proof/2026/January/08/mission_54e0fb70) by extensions ['ignore', 'ignore_ament_install']
[0.780s] Level 1:colcon.colcon_core.package_identification:_identify(cstam-pkg/mission_proof/2026/January/08/mission_54e0fb70) by extension 'ignore'
[0.780s] Level 1:colcon.colcon_core.package_identification:_identify(cstam-pkg/mission_proof/2026/January/08/mission_54e0fb70) by extension 'ignore_ament_install'
[0.780s] Level 1:colcon.colcon_core.package_identification:_identify(cstam-pkg/mission_proof/2026/January/08/mission_54e0fb70) by extensions ['colcon_pkg']
[0.780s] Level 1:colcon.colcon_core.package_identification:_identify(cstam-pkg/mission_proof/2026/January/08/mission_54e0fb70) by extension 'colcon_pkg'
[0.780s] Level 1:colcon.colcon_core.package_identification:_identify(cstam-pkg/mission_proof/2026/January/08/mission_54e0fb70) by extensions ['colcon_meta']
[0.780s] Level 1:colcon.colcon_core.package_identification:_identify(cstam-pkg/mission_proof/2026/January/08/mission_54e0fb70) by extension 'colcon_meta'
[0.780s] Level 1:colcon.colcon_core.package_identification:_identify(cstam-pkg/mission_proof/2026/January/08/mission_54e0fb70) by extensions ['ros']
[0.780s] Level 1:colcon.colcon_core.package_identification:_identify(cstam-pkg/mission_proof/2026/January/08/mission_54e0fb70) by extension 'ros'
[0.780s] Level 1:colcon.colcon_core.package_identification:_identify(cstam-pkg/mission_proof/2026/January/08/mission_54e0fb70) by extensions ['cmake', 'python']
[0.780s] Level 1:colcon.colcon_core.package_identification:_identify(cstam-pkg/mission_proof/2026/January/08/mission_54e0fb70) by extension 'cmake'
[0.780s] Level 1:colcon.colcon_core.package_identification:_identify(cstam-pkg/mission_proof/2026/January/08/mission_54e0fb70) by extension 'python'
[0.780s] Level 1:colcon.colcon_core.package_identification:_identify(cstam-pkg/mission_proof/2026/January/08/mission_54e0fb70) by extensions ['python_setup_py']
[0.780s] Level 1:colcon.colcon_core.package_identification:_identify(cstam-pkg/mission_proof/2026/January/08/mission_54e0fb70) by extension 'python_setup_py'
[0.780s] Level 1:colcon.colcon_core.package_identification:_identify(cstam-pkg/mission_proof/2026/January/08/mission_687cf8d1) by extensions ['ignore', 'ignore_ament_install']
[0.780s] Level 1:colcon.colcon_core.package_identification:_identify(cstam-pkg/mission_proof/2026/January/08/mission_687cf8d1) by extension 'ignore'
[0.780s] Level 1:colcon.colcon_core.package_identification:_identify(cstam-pkg/mission_proof/2026/January/08/mission_687cf8d1) by extension 'ignore_ament_install'
[0.780s] Level 1:colcon.colcon_core.package_identification:_identify(cstam-pkg/mission_proof/2026/January/08/mission_687cf8d1) by extensions ['colcon_pkg']
[0.780s] Level 1:colcon.colcon_core.package_identification:_identify(cstam-pkg/mission_proof/2026/January/08/mission_687cf8d1) by extension 'colcon_pkg'
[0.780s] Level 1:colcon.colcon_core.package_identification:_identify(cstam-pkg/mission_proof/2026/January/08/mission_687cf8d1) by extensions ['colcon_meta']
[0.780s] Level 1:colcon.colcon_core.package_identification:_identify(cstam-pkg/mission_proof/2026/January/08/mission_687cf8d1) by extension 'colcon_meta'
[0.780s] Level 1:colcon.colcon_core.package_identification:_identify(cstam-pkg/mission_proof/2026/January/08/mission_687cf8d1) by extensions ['ros']
[0.780s] Level 1:colcon.colcon_core.package_identification:_identify(cstam-pkg/mission_proof/2026/January/08/mission_687cf8d1) by extension 'ros'
[0.780s] Level 1:colcon.colcon_core.package_identification:_identify(cstam-pkg/mission_proof/2026/January/08/mission_687cf8d1) by extensions ['cmake', 'python']
[0.780s] Level 1:colcon.colcon_core.package_identification:_identify(cstam-pkg/mission_proof/2026/January/08/mission_687cf8d1) by extension 'cmake'
[0.780s] Level 1:colcon.colcon_core.package_identification:_identify(cstam-pkg/mission_proof/2026/January/08/mission_687cf8d1) by extension 'python'
[0.780s] Level 1:colcon.colcon_core.package_identification:_identify(cstam-pkg/mission_proof/2026/January/08/mission_687cf8d1) by extensions ['python_setup_py']
[0.780s] Level 1:colcon.colcon_core.package_identification:_identify(cstam-pkg/mission_proof/2026/January/08/mission_687cf8d1) by extension 'python_setup_py'
[0.780s] Level 1:colcon.colcon_core.package_identification:_identify(cstam-pkg/mission_proof/2026/January/08/mission_6f6e3478) by extensions ['ignore', 'ignore_ament_install']
[0.780s] Level 1:colcon.colcon_core.package_identification:_identify(cstam-pkg/mission_proof/2026/January/08/mission_6f6e3478) by extension 'ignore'
[0.780s] Level 1:colcon.colcon_core.package_identification:_identify(cstam-pkg/mission_proof/2026/January/08/mission_6f6e3478) by extension 'ignore_ament_install'
[0.780s] Level 1:colcon.colcon_core.package_identification:_identify(cstam-pkg/mission_proof/2026/January/08/mission_6f6e3478) by extensions ['colcon_pkg']
[0.780s] Level 1:colcon.colcon_core.package_identification:_identify(cstam-pkg/mission_proof/2026/January/08/mission_6f6e3478) by extension 'colcon_pkg'
[0.781s] Level 1:colcon.colcon_core.package_identification:_identify(cstam-pkg/mission_proof/2026/January/08/mission_6f6e3478) by extensions ['colcon_meta']
[0.781s] Level 1:colcon.colcon_core.package_identification:_identify(cstam-pkg/mission_proof/2026/January/08/mission_6f6e3478) by extension 'colcon_meta'
[0.781s] Level 1:colcon.colcon_core.package_identification:_identify(cstam-pkg/mission_proof/2026/January/08/mission_6f6e3478) by extensions ['ros']
[0.781s] Level 1:colcon.colcon_core.package_identification:_identify(cstam-pkg/mission_proof/2026/January/08/mission_6f6e3478) by extension 'ros'
[0.781s] Level 1:colcon.colcon_core.package_identification:_identify(cstam-pkg/mission_proof/2026/January/08/mission_6f6e3478) by extensions ['cmake', 'python']
[0.781s] Level 1:colcon.colcon_core.package_identification:_identify(cstam-pkg/mission_proof/2026/January/08/mission_6f6e3478) by extension 'cmake'
[0.781s] Level 1:colcon.colcon_core.package_identification:_identify(cstam-pkg/mission_proof/2026/January/08/mission_6f6e3478) by extension 'python'
[0.781s] Level 1:colcon.colcon_core.package_identification:_identify(cstam-pkg/mission_proof/2026/January/08/mission_6f6e3478) by extensions ['python_setup_py']
[0.781s] Level 1:colcon.colcon_core.package_identification:_identify(cstam-pkg/mission_proof/2026/January/08/mission_6f6e3478) by extension 'python_setup_py'
[0.781s] Level 1:colcon.colcon_core.package_identification:_identify(cstam-pkg/mission_proof/2026/January/08/mission_71e15903) by extensions ['ignore', 'ignore_ament_install']
[0.781s] Level 1:colcon.colcon_core.package_identification:_identify(cstam-pkg/mission_proof/2026/January/08/mission_71e15903) by extension 'ignore'
[0.781s] Level 1:colcon.colcon_core.package_identification:_identify(cstam-pkg/mission_proof/2026/January/08/mission_71e15903) by extension 'ignore_ament_install'
[0.781s] Level 1:colcon.colcon_core.package_identification:_identify(cstam-pkg/mission_proof/2026/January/08/mission_71e15903) by extensions ['colcon_pkg']
[0.781s] Level 1:colcon.colcon_core.package_identification:_identify(cstam-pkg/mission_proof/2026/January/08/mission_71e15903) by extension 'colcon_pkg'
[0.781s] Level 1:colcon.colcon_core.package_identification:_identify(cstam-pkg/mission_proof/2026/January/08/mission_71e15903) by extensions ['colcon_meta']
[0.781s] Level 1:colcon.colcon_core.package_identification:_identify(cstam-pkg/mission_proof/2026/January/08/mission_71e15903) by extension 'colcon_meta'
[0.781s] Level 1:colcon.colcon_core.package_identification:_identify(cstam-pkg/mission_proof/2026/January/08/mission_71e15903) by extensions ['ros']
[0.781s] Level 1:colcon.colcon_core.package_identification:_identify(cstam-pkg/mission_proof/2026/January/08/mission_71e15903) by extension 'ros'
[0.781s] Level 1:colcon.colcon_core.package_identification:_identify(cstam-pkg/mission_proof/2026/January/08/mission_71e15903) by extensions ['cmake', 'python']
[0.781s] Level 1:colcon.colcon_core.package_identification:_identify(cstam-pkg/mission_proof/2026/January/08/mission_71e15903) by extension 'cmake'
[0.781s] Level 1:colcon.colcon_core.package_identification:_identify(cstam-pkg/mission_proof/2026/January/08/mission_71e15903) by extension 'python'
[0.781s] Level 1:colcon.colcon_core.package_identification:_identify(cstam-pkg/mission_proof/2026/January/08/mission_71e15903) by extensions ['python_setup_py']
[0.781s] Level 1:colcon.colcon_core.package_identification:_identify(cstam-pkg/mission_proof/2026/January/08/mission_71e15903) by extension 'python_setup_py'
[0.781s] Level 1:colcon.colcon_core.package_identification:_identify(cstam-pkg/mission_proof/2026/January/08/mission_901e7d38) by extensions ['ignore', 'ignore_ament_install']
[0.781s] Level 1:colcon.colcon_core.package_identification:_identify(cstam-pkg/mission_proof/2026/January/08/mission_901e7d38) by extension 'ignore'
[0.781s] Level 1:colcon.colcon_core.package_identification:_identify(cstam-pkg/mission_proof/2026/January/08/mission_901e7d38) by extension 'ignore_ament_install'
[0.781s] Level 1:colcon.colcon_core.package_identification:_identify(cstam-pkg/mission_proof/2026/January/08/mission_901e7d38) by extensions ['colcon_pkg']
[0.781s] Level 1:colcon.colcon_core.package_identification:_identify(cstam-pkg/mission_proof/2026/January/08/mission_901e7d38) by extension 'colcon_pkg'
[0.781s] Level 1:colcon.colcon_core.package_identification:_identify(cstam-pkg/mission_proof/2026/January/08/mission_901e7d38) by extensions ['colcon_meta']
[0.781s] Level 1:colcon.colcon_core.package_identification:_identify(cstam-pkg/mission_proof/2026/January/08/mission_901e7d38) by extension 'colcon_meta'
[0.781s] Level 1:colcon.colcon_core.package_identification:_identify(cstam-pkg/mission_proof/2026/January/08/mission_901e7d38) by extensions ['ros']
[0.781s] Level 1:colcon.colcon_core.package_identification:_identify(cstam-pkg/mission_proof/2026/January/08/mission_901e7d38) by extension 'ros'
[0.781s] Level 1:colcon.colcon_core.package_identification:_identify(cstam-pkg/mission_proof/2026/January/08/mission_901e7d38) by extensions ['cmake', 'python']
[0.781s] Level 1:colcon.colcon_core.package_identification:_identify(cstam-pkg/mission_proof/2026/January/08/mission_901e7d38) by extension 'cmake'
[0.781s] Level 1:colcon.colcon_core.package_identification:_identify(cstam-pkg/mission_proof/2026/January/08/mission_901e7d38) by extension 'python'
[0.781s] Level 1:colcon.colcon_core.package_identification:_identify(cstam-pkg/mission_proof/2026/January/08/mission_901e7d38) by extensions ['python_setup_py']
[0.781s] Level 1:colcon.colcon_core.package_identification:_identify(cstam-pkg/mission_proof/2026/January/08/mission_901e7d38) by extension 'python_setup_py'
[0.781s] Level 1:colcon.colcon_core.package_identification:_identify(cstam-pkg/mission_proof/2026/January/08/mission_92913efe) by extensions ['ignore', 'ignore_ament_install']
[0.782s] Level 1:colcon.colcon_core.package_identification:_identify(cstam-pkg/mission_proof/2026/January/08/mission_92913efe) by extension 'ignore'
[0.782s] Level 1:colcon.colcon_core.package_identification:_identify(cstam-pkg/mission_proof/2026/January/08/mission_92913efe) by extension 'ignore_ament_install'
[0.782s] Level 1:colcon.colcon_core.package_identification:_identify(cstam-pkg/mission_proof/2026/January/08/mission_92913efe) by extensions ['colcon_pkg']
[0.782s] Level 1:colcon.colcon_core.package_identification:_identify(cstam-pkg/mission_proof/2026/January/08/mission_92913efe) by extension 'colcon_pkg'
[0.782s] Level 1:colcon.colcon_core.package_identification:_identify(cstam-pkg/mission_proof/2026/January/08/mission_92913efe) by extensions ['colcon_meta']
[0.782s] Level 1:colcon.colcon_core.package_identification:_identify(cstam-pkg/mission_proof/2026/January/08/mission_92913efe) by extension 'colcon_meta'
[0.782s] Level 1:colcon.colcon_core.package_identification:_identify(cstam-pkg/mission_proof/2026/January/08/mission_92913efe) by extensions ['ros']
[0.782s] Level 1:colcon.colcon_core.package_identification:_identify(cstam-pkg/mission_proof/2026/January/08/mission_92913efe) by extension 'ros'
[0.782s] Level 1:colcon.colcon_core.package_identification:_identify(cstam-pkg/mission_proof/2026/January/08/mission_92913efe) by extensions ['cmake', 'python']
[0.782s] Level 1:colcon.colcon_core.package_identification:_identify(cstam-pkg/mission_proof/2026/January/08/mission_92913efe) by extension 'cmake'
[0.782s] Level 1:colcon.colcon_core.package_identification:_identify(cstam-pkg/mission_proof/2026/January/08/mission_92913efe) by extension 'python'
[0.782s] Level 1:colcon.colcon_core.package_identification:_identify(cstam-pkg/mission_proof/2026/January/08/mission_92913efe) by extensions ['python_setup_py']
[0.782s] Level 1:colcon.colcon_core.package_identification:_identify(cstam-pkg/mission_proof/2026/January/08/mission_92913efe) by extension 'python_setup_py'
[0.782s] Level 1:colcon.colcon_core.package_identification:_identify(cstam-pkg/mission_proof/2026/January/08/mission_995a0ab0) by extensions ['ignore', 'ignore_ament_install']
[0.782s] Level 1:colcon.colcon_core.package_identification:_identify(cstam-pkg/mission_proof/2026/January/08/mission_995a0ab0) by extension 'ignore'
[0.782s] Level 1:colcon.colcon_core.package_identification:_identify(cstam-pkg/mission_proof/2026/January/08/mission_995a0ab0) by extension 'ignore_ament_install'
[0.782s] Level 1:colcon.colcon_core.package_identification:_identify(cstam-pkg/mission_proof/2026/January/08/mission_995a0ab0) by extensions ['colcon_pkg']
[0.782s] Level 1:colcon.colcon_core.package_identification:_identify(cstam-pkg/mission_proof/2026/January/08/mission_995a0ab0) by extension 'colcon_pkg'
[0.782s] Level 1:colcon.colcon_core.package_identification:_identify(cstam-pkg/mission_proof/2026/January/08/mission_995a0ab0) by extensions ['colcon_meta']
[0.782s] Level 1:colcon.colcon_core.package_identification:_identify(cstam-pkg/mission_proof/2026/January/08/mission_995a0ab0) by extension 'colcon_meta'
[0.782s] Level 1:colcon.colcon_core.package_identification:_identify(cstam-pkg/mission_proof/2026/January/08/mission_995a0ab0) by extensions ['ros']
[0.782s] Level 1:colcon.colcon_core.package_identification:_identify(cstam-pkg/mission_proof/2026/January/08/mission_995a0ab0) by extension 'ros'
[0.782s] Level 1:colcon.colcon_core.package_identification:_identify(cstam-pkg/mission_proof/2026/January/08/mission_995a0ab0) by extensions ['cmake', 'python']
[0.782s] Level 1:colcon.colcon_core.package_identification:_identify(cstam-pkg/mission_proof/2026/January/08/mission_995a0ab0) by extension 'cmake'
[0.782s] Level 1:colcon.colcon_core.package_identification:_identify(cstam-pkg/mission_proof/2026/January/08/mission_995a0ab0) by extension 'python'
[0.782s] Level 1:colcon.colcon_core.package_identification:_identify(cstam-pkg/mission_proof/2026/January/08/mission_995a0ab0) by extensions ['python_setup_py']
[0.782s] Level 1:colcon.colcon_core.package_identification:_identify(cstam-pkg/mission_proof/2026/January/08/mission_995a0ab0) by extension 'python_setup_py'
[0.782s] Level 1:colcon.colcon_core.package_identification:_identify(cstam-pkg/mission_proof/2026/January/08/mission_ac9f8fc4) by extensions ['ignore', 'ignore_ament_install']
[0.782s] Level 1:colcon.colcon_core.package_identification:_identify(cstam-pkg/mission_proof/2026/January/08/mission_ac9f8fc4) by extension 'ignore'
[0.782s] Level 1:colcon.colcon_core.package_identification:_identify(cstam-pkg/mission_proof/2026/January/08/mission_ac9f8fc4) by extension 'ignore_ament_install'
[0.782s] Level 1:colcon.colcon_core.package_identification:_identify(cstam-pkg/mission_proof/2026/January/08/mission_ac9f8fc4) by extensions ['colcon_pkg']
[0.782s] Level 1:colcon.colcon_core.package_identification:_identify(cstam-pkg/mission_proof/2026/January/08/mission_ac9f8fc4) by extension 'colcon_pkg'
[0.782s] Level 1:colcon.colcon_core.package_identification:_identify(cstam-pkg/mission_proof/2026/January/08/mission_ac9f8fc4) by extensions ['colcon_meta']
[0.782s] Level 1:colcon.colcon_core.package_identification:_identify(cstam-pkg/mission_proof/2026/January/08/mission_ac9f8fc4) by extension 'colcon_meta'
[0.782s] Level 1:colcon.colcon_core.package_identification:_identify(cstam-pkg/mission_proof/2026/January/08/mission_ac9f8fc4) by extensions ['ros']
[0.782s] Level 1:colcon.colcon_core.package_identification:_identify(cstam-pkg/mission_proof/2026/January/08/mission_ac9f8fc4) by extension 'ros'
[0.783s] Level 1:colcon.colcon_core.package_identification:_identify(cstam-pkg/mission_proof/2026/January/08/mission_ac9f8fc4) by extensions ['cmake', 'python']
[0.783s] Level 1:colcon.colcon_core.package_identification:_identify(cstam-pkg/mission_proof/2026/January/08/mission_ac9f8fc4) by extension 'cmake'
[0.783s] Level 1:colcon.colcon_core.package_identification:_identify(cstam-pkg/mission_proof/2026/January/08/mission_ac9f8fc4) by extension 'python'
[0.783s] Level 1:colcon.colcon_core.package_identification:_identify(cstam-pkg/mission_proof/2026/January/08/mission_ac9f8fc4) by extensions ['python_setup_py']
[0.783s] Level 1:colcon.colcon_core.package_identification:_identify(cstam-pkg/mission_proof/2026/January/08/mission_ac9f8fc4) by extension 'python_setup_py'
[0.783s] Level 1:colcon.colcon_core.package_identification:_identify(cstam-pkg/mission_proof/2026/January/08/mission_b6e656a6) by extensions ['ignore', 'ignore_ament_install']
[0.783s] Level 1:colcon.colcon_core.package_identification:_identify(cstam-pkg/mission_proof/2026/January/08/mission_b6e656a6) by extension 'ignore'
[0.783s] Level 1:colcon.colcon_core.package_identification:_identify(cstam-pkg/mission_proof/2026/January/08/mission_b6e656a6) by extension 'ignore_ament_install'
[0.783s] Level 1:colcon.colcon_core.package_identification:_identify(cstam-pkg/mission_proof/2026/January/08/mission_b6e656a6) by extensions ['colcon_pkg']
[0.783s] Level 1:colcon.colcon_core.package_identification:_identify(cstam-pkg/mission_proof/2026/January/08/mission_b6e656a6) by extension 'colcon_pkg'
[0.783s] Level 1:colcon.colcon_core.package_identification:_identify(cstam-pkg/mission_proof/2026/January/08/mission_b6e656a6) by extensions ['colcon_meta']
[0.783s] Level 1:colcon.colcon_core.package_identification:_identify(cstam-pkg/mission_proof/2026/January/08/mission_b6e656a6) by extension 'colcon_meta'
[0.783s] Level 1:colcon.colcon_core.package_identification:_identify(cstam-pkg/mission_proof/2026/January/08/mission_b6e656a6) by extensions ['ros']
[0.783s] Level 1:colcon.colcon_core.package_identification:_identify(cstam-pkg/mission_proof/2026/January/08/mission_b6e656a6) by extension 'ros'
[0.783s] Level 1:colcon.colcon_core.package_identification:_identify(cstam-pkg/mission_proof/2026/January/08/mission_b6e656a6) by extensions ['cmake', 'python']
[0.784s] Level 1:colcon.colcon_core.package_identification:_identify(cstam-pkg/mission_proof/2026/January/08/mission_b6e656a6) by extension 'cmake'
[0.784s] Level 1:colcon.colcon_core.package_identification:_identify(cstam-pkg/mission_proof/2026/January/08/mission_b6e656a6) by extension 'python'
[0.784s] Level 1:colcon.colcon_core.package_identification:_identify(cstam-pkg/mission_proof/2026/January/08/mission_b6e656a6) by extensions ['python_setup_py']
[0.784s] Level 1:colcon.colcon_core.package_identification:_identify(cstam-pkg/mission_proof/2026/January/08/mission_b6e656a6) by extension 'python_setup_py'
[0.784s] Level 1:colcon.colcon_core.package_identification:_identify(cstam-pkg/mission_proof/2026/January/08/mission_bacdd055) by extensions ['ignore', 'ignore_ament_install']
[0.784s] Level 1:colcon.colcon_core.package_identification:_identify(cstam-pkg/mission_proof/2026/January/08/mission_bacdd055) by extension 'ignore'
[0.784s] Level 1:colcon.colcon_core.package_identification:_identify(cstam-pkg/mission_proof/2026/January/08/mission_bacdd055) by extension 'ignore_ament_install'
[0.784s] Level 1:colcon.colcon_core.package_identification:_identify(cstam-pkg/mission_proof/2026/January/08/mission_bacdd055) by extensions ['colcon_pkg']
[0.784s] Level 1:colcon.colcon_core.package_identification:_identify(cstam-pkg/mission_proof/2026/January/08/mission_bacdd055) by extension 'colcon_pkg'
[0.784s] Level 1:colcon.colcon_core.package_identification:_identify(cstam-pkg/mission_proof/2026/January/08/mission_bacdd055) by extensions ['colcon_meta']
[0.784s] Level 1:colcon.colcon_core.package_identification:_identify(cstam-pkg/mission_proof/2026/January/08/mission_bacdd055) by extension 'colcon_meta'
[0.784s] Level 1:colcon.colcon_core.package_identification:_identify(cstam-pkg/mission_proof/2026/January/08/mission_bacdd055) by extensions ['ros']
[0.784s] Level 1:colcon.colcon_core.package_identification:_identify(cstam-pkg/mission_proof/2026/January/08/mission_bacdd055) by extension 'ros'
[0.784s] Level 1:colcon.colcon_core.package_identification:_identify(cstam-pkg/mission_proof/2026/January/08/mission_bacdd055) by extensions ['cmake', 'python']
[0.784s] Level 1:colcon.colcon_core.package_identification:_identify(cstam-pkg/mission_proof/2026/January/08/mission_bacdd055) by extension 'cmake'
[0.784s] Level 1:colcon.colcon_core.package_identification:_identify(cstam-pkg/mission_proof/2026/January/08/mission_bacdd055) by extension 'python'
[0.784s] Level 1:colcon.colcon_core.package_identification:_identify(cstam-pkg/mission_proof/2026/January/08/mission_bacdd055) by extensions ['python_setup_py']
[0.784s] Level 1:colcon.colcon_core.package_identification:_identify(cstam-pkg/mission_proof/2026/January/08/mission_bacdd055) by extension 'python_setup_py'
[0.784s] Level 1:colcon.colcon_core.package_identification:_identify(cstam-pkg/mission_proof/2026/January/08/mission_bed97b41) by extensions ['ignore', 'ignore_ament_install']
[0.784s] Level 1:colcon.colcon_core.package_identification:_identify(cstam-pkg/mission_proof/2026/January/08/mission_bed97b41) by extension 'ignore'
[0.784s] Level 1:colcon.colcon_core.package_identification:_identify(cstam-pkg/mission_proof/2026/January/08/mission_bed97b41) by extension 'ignore_ament_install'
[0.784s] Level 1:colcon.colcon_core.package_identification:_identify(cstam-pkg/mission_proof/2026/January/08/mission_bed97b41) by extensions ['colcon_pkg']
[0.784s] Level 1:colcon.colcon_core.package_identification:_identify(cstam-pkg/mission_proof/2026/January/08/mission_bed97b41) by extension 'colcon_pkg'
[0.784s] Level 1:colcon.colcon_core.package_identification:_identify(cstam-pkg/mission_proof/2026/January/08/mission_bed97b41) by extensions ['colcon_meta']
[0.784s] Level 1:colcon.colcon_core.package_identification:_identify(cstam-pkg/mission_proof/2026/January/08/mission_bed97b41) by extension 'colcon_meta'
[0.784s] Level 1:colcon.colcon_core.package_identification:_identify(cstam-pkg/mission_proof/2026/January/08/mission_bed97b41) by extensions ['ros']
[0.784s] Level 1:colcon.colcon_core.package_identification:_identify(cstam-pkg/mission_proof/2026/January/08/mission_bed97b41) by extension 'ros'
[0.784s] Level 1:colcon.colcon_core.package_identification:_identify(cstam-pkg/mission_proof/2026/January/08/mission_bed97b41) by extensions ['cmake', 'python']
[0.784s] Level 1:colcon.colcon_core.package_identification:_identify(cstam-pkg/mission_proof/2026/January/08/mission_bed97b41) by extension 'cmake'
[0.784s] Level 1:colcon.colcon_core.package_identification:_identify(cstam-pkg/mission_proof/2026/January/08/mission_bed97b41) by extension 'python'
[0.784s] Level 1:colcon.colcon_core.package_identification:_identify(cstam-pkg/mission_proof/2026/January/08/mission_bed97b41) by extensions ['python_setup_py']
[0.784s] Level 1:colcon.colcon_core.package_identification:_identify(cstam-pkg/mission_proof/2026/January/08/mission_bed97b41) by extension 'python_setup_py'
[0.784s] Level 1:colcon.colcon_core.package_identification:_identify(cstam-pkg/mission_proof/2026/January/08/mission_c17d9656) by extensions ['ignore', 'ignore_ament_install']
[0.784s] Level 1:colcon.colcon_core.package_identification:_identify(cstam-pkg/mission_proof/2026/January/08/mission_c17d9656) by extension 'ignore'
[0.784s] Level 1:colcon.colcon_core.package_identification:_identify(cstam-pkg/mission_proof/2026/January/08/mission_c17d9656) by extension 'ignore_ament_install'
[0.785s] Level 1:colcon.colcon_core.package_identification:_identify(cstam-pkg/mission_proof/2026/January/08/mission_c17d9656) by extensions ['colcon_pkg']
[0.785s] Level 1:colcon.colcon_core.package_identification:_identify(cstam-pkg/mission_proof/2026/January/08/mission_c17d9656) by extension 'colcon_pkg'
[0.785s] Level 1:colcon.colcon_core.package_identification:_identify(cstam-pkg/mission_proof/2026/January/08/mission_c17d9656) by extensions ['colcon_meta']
[0.785s] Level 1:colcon.colcon_core.package_identification:_identify(cstam-pkg/mission_proof/2026/January/08/mission_c17d9656) by extension 'colcon_meta'
[0.785s] Level 1:colcon.colcon_core.package_identification:_identify(cstam-pkg/mission_proof/2026/January/08/mission_c17d9656) by extensions ['ros']
[0.785s] Level 1:colcon.colcon_core.package_identification:_identify(cstam-pkg/mission_proof/2026/January/08/mission_c17d9656) by extension 'ros'
[0.785s] Level 1:colcon.colcon_core.package_identification:_identify(cstam-pkg/mission_proof/2026/January/08/mission_c17d9656) by extensions ['cmake', 'python']
[0.785s] Level 1:colcon.colcon_core.package_identification:_identify(cstam-pkg/mission_proof/2026/January/08/mission_c17d9656) by extension 'cmake'
[0.785s] Level 1:colcon.colcon_core.package_identification:_identify(cstam-pkg/mission_proof/2026/January/08/mission_c17d9656) by extension 'python'
[0.785s] Level 1:colcon.colcon_core.package_identification:_identify(cstam-pkg/mission_proof/2026/January/08/mission_c17d9656) by extensions ['python_setup_py']
[0.785s] Level 1:colcon.colcon_core.package_identification:_identify(cstam-pkg/mission_proof/2026/January/08/mission_c17d9656) by extension 'python_setup_py'
[0.785s] Level 1:colcon.colcon_core.package_identification:_identify(cstam-pkg/mission_proof/2026/January/08/mission_c1ea7327) by extensions ['ignore', 'ignore_ament_install']
[0.785s] Level 1:colcon.colcon_core.package_identification:_identify(cstam-pkg/mission_proof/2026/January/08/mission_c1ea7327) by extension 'ignore'
[0.785s] Level 1:colcon.colcon_core.package_identification:_identify(cstam-pkg/mission_proof/2026/January/08/mission_c1ea7327) by extension 'ignore_ament_install'
[0.785s] Level 1:colcon.colcon_core.package_identification:_identify(cstam-pkg/mission_proof/2026/January/08/mission_c1ea7327) by extensions ['colcon_pkg']
[0.785s] Level 1:colcon.colcon_core.package_identification:_identify(cstam-pkg/mission_proof/2026/January/08/mission_c1ea7327) by extension 'colcon_pkg'
[0.785s] Level 1:colcon.colcon_core.package_identification:_identify(cstam-pkg/mission_proof/2026/January/08/mission_c1ea7327) by extensions ['colcon_meta']
[0.785s] Level 1:colcon.colcon_core.package_identification:_identify(cstam-pkg/mission_proof/2026/January/08/mission_c1ea7327) by extension 'colcon_meta'
[0.785s] Level 1:colcon.colcon_core.package_identification:_identify(cstam-pkg/mission_proof/2026/January/08/mission_c1ea7327) by extensions ['ros']
[0.785s] Level 1:colcon.colcon_core.package_identification:_identify(cstam-pkg/mission_proof/2026/January/08/mission_c1ea7327) by extension 'ros'
[0.785s] Level 1:colcon.colcon_core.package_identification:_identify(cstam-pkg/mission_proof/2026/January/08/mission_c1ea7327) by extensions ['cmake', 'python']
[0.785s] Level 1:colcon.colcon_core.package_identification:_identify(cstam-pkg/mission_proof/2026/January/08/mission_c1ea7327) by extension 'cmake'
[0.785s] Level 1:colcon.colcon_core.package_identification:_identify(cstam-pkg/mission_proof/2026/January/08/mission_c1ea7327) by extension 'python'
[0.785s] Level 1:colcon.colcon_core.package_identification:_identify(cstam-pkg/mission_proof/2026/January/08/mission_c1ea7327) by extensions ['python_setup_py']
[0.785s] Level 1:colcon.colcon_core.package_identification:_identify(cstam-pkg/mission_proof/2026/January/08/mission_c1ea7327) by extension 'python_setup_py'
[0.785s] Level 1:colcon.colcon_core.package_identification:_identify(cstam-pkg/mission_proof/2026/January/08/mission_d39c298a) by extensions ['ignore', 'ignore_ament_install']
[0.785s] Level 1:colcon.colcon_core.package_identification:_identify(cstam-pkg/mission_proof/2026/January/08/mission_d39c298a) by extension 'ignore'
[0.785s] Level 1:colcon.colcon_core.package_identification:_identify(cstam-pkg/mission_proof/2026/January/08/mission_d39c298a) by extension 'ignore_ament_install'
[0.785s] Level 1:colcon.colcon_core.package_identification:_identify(cstam-pkg/mission_proof/2026/January/08/mission_d39c298a) by extensions ['colcon_pkg']
[0.785s] Level 1:colcon.colcon_core.package_identification:_identify(cstam-pkg/mission_proof/2026/January/08/mission_d39c298a) by extension 'colcon_pkg'
[0.785s] Level 1:colcon.colcon_core.package_identification:_identify(cstam-pkg/mission_proof/2026/January/08/mission_d39c298a) by extensions ['colcon_meta']
[0.785s] Level 1:colcon.colcon_core.package_identification:_identify(cstam-pkg/mission_proof/2026/January/08/mission_d39c298a) by extension 'colcon_meta'
[0.786s] Level 1:colcon.colcon_core.package_identification:_identify(cstam-pkg/mission_proof/2026/January/08/mission_d39c298a) by extensions ['ros']
[0.786s] Level 1:colcon.colcon_core.package_identification:_identify(cstam-pkg/mission_proof/2026/January/08/mission_d39c298a) by extension 'ros'
[0.786s] Level 1:colcon.colcon_core.package_identification:_identify(cstam-pkg/mission_proof/2026/January/08/mission_d39c298a) by extensions ['cmake', 'python']
[0.786s] Level 1:colcon.colcon_core.package_identification:_identify(cstam-pkg/mission_proof/2026/January/08/mission_d39c298a) by extension 'cmake'
[0.786s] Level 1:colcon.colcon_core.package_identification:_identify(cstam-pkg/mission_proof/2026/January/08/mission_d39c298a) by extension 'python'
[0.786s] Level 1:colcon.colcon_core.package_identification:_identify(cstam-pkg/mission_proof/2026/January/08/mission_d39c298a) by extensions ['python_setup_py']
[0.786s] Level 1:colcon.colcon_core.package_identification:_identify(cstam-pkg/mission_proof/2026/January/08/mission_d39c298a) by extension 'python_setup_py'
[0.786s] Level 1:colcon.colcon_core.package_identification:_identify(cstam-pkg/mission_proof/2026/January/08/mission_ea08cea3) by extensions ['ignore', 'ignore_ament_install']
[0.786s] Level 1:colcon.colcon_core.package_identification:_identify(cstam-pkg/mission_proof/2026/January/08/mission_ea08cea3) by extension 'ignore'
[0.786s] Level 1:colcon.colcon_core.package_identification:_identify(cstam-pkg/mission_proof/2026/January/08/mission_ea08cea3) by extension 'ignore_ament_install'
[0.786s] Level 1:colcon.colcon_core.package_identification:_identify(cstam-pkg/mission_proof/2026/January/08/mission_ea08cea3) by extensions ['colcon_pkg']
[0.786s] Level 1:colcon.colcon_core.package_identification:_identify(cstam-pkg/mission_proof/2026/January/08/mission_ea08cea3) by extension 'colcon_pkg'
[0.786s] Level 1:colcon.colcon_core.package_identification:_identify(cstam-pkg/mission_proof/2026/January/08/mission_ea08cea3) by extensions ['colcon_meta']
[0.786s] Level 1:colcon.colcon_core.package_identification:_identify(cstam-pkg/mission_proof/2026/January/08/mission_ea08cea3) by extension 'colcon_meta'
[0.786s] Level 1:colcon.colcon_core.package_identification:_identify(cstam-pkg/mission_proof/2026/January/08/mission_ea08cea3) by extensions ['ros']
[0.786s] Level 1:colcon.colcon_core.package_identification:_identify(cstam-pkg/mission_proof/2026/January/08/mission_ea08cea3) by extension 'ros'
[0.786s] Level 1:colcon.colcon_core.package_identification:_identify(cstam-pkg/mission_proof/2026/January/08/mission_ea08cea3) by extensions ['cmake', 'python']
[0.786s] Level 1:colcon.colcon_core.package_identification:_identify(cstam-pkg/mission_proof/2026/January/08/mission_ea08cea3) by extension 'cmake'
[0.786s] Level 1:colcon.colcon_core.package_identification:_identify(cstam-pkg/mission_proof/2026/January/08/mission_ea08cea3) by extension 'python'
[0.786s] Level 1:colcon.colcon_core.package_identification:_identify(cstam-pkg/mission_proof/2026/January/08/mission_ea08cea3) by extensions ['python_setup_py']
[0.786s] Level 1:colcon.colcon_core.package_identification:_identify(cstam-pkg/mission_proof/2026/January/08/mission_ea08cea3) by extension 'python_setup_py'
[0.786s] Level 1:colcon.colcon_core.package_identification:_identify(cstam-pkg/mission_proof/2026/January/08/mission_fed3f697) by extensions ['ignore', 'ignore_ament_install']
[0.786s] Level 1:colcon.colcon_core.package_identification:_identify(cstam-pkg/mission_proof/2026/January/08/mission_fed3f697) by extension 'ignore'
[0.786s] Level 1:colcon.colcon_core.package_identification:_identify(cstam-pkg/mission_proof/2026/January/08/mission_fed3f697) by extension 'ignore_ament_install'
[0.786s] Level 1:colcon.colcon_core.package_identification:_identify(cstam-pkg/mission_proof/2026/January/08/mission_fed3f697) by extensions ['colcon_pkg']
[0.786s] Level 1:colcon.colcon_core.package_identification:_identify(cstam-pkg/mission_proof/2026/January/08/mission_fed3f697) by extension 'colcon_pkg'
[0.786s] Level 1:colcon.colcon_core.package_identification:_identify(cstam-pkg/mission_proof/2026/January/08/mission_fed3f697) by extensions ['colcon_meta']
[0.786s] Level 1:colcon.colcon_core.package_identification:_identify(cstam-pkg/mission_proof/2026/January/08/mission_fed3f697) by extension 'colcon_meta'
[0.786s] Level 1:colcon.colcon_core.package_identification:_identify(cstam-pkg/mission_proof/2026/January/08/mission_fed3f697) by extensions ['ros']
[0.786s] Level 1:colcon.colcon_core.package_identification:_identify(cstam-pkg/mission_proof/2026/January/08/mission_fed3f697) by extension 'ros'
[0.786s] Level 1:colcon.colcon_core.package_identification:_identify(cstam-pkg/mission_proof/2026/January/08/mission_fed3f697) by extensions ['cmake', 'python']
[0.786s] Level 1:colcon.colcon_core.package_identification:_identify(cstam-pkg/mission_proof/2026/January/08/mission_fed3f697) by extension 'cmake'
[0.786s] Level 1:colcon.colcon_core.package_identification:_identify(cstam-pkg/mission_proof/2026/January/08/mission_fed3f697) by extension 'python'
[0.786s] Level 1:colcon.colcon_core.package_identification:_identify(cstam-pkg/mission_proof/2026/January/08/mission_fed3f697) by extensions ['python_setup_py']
[0.786s] Level 1:colcon.colcon_core.package_identification:_identify(cstam-pkg/mission_proof/2026/January/08/mission_fed3f697) by extension 'python_setup_py'
[0.786s] Level 1:colcon.colcon_core.package_identification:_identify(cstam-pkg/mission_proof/2026/January/09) by extensions ['ignore', 'ignore_ament_install']
[0.787s] Level 1:colcon.colcon_core.package_identification:_identify(cstam-pkg/mission_proof/2026/January/09) by extension 'ignore'
[0.787s] Level 1:colcon.colcon_core.package_identification:_identify(cstam-pkg/mission_proof/2026/January/09) by extension 'ignore_ament_install'
[0.787s] Level 1:colcon.colcon_core.package_identification:_identify(cstam-pkg/mission_proof/2026/January/09) by extensions ['colcon_pkg']
[0.787s] Level 1:colcon.colcon_core.package_identification:_identify(cstam-pkg/mission_proof/2026/January/09) by extension 'colcon_pkg'
[0.787s] Level 1:colcon.colcon_core.package_identification:_identify(cstam-pkg/mission_proof/2026/January/09) by extensions ['colcon_meta']
[0.787s] Level 1:colcon.colcon_core.package_identification:_identify(cstam-pkg/mission_proof/2026/January/09) by extension 'colcon_meta'
[0.787s] Level 1:colcon.colcon_core.package_identification:_identify(cstam-pkg/mission_proof/2026/January/09) by extensions ['ros']
[0.787s] Level 1:colcon.colcon_core.package_identification:_identify(cstam-pkg/mission_proof/2026/January/09) by extension 'ros'
[0.787s] Level 1:colcon.colcon_core.package_identification:_identify(cstam-pkg/mission_proof/2026/January/09) by extensions ['cmake', 'python']
[0.787s] Level 1:colcon.colcon_core.package_identification:_identify(cstam-pkg/mission_proof/2026/January/09) by extension 'cmake'
[0.787s] Level 1:colcon.colcon_core.package_identification:_identify(cstam-pkg/mission_proof/2026/January/09) by extension 'python'
[0.787s] Level 1:colcon.colcon_core.package_identification:_identify(cstam-pkg/mission_proof/2026/January/09) by extensions ['python_setup_py']
[0.787s] Level 1:colcon.colcon_core.package_identification:_identify(cstam-pkg/mission_proof/2026/January/09) by extension 'python_setup_py'
[0.787s] Level 1:colcon.colcon_core.package_identification:_identify(cstam-pkg/mission_proof/2026/January/09/mission_257b340d) by extensions ['ignore', 'ignore_ament_install']
[0.787s] Level 1:colcon.colcon_core.package_identification:_identify(cstam-pkg/mission_proof/2026/January/09/mission_257b340d) by extension 'ignore'
[0.787s] Level 1:colcon.colcon_core.package_identification:_identify(cstam-pkg/mission_proof/2026/January/09/mission_257b340d) by extension 'ignore_ament_install'
[0.787s] Level 1:colcon.colcon_core.package_identification:_identify(cstam-pkg/mission_proof/2026/January/09/mission_257b340d) by extensions ['colcon_pkg']
[0.787s] Level 1:colcon.colcon_core.package_identification:_identify(cstam-pkg/mission_proof/2026/January/09/mission_257b340d) by extension 'colcon_pkg'
[0.787s] Level 1:colcon.colcon_core.package_identification:_identify(cstam-pkg/mission_proof/2026/January/09/mission_257b340d) by extensions ['colcon_meta']
[0.787s] Level 1:colcon.colcon_core.package_identification:_identify(cstam-pkg/mission_proof/2026/January/09/mission_257b340d) by extension 'colcon_meta'
[0.787s] Level 1:colcon.colcon_core.package_identification:_identify(cstam-pkg/mission_proof/2026/January/09/mission_257b340d) by extensions ['ros']
[0.787s] Level 1:colcon.colcon_core.package_identification:_identify(cstam-pkg/mission_proof/2026/January/09/mission_257b340d) by extension 'ros'
[0.787s] Level 1:colcon.colcon_core.package_identification:_identify(cstam-pkg/mission_proof/2026/January/09/mission_257b340d) by extensions ['cmake', 'python']
[0.787s] Level 1:colcon.colcon_core.package_identification:_identify(cstam-pkg/mission_proof/2026/January/09/mission_257b340d) by extension 'cmake'
[0.787s] Level 1:colcon.colcon_core.package_identification:_identify(cstam-pkg/mission_proof/2026/January/09/mission_257b340d) by extension 'python'
[0.787s] Level 1:colcon.colcon_core.package_identification:_identify(cstam-pkg/mission_proof/2026/January/09/mission_257b340d) by extensions ['python_setup_py']
[0.787s] Level 1:colcon.colcon_core.package_identification:_identify(cstam-pkg/mission_proof/2026/January/09/mission_257b340d) by extension 'python_setup_py'
[0.787s] Level 1:colcon.colcon_core.package_identification:_identify(cstam-pkg/mission_proof/2026/January/09/mission_c4d6f334) by extensions ['ignore', 'ignore_ament_install']
[0.787s] Level 1:colcon.colcon_core.package_identification:_identify(cstam-pkg/mission_proof/2026/January/09/mission_c4d6f334) by extension 'ignore'
[0.787s] Level 1:colcon.colcon_core.package_identification:_identify(cstam-pkg/mission_proof/2026/January/09/mission_c4d6f334) by extension 'ignore_ament_install'
[0.787s] Level 1:colcon.colcon_core.package_identification:_identify(cstam-pkg/mission_proof/2026/January/09/mission_c4d6f334) by extensions ['colcon_pkg']
[0.787s] Level 1:colcon.colcon_core.package_identification:_identify(cstam-pkg/mission_proof/2026/January/09/mission_c4d6f334) by extension 'colcon_pkg'
[0.787s] Level 1:colcon.colcon_core.package_identification:_identify(cstam-pkg/mission_proof/2026/January/09/mission_c4d6f334) by extensions ['colcon_meta']
[0.787s] Level 1:colcon.colcon_core.package_identification:_identify(cstam-pkg/mission_proof/2026/January/09/mission_c4d6f334) by extension 'colcon_meta'
[0.787s] Level 1:colcon.colcon_core.package_identification:_identify(cstam-pkg/mission_proof/2026/January/09/mission_c4d6f334) by extensions ['ros']
[0.787s] Level 1:colcon.colcon_core.package_identification:_identify(cstam-pkg/mission_proof/2026/January/09/mission_c4d6f334) by extension 'ros'
[0.787s] Level 1:colcon.colcon_core.package_identification:_identify(cstam-pkg/mission_proof/2026/January/09/mission_c4d6f334) by extensions ['cmake', 'python']
[0.788s] Level 1:colcon.colcon_core.package_identification:_identify(cstam-pkg/mission_proof/2026/January/09/mission_c4d6f334) by extension 'cmake'
[0.788s] Level 1:colcon.colcon_core.package_identification:_identify(cstam-pkg/mission_proof/2026/January/09/mission_c4d6f334) by extension 'python'
[0.788s] Level 1:colcon.colcon_core.package_identification:_identify(cstam-pkg/mission_proof/2026/January/09/mission_c4d6f334) by extensions ['python_setup_py']
[0.788s] Level 1:colcon.colcon_core.package_identification:_identify(cstam-pkg/mission_proof/2026/January/09/mission_c4d6f334) by extension 'python_setup_py'
[0.788s] Level 1:colcon.colcon_core.package_identification:_identify(cstam-pkg/mission_proof/2026/January/09/mission_cabd9d72) by extensions ['ignore', 'ignore_ament_install']
[0.788s] Level 1:colcon.colcon_core.package_identification:_identify(cstam-pkg/mission_proof/2026/January/09/mission_cabd9d72) by extension 'ignore'
[0.788s] Level 1:colcon.colcon_core.package_identification:_identify(cstam-pkg/mission_proof/2026/January/09/mission_cabd9d72) by extension 'ignore_ament_install'
[0.788s] Level 1:colcon.colcon_core.package_identification:_identify(cstam-pkg/mission_proof/2026/January/09/mission_cabd9d72) by extensions ['colcon_pkg']
[0.788s] Level 1:colcon.colcon_core.package_identification:_identify(cstam-pkg/mission_proof/2026/January/09/mission_cabd9d72) by extension 'colcon_pkg'
[0.788s] Level 1:colcon.colcon_core.package_identification:_identify(cstam-pkg/mission_proof/2026/January/09/mission_cabd9d72) by extensions ['colcon_meta']
[0.788s] Level 1:colcon.colcon_core.package_identification:_identify(cstam-pkg/mission_proof/2026/January/09/mission_cabd9d72) by extension 'colcon_meta'
[0.788s] Level 1:colcon.colcon_core.package_identification:_identify(cstam-pkg/mission_proof/2026/January/09/mission_cabd9d72) by extensions ['ros']
[0.788s] Level 1:colcon.colcon_core.package_identification:_identify(cstam-pkg/mission_proof/2026/January/09/mission_cabd9d72) by extension 'ros'
[0.788s] Level 1:colcon.colcon_core.package_identification:_identify(cstam-pkg/mission_proof/2026/January/09/mission_cabd9d72) by extensions ['cmake', 'python']
[0.788s] Level 1:colcon.colcon_core.package_identification:_identify(cstam-pkg/mission_proof/2026/January/09/mission_cabd9d72) by extension 'cmake'
[0.788s] Level 1:colcon.colcon_core.package_identification:_identify(cstam-pkg/mission_proof/2026/January/09/mission_cabd9d72) by extension 'python'
[0.788s] Level 1:colcon.colcon_core.package_identification:_identify(cstam-pkg/mission_proof/2026/January/09/mission_cabd9d72) by extensions ['python_setup_py']
[0.788s] Level 1:colcon.colcon_core.package_identification:_identify(cstam-pkg/mission_proof/2026/January/09/mission_cabd9d72) by extension 'python_setup_py'
[0.788s] Level 1:colcon.colcon_core.package_identification:_identify(cstam-pkg/mission_proof/2026/January/09/mission_d0ef9f1f) by extensions ['ignore', 'ignore_ament_install']
[0.788s] Level 1:colcon.colcon_core.package_identification:_identify(cstam-pkg/mission_proof/2026/January/09/mission_d0ef9f1f) by extension 'ignore'
[0.788s] Level 1:colcon.colcon_core.package_identification:_identify(cstam-pkg/mission_proof/2026/January/09/mission_d0ef9f1f) by extension 'ignore_ament_install'
[0.788s] Level 1:colcon.colcon_core.package_identification:_identify(cstam-pkg/mission_proof/2026/January/09/mission_d0ef9f1f) by extensions ['colcon_pkg']
[0.788s] Level 1:colcon.colcon_core.package_identification:_identify(cstam-pkg/mission_proof/2026/January/09/mission_d0ef9f1f) by extension 'colcon_pkg'
[0.788s] Level 1:colcon.colcon_core.package_identification:_identify(cstam-pkg/mission_proof/2026/January/09/mission_d0ef9f1f) by extensions ['colcon_meta']
[0.788s] Level 1:colcon.colcon_core.package_identification:_identify(cstam-pkg/mission_proof/2026/January/09/mission_d0ef9f1f) by extension 'colcon_meta'
[0.788s] Level 1:colcon.colcon_core.package_identification:_identify(cstam-pkg/mission_proof/2026/January/09/mission_d0ef9f1f) by extensions ['ros']
[0.788s] Level 1:colcon.colcon_core.package_identification:_identify(cstam-pkg/mission_proof/2026/January/09/mission_d0ef9f1f) by extension 'ros'
[0.788s] Level 1:colcon.colcon_core.package_identification:_identify(cstam-pkg/mission_proof/2026/January/09/mission_d0ef9f1f) by extensions ['cmake', 'python']
[0.788s] Level 1:colcon.colcon_core.package_identification:_identify(cstam-pkg/mission_proof/2026/January/09/mission_d0ef9f1f) by extension 'cmake'
[0.788s] Level 1:colcon.colcon_core.package_identification:_identify(cstam-pkg/mission_proof/2026/January/09/mission_d0ef9f1f) by extension 'python'
[0.788s] Level 1:colcon.colcon_core.package_identification:_identify(cstam-pkg/mission_proof/2026/January/09/mission_d0ef9f1f) by extensions ['python_setup_py']
[0.788s] Level 1:colcon.colcon_core.package_identification:_identify(cstam-pkg/mission_proof/2026/January/09/mission_d0ef9f1f) by extension 'python_setup_py'
[0.788s] Level 1:colcon.colcon_core.package_identification:_identify(cstam-pkg/mission_proof/2026/January/10) by extensions ['ignore', 'ignore_ament_install']
[0.788s] Level 1:colcon.colcon_core.package_identification:_identify(cstam-pkg/mission_proof/2026/January/10) by extension 'ignore'
[0.788s] Level 1:colcon.colcon_core.package_identification:_identify(cstam-pkg/mission_proof/2026/January/10) by extension 'ignore_ament_install'
[0.788s] Level 1:colcon.colcon_core.package_identification:_identify(cstam-pkg/mission_proof/2026/January/10) by extensions ['colcon_pkg']
[0.789s] Level 1:colcon.colcon_core.package_identification:_identify(cstam-pkg/mission_proof/2026/January/10) by extension 'colcon_pkg'
[0.789s] Level 1:colcon.colcon_core.package_identification:_identify(cstam-pkg/mission_proof/2026/January/10) by extensions ['colcon_meta']
[0.789s] Level 1:colcon.colcon_core.package_identification:_identify(cstam-pkg/mission_proof/2026/January/10) by extension 'colcon_meta'
[0.789s] Level 1:colcon.colcon_core.package_identification:_identify(cstam-pkg/mission_proof/2026/January/10) by extensions ['ros']
[0.789s] Level 1:colcon.colcon_core.package_identification:_identify(cstam-pkg/mission_proof/2026/January/10) by extension 'ros'
[0.789s] Level 1:colcon.colcon_core.package_identification:_identify(cstam-pkg/mission_proof/2026/January/10) by extensions ['cmake', 'python']
[0.789s] Level 1:colcon.colcon_core.package_identification:_identify(cstam-pkg/mission_proof/2026/January/10) by extension 'cmake'
[0.789s] Level 1:colcon.colcon_core.package_identification:_identify(cstam-pkg/mission_proof/2026/January/10) by extension 'python'
[0.789s] Level 1:colcon.colcon_core.package_identification:_identify(cstam-pkg/mission_proof/2026/January/10) by extensions ['python_setup_py']
[0.789s] Level 1:colcon.colcon_core.package_identification:_identify(cstam-pkg/mission_proof/2026/January/10) by extension 'python_setup_py'
[0.789s] Level 1:colcon.colcon_core.package_identification:_identify(cstam-pkg/mission_proof/2026/January/10/mission_211b77cf) by extensions ['ignore', 'ignore_ament_install']
[0.789s] Level 1:colcon.colcon_core.package_identification:_identify(cstam-pkg/mission_proof/2026/January/10/mission_211b77cf) by extension 'ignore'
[0.789s] Level 1:colcon.colcon_core.package_identification:_identify(cstam-pkg/mission_proof/2026/January/10/mission_211b77cf) by extension 'ignore_ament_install'
[0.789s] Level 1:colcon.colcon_core.package_identification:_identify(cstam-pkg/mission_proof/2026/January/10/mission_211b77cf) by extensions ['colcon_pkg']
[0.789s] Level 1:colcon.colcon_core.package_identification:_identify(cstam-pkg/mission_proof/2026/January/10/mission_211b77cf) by extension 'colcon_pkg'
[0.789s] Level 1:colcon.colcon_core.package_identification:_identify(cstam-pkg/mission_proof/2026/January/10/mission_211b77cf) by extensions ['colcon_meta']
[0.789s] Level 1:colcon.colcon_core.package_identification:_identify(cstam-pkg/mission_proof/2026/January/10/mission_211b77cf) by extension 'colcon_meta'
[0.789s] Level 1:colcon.colcon_core.package_identification:_identify(cstam-pkg/mission_proof/2026/January/10/mission_211b77cf) by extensions ['ros']
[0.789s] Level 1:colcon.colcon_core.package_identification:_identify(cstam-pkg/mission_proof/2026/January/10/mission_211b77cf) by extension 'ros'
[0.789s] Level 1:colcon.colcon_core.package_identification:_identify(cstam-pkg/mission_proof/2026/January/10/mission_211b77cf) by extensions ['cmake', 'python']
[0.789s] Level 1:colcon.colcon_core.package_identification:_identify(cstam-pkg/mission_proof/2026/January/10/mission_211b77cf) by extension 'cmake'
[0.789s] Level 1:colcon.colcon_core.package_identification:_identify(cstam-pkg/mission_proof/2026/January/10/mission_211b77cf) by extension 'python'
[0.789s] Level 1:colcon.colcon_core.package_identification:_identify(cstam-pkg/mission_proof/2026/January/10/mission_211b77cf) by extensions ['python_setup_py']
[0.789s] Level 1:colcon.colcon_core.package_identification:_identify(cstam-pkg/mission_proof/2026/January/10/mission_211b77cf) by extension 'python_setup_py'
[0.789s] Level 1:colcon.colcon_core.package_identification:_identify(cstam-pkg/mission_proof/2026/January/10/mission_279a9299) by extensions ['ignore', 'ignore_ament_install']
[0.789s] Level 1:colcon.colcon_core.package_identification:_identify(cstam-pkg/mission_proof/2026/January/10/mission_279a9299) by extension 'ignore'
[0.789s] Level 1:colcon.colcon_core.package_identification:_identify(cstam-pkg/mission_proof/2026/January/10/mission_279a9299) by extension 'ignore_ament_install'
[0.789s] Level 1:colcon.colcon_core.package_identification:_identify(cstam-pkg/mission_proof/2026/January/10/mission_279a9299) by extensions ['colcon_pkg']
[0.789s] Level 1:colcon.colcon_core.package_identification:_identify(cstam-pkg/mission_proof/2026/January/10/mission_279a9299) by extension 'colcon_pkg'
[0.789s] Level 1:colcon.colcon_core.package_identification:_identify(cstam-pkg/mission_proof/2026/January/10/mission_279a9299) by extensions ['colcon_meta']
[0.789s] Level 1:colcon.colcon_core.package_identification:_identify(cstam-pkg/mission_proof/2026/January/10/mission_279a9299) by extension 'colcon_meta'
[0.789s] Level 1:colcon.colcon_core.package_identification:_identify(cstam-pkg/mission_proof/2026/January/10/mission_279a9299) by extensions ['ros']
[0.789s] Level 1:colcon.colcon_core.package_identification:_identify(cstam-pkg/mission_proof/2026/January/10/mission_279a9299) by extension 'ros'
[0.789s] Level 1:colcon.colcon_core.package_identification:_identify(cstam-pkg/mission_proof/2026/January/10/mission_279a9299) by extensions ['cmake', 'python']
[0.789s] Level 1:colcon.colcon_core.package_identification:_identify(cstam-pkg/mission_proof/2026/January/10/mission_279a9299) by extension 'cmake'
[0.789s] Level 1:colcon.colcon_core.package_identification:_identify(cstam-pkg/mission_proof/2026/January/10/mission_279a9299) by extension 'python'
[0.789s] Level 1:colcon.colcon_core.package_identification:_identify(cstam-pkg/mission_proof/2026/January/10/mission_279a9299) by extensions ['python_setup_py']
[0.789s] Level 1:colcon.colcon_core.package_identification:_identify(cstam-pkg/mission_proof/2026/January/10/mission_279a9299) by extension 'python_setup_py'
[0.790s] Level 1:colcon.colcon_core.package_identification:_identify(cstam-pkg/mission_proof/2026/January/10/mission_316daa8d) by extensions ['ignore', 'ignore_ament_install']
[0.790s] Level 1:colcon.colcon_core.package_identification:_identify(cstam-pkg/mission_proof/2026/January/10/mission_316daa8d) by extension 'ignore'
[0.790s] Level 1:colcon.colcon_core.package_identification:_identify(cstam-pkg/mission_proof/2026/January/10/mission_316daa8d) by extension 'ignore_ament_install'
[0.790s] Level 1:colcon.colcon_core.package_identification:_identify(cstam-pkg/mission_proof/2026/January/10/mission_316daa8d) by extensions ['colcon_pkg']
[0.790s] Level 1:colcon.colcon_core.package_identification:_identify(cstam-pkg/mission_proof/2026/January/10/mission_316daa8d) by extension 'colcon_pkg'
[0.790s] Level 1:colcon.colcon_core.package_identification:_identify(cstam-pkg/mission_proof/2026/January/10/mission_316daa8d) by extensions ['colcon_meta']
[0.790s] Level 1:colcon.colcon_core.package_identification:_identify(cstam-pkg/mission_proof/2026/January/10/mission_316daa8d) by extension 'colcon_meta'
[0.790s] Level 1:colcon.colcon_core.package_identification:_identify(cstam-pkg/mission_proof/2026/January/10/mission_316daa8d) by extensions ['ros']
[0.790s] Level 1:colcon.colcon_core.package_identification:_identify(cstam-pkg/mission_proof/2026/January/10/mission_316daa8d) by extension 'ros'
[0.790s] Level 1:colcon.colcon_core.package_identification:_identify(cstam-pkg/mission_proof/2026/January/10/mission_316daa8d) by extensions ['cmake', 'python']
[0.790s] Level 1:colcon.colcon_core.package_identification:_identify(cstam-pkg/mission_proof/2026/January/10/mission_316daa8d) by extension 'cmake'
[0.790s] Level 1:colcon.colcon_core.package_identification:_identify(cstam-pkg/mission_proof/2026/January/10/mission_316daa8d) by extension 'python'
[0.790s] Level 1:colcon.colcon_core.package_identification:_identify(cstam-pkg/mission_proof/2026/January/10/mission_316daa8d) by extensions ['python_setup_py']
[0.790s] Level 1:colcon.colcon_core.package_identification:_identify(cstam-pkg/mission_proof/2026/January/10/mission_316daa8d) by extension 'python_setup_py'
[0.790s] Level 1:colcon.colcon_core.package_identification:_identify(cstam-pkg/mission_proof/2026/January/10/mission_5c3f4dad) by extensions ['ignore', 'ignore_ament_install']
[0.790s] Level 1:colcon.colcon_core.package_identification:_identify(cstam-pkg/mission_proof/2026/January/10/mission_5c3f4dad) by extension 'ignore'
[0.790s] Level 1:colcon.colcon_core.package_identification:_identify(cstam-pkg/mission_proof/2026/January/10/mission_5c3f4dad) by extension 'ignore_ament_install'
[0.790s] Level 1:colcon.colcon_core.package_identification:_identify(cstam-pkg/mission_proof/2026/January/10/mission_5c3f4dad) by extensions ['colcon_pkg']
[0.790s] Level 1:colcon.colcon_core.package_identification:_identify(cstam-pkg/mission_proof/2026/January/10/mission_5c3f4dad) by extension 'colcon_pkg'
[0.790s] Level 1:colcon.colcon_core.package_identification:_identify(cstam-pkg/mission_proof/2026/January/10/mission_5c3f4dad) by extensions ['colcon_meta']
[0.790s] Level 1:colcon.colcon_core.package_identification:_identify(cstam-pkg/mission_proof/2026/January/10/mission_5c3f4dad) by extension 'colcon_meta'
[0.790s] Level 1:colcon.colcon_core.package_identification:_identify(cstam-pkg/mission_proof/2026/January/10/mission_5c3f4dad) by extensions ['ros']
[0.790s] Level 1:colcon.colcon_core.package_identification:_identify(cstam-pkg/mission_proof/2026/January/10/mission_5c3f4dad) by extension 'ros'
[0.790s] Level 1:colcon.colcon_core.package_identification:_identify(cstam-pkg/mission_proof/2026/January/10/mission_5c3f4dad) by extensions ['cmake', 'python']
[0.790s] Level 1:colcon.colcon_core.package_identification:_identify(cstam-pkg/mission_proof/2026/January/10/mission_5c3f4dad) by extension 'cmake'
[0.790s] Level 1:colcon.colcon_core.package_identification:_identify(cstam-pkg/mission_proof/2026/January/10/mission_5c3f4dad) by extension 'python'
[0.790s] Level 1:colcon.colcon_core.package_identification:_identify(cstam-pkg/mission_proof/2026/January/10/mission_5c3f4dad) by extensions ['python_setup_py']
[0.790s] Level 1:colcon.colcon_core.package_identification:_identify(cstam-pkg/mission_proof/2026/January/10/mission_5c3f4dad) by extension 'python_setup_py'
[0.790s] Level 1:colcon.colcon_core.package_identification:_identify(cstam-pkg/mission_proof/2026/January/10/mission_741cacd9) by extensions ['ignore', 'ignore_ament_install']
[0.790s] Level 1:colcon.colcon_core.package_identification:_identify(cstam-pkg/mission_proof/2026/January/10/mission_741cacd9) by extension 'ignore'
[0.790s] Level 1:colcon.colcon_core.package_identification:_identify(cstam-pkg/mission_proof/2026/January/10/mission_741cacd9) by extension 'ignore_ament_install'
[0.790s] Level 1:colcon.colcon_core.package_identification:_identify(cstam-pkg/mission_proof/2026/January/10/mission_741cacd9) by extensions ['colcon_pkg']
[0.790s] Level 1:colcon.colcon_core.package_identification:_identify(cstam-pkg/mission_proof/2026/January/10/mission_741cacd9) by extension 'colcon_pkg'
[0.790s] Level 1:colcon.colcon_core.package_identification:_identify(cstam-pkg/mission_proof/2026/January/10/mission_741cacd9) by extensions ['colcon_meta']
[0.790s] Level 1:colcon.colcon_core.package_identification:_identify(cstam-pkg/mission_proof/2026/January/10/mission_741cacd9) by extension 'colcon_meta'
[0.790s] Level 1:colcon.colcon_core.package_identification:_identify(cstam-pkg/mission_proof/2026/January/10/mission_741cacd9) by extensions ['ros']
[0.790s] Level 1:colcon.colcon_core.package_identification:_identify(cstam-pkg/mission_proof/2026/January/10/mission_741cacd9) by extension 'ros'
[0.791s] Level 1:colcon.colcon_core.package_identification:_identify(cstam-pkg/mission_proof/2026/January/10/mission_741cacd9) by extensions ['cmake', 'python']
[0.791s] Level 1:colcon.colcon_core.package_identification:_identify(cstam-pkg/mission_proof/2026/January/10/mission_741cacd9) by extension 'cmake'
[0.791s] Level 1:colcon.colcon_core.package_identification:_identify(cstam-pkg/mission_proof/2026/January/10/mission_741cacd9) by extension 'python'
[0.791s] Level 1:colcon.colcon_core.package_identification:_identify(cstam-pkg/mission_proof/2026/January/10/mission_741cacd9) by extensions ['python_setup_py']
[0.791s] Level 1:colcon.colcon_core.package_identification:_identify(cstam-pkg/mission_proof/2026/January/10/mission_741cacd9) by extension 'python_setup_py'
[0.791s] Level 1:colcon.colcon_core.package_identification:_identify(cstam-pkg/mission_proof/2026/January/10/mission_8b9e9a1c) by extensions ['ignore', 'ignore_ament_install']
[0.791s] Level 1:colcon.colcon_core.package_identification:_identify(cstam-pkg/mission_proof/2026/January/10/mission_8b9e9a1c) by extension 'ignore'
[0.791s] Level 1:colcon.colcon_core.package_identification:_identify(cstam-pkg/mission_proof/2026/January/10/mission_8b9e9a1c) by extension 'ignore_ament_install'
[0.791s] Level 1:colcon.colcon_core.package_identification:_identify(cstam-pkg/mission_proof/2026/January/10/mission_8b9e9a1c) by extensions ['colcon_pkg']
[0.791s] Level 1:colcon.colcon_core.package_identification:_identify(cstam-pkg/mission_proof/2026/January/10/mission_8b9e9a1c) by extension 'colcon_pkg'
[0.791s] Level 1:colcon.colcon_core.package_identification:_identify(cstam-pkg/mission_proof/2026/January/10/mission_8b9e9a1c) by extensions ['colcon_meta']
[0.791s] Level 1:colcon.colcon_core.package_identification:_identify(cstam-pkg/mission_proof/2026/January/10/mission_8b9e9a1c) by extension 'colcon_meta'
[0.791s] Level 1:colcon.colcon_core.package_identification:_identify(cstam-pkg/mission_proof/2026/January/10/mission_8b9e9a1c) by extensions ['ros']
[0.791s] Level 1:colcon.colcon_core.package_identification:_identify(cstam-pkg/mission_proof/2026/January/10/mission_8b9e9a1c) by extension 'ros'
[0.791s] Level 1:colcon.colcon_core.package_identification:_identify(cstam-pkg/mission_proof/2026/January/10/mission_8b9e9a1c) by extensions ['cmake', 'python']
[0.791s] Level 1:colcon.colcon_core.package_identification:_identify(cstam-pkg/mission_proof/2026/January/10/mission_8b9e9a1c) by extension 'cmake'
[0.791s] Level 1:colcon.colcon_core.package_identification:_identify(cstam-pkg/mission_proof/2026/January/10/mission_8b9e9a1c) by extension 'python'
[0.791s] Level 1:colcon.colcon_core.package_identification:_identify(cstam-pkg/mission_proof/2026/January/10/mission_8b9e9a1c) by extensions ['python_setup_py']
[0.791s] Level 1:colcon.colcon_core.package_identification:_identify(cstam-pkg/mission_proof/2026/January/10/mission_8b9e9a1c) by extension 'python_setup_py'
[0.791s] Level 1:colcon.colcon_core.package_identification:_identify(cstam-pkg/mission_proof/2026/January/13) by extensions ['ignore', 'ignore_ament_install']
[0.791s] Level 1:colcon.colcon_core.package_identification:_identify(cstam-pkg/mission_proof/2026/January/13) by extension 'ignore'
[0.791s] Level 1:colcon.colcon_core.package_identification:_identify(cstam-pkg/mission_proof/2026/January/13) by extension 'ignore_ament_install'
[0.791s] Level 1:colcon.colcon_core.package_identification:_identify(cstam-pkg/mission_proof/2026/January/13) by extensions ['colcon_pkg']
[0.791s] Level 1:colcon.colcon_core.package_identification:_identify(cstam-pkg/mission_proof/2026/January/13) by extension 'colcon_pkg'
[0.791s] Level 1:colcon.colcon_core.package_identification:_identify(cstam-pkg/mission_proof/2026/January/13) by extensions ['colcon_meta']
[0.791s] Level 1:colcon.colcon_core.package_identification:_identify(cstam-pkg/mission_proof/2026/January/13) by extension 'colcon_meta'
[0.791s] Level 1:colcon.colcon_core.package_identification:_identify(cstam-pkg/mission_proof/2026/January/13) by extensions ['ros']
[0.791s] Level 1:colcon.colcon_core.package_identification:_identify(cstam-pkg/mission_proof/2026/January/13) by extension 'ros'
[0.791s] Level 1:colcon.colcon_core.package_identification:_identify(cstam-pkg/mission_proof/2026/January/13) by extensions ['cmake', 'python']
[0.791s] Level 1:colcon.colcon_core.package_identification:_identify(cstam-pkg/mission_proof/2026/January/13) by extension 'cmake'
[0.791s] Level 1:colcon.colcon_core.package_identification:_identify(cstam-pkg/mission_proof/2026/January/13) by extension 'python'
[0.791s] Level 1:colcon.colcon_core.package_identification:_identify(cstam-pkg/mission_proof/2026/January/13) by extensions ['python_setup_py']
[0.791s] Level 1:colcon.colcon_core.package_identification:_identify(cstam-pkg/mission_proof/2026/January/13) by extension 'python_setup_py'
[0.791s] Level 1:colcon.colcon_core.package_identification:_identify(cstam-pkg/mission_proof/2026/January/13/mission_0007b322) by extensions ['ignore', 'ignore_ament_install']
[0.791s] Level 1:colcon.colcon_core.package_identification:_identify(cstam-pkg/mission_proof/2026/January/13/mission_0007b322) by extension 'ignore'
[0.792s] Level 1:colcon.colcon_core.package_identification:_identify(cstam-pkg/mission_proof/2026/January/13/mission_0007b322) by extension 'ignore_ament_install'
[0.792s] Level 1:colcon.colcon_core.package_identification:_identify(cstam-pkg/mission_proof/2026/January/13/mission_0007b322) by extensions ['colcon_pkg']
[0.792s] Level 1:colcon.colcon_core.package_identification:_identify(cstam-pkg/mission_proof/2026/January/13/mission_0007b322) by extension 'colcon_pkg'
[0.792s] Level 1:colcon.colcon_core.package_identification:_identify(cstam-pkg/mission_proof/2026/January/13/mission_0007b322) by extensions ['colcon_meta']
[0.792s] Level 1:colcon.colcon_core.package_identification:_identify(cstam-pkg/mission_proof/2026/January/13/mission_0007b322) by extension 'colcon_meta'
[0.792s] Level 1:colcon.colcon_core.package_identification:_identify(cstam-pkg/mission_proof/2026/January/13/mission_0007b322) by extensions ['ros']
[0.792s] Level 1:colcon.colcon_core.package_identification:_identify(cstam-pkg/mission_proof/2026/January/13/mission_0007b322) by extension 'ros'
[0.792s] Level 1:colcon.colcon_core.package_identification:_identify(cstam-pkg/mission_proof/2026/January/13/mission_0007b322) by extensions ['cmake', 'python']
[0.792s] Level 1:colcon.colcon_core.package_identification:_identify(cstam-pkg/mission_proof/2026/January/13/mission_0007b322) by extension 'cmake'
[0.792s] Level 1:colcon.colcon_core.package_identification:_identify(cstam-pkg/mission_proof/2026/January/13/mission_0007b322) by extension 'python'
[0.792s] Level 1:colcon.colcon_core.package_identification:_identify(cstam-pkg/mission_proof/2026/January/13/mission_0007b322) by extensions ['python_setup_py']
[0.792s] Level 1:colcon.colcon_core.package_identification:_identify(cstam-pkg/mission_proof/2026/January/13/mission_0007b322) by extension 'python_setup_py'
[0.792s] Level 1:colcon.colcon_core.package_identification:_identify(cstam-pkg/mission_proof/2026/January/13/mission_051496bd) by extensions ['ignore', 'ignore_ament_install']
[0.792s] Level 1:colcon.colcon_core.package_identification:_identify(cstam-pkg/mission_proof/2026/January/13/mission_051496bd) by extension 'ignore'
[0.792s] Level 1:colcon.colcon_core.package_identification:_identify(cstam-pkg/mission_proof/2026/January/13/mission_051496bd) by extension 'ignore_ament_install'
[0.792s] Level 1:colcon.colcon_core.package_identification:_identify(cstam-pkg/mission_proof/2026/January/13/mission_051496bd) by extensions ['colcon_pkg']
[0.792s] Level 1:colcon.colcon_core.package_identification:_identify(cstam-pkg/mission_proof/2026/January/13/mission_051496bd) by extension 'colcon_pkg'
[0.792s] Level 1:colcon.colcon_core.package_identification:_identify(cstam-pkg/mission_proof/2026/January/13/mission_051496bd) by extensions ['colcon_meta']
[0.792s] Level 1:colcon.colcon_core.package_identification:_identify(cstam-pkg/mission_proof/2026/January/13/mission_051496bd) by extension 'colcon_meta'
[0.792s] Level 1:colcon.colcon_core.package_identification:_identify(cstam-pkg/mission_proof/2026/January/13/mission_051496bd) by extensions ['ros']
[0.792s] Level 1:colcon.colcon_core.package_identification:_identify(cstam-pkg/mission_proof/2026/January/13/mission_051496bd) by extension 'ros'
[0.792s] Level 1:colcon.colcon_core.package_identification:_identify(cstam-pkg/mission_proof/2026/January/13/mission_051496bd) by extensions ['cmake', 'python']
[0.792s] Level 1:colcon.colcon_core.package_identification:_identify(cstam-pkg/mission_proof/2026/January/13/mission_051496bd) by extension 'cmake'
[0.792s] Level 1:colcon.colcon_core.package_identification:_identify(cstam-pkg/mission_proof/2026/January/13/mission_051496bd) by extension 'python'
[0.792s] Level 1:colcon.colcon_core.package_identification:_identify(cstam-pkg/mission_proof/2026/January/13/mission_051496bd) by extensions ['python_setup_py']
[0.792s] Level 1:colcon.colcon_core.package_identification:_identify(cstam-pkg/mission_proof/2026/January/13/mission_051496bd) by extension 'python_setup_py'
[0.792s] Level 1:colcon.colcon_core.package_identification:_identify(cstam-pkg/mission_proof/2026/January/13/mission_1ff3a9ab) by extensions ['ignore', 'ignore_ament_install']
[0.792s] Level 1:colcon.colcon_core.package_identification:_identify(cstam-pkg/mission_proof/2026/January/13/mission_1ff3a9ab) by extension 'ignore'
[0.792s] Level 1:colcon.colcon_core.package_identification:_identify(cstam-pkg/mission_proof/2026/January/13/mission_1ff3a9ab) by extension 'ignore_ament_install'
[0.792s] Level 1:colcon.colcon_core.package_identification:_identify(cstam-pkg/mission_proof/2026/January/13/mission_1ff3a9ab) by extensions ['colcon_pkg']
[0.792s] Level 1:colcon.colcon_core.package_identification:_identify(cstam-pkg/mission_proof/2026/January/13/mission_1ff3a9ab) by extension 'colcon_pkg'
[0.792s] Level 1:colcon.colcon_core.package_identification:_identify(cstam-pkg/mission_proof/2026/January/13/mission_1ff3a9ab) by extensions ['colcon_meta']
[0.792s] Level 1:colcon.colcon_core.package_identification:_identify(cstam-pkg/mission_proof/2026/January/13/mission_1ff3a9ab) by extension 'colcon_meta'
[0.792s] Level 1:colcon.colcon_core.package_identification:_identify(cstam-pkg/mission_proof/2026/January/13/mission_1ff3a9ab) by extensions ['ros']
[0.792s] Level 1:colcon.colcon_core.package_identification:_identify(cstam-pkg/mission_proof/2026/January/13/mission_1ff3a9ab) by extension 'ros'
[0.792s] Level 1:colcon.colcon_core.package_identification:_identify(cstam-pkg/mission_proof/2026/January/13/mission_1ff3a9ab) by extensions ['cmake', 'python']
[0.792s] Level 1:colcon.colcon_core.package_identification:_identify(cstam-pkg/mission_proof/2026/January/13/mission_1ff3a9ab) by extension 'cmake'
[0.792s] Level 1:colcon.colcon_core.package_identification:_identify(cstam-pkg/mission_proof/2026/January/13/mission_1ff3a9ab) by extension 'python'
[0.793s] Level 1:colcon.colcon_core.package_identification:_identify(cstam-pkg/mission_proof/2026/January/13/mission_1ff3a9ab) by extensions ['python_setup_py']
[0.793s] Level 1:colcon.colcon_core.package_identification:_identify(cstam-pkg/mission_proof/2026/January/13/mission_1ff3a9ab) by extension 'python_setup_py'
[0.793s] Level 1:colcon.colcon_core.package_identification:_identify(cstam-pkg/mission_proof/2026/January/13/mission_8a931119) by extensions ['ignore', 'ignore_ament_install']
[0.793s] Level 1:colcon.colcon_core.package_identification:_identify(cstam-pkg/mission_proof/2026/January/13/mission_8a931119) by extension 'ignore'
[0.793s] Level 1:colcon.colcon_core.package_identification:_identify(cstam-pkg/mission_proof/2026/January/13/mission_8a931119) by extension 'ignore_ament_install'
[0.793s] Level 1:colcon.colcon_core.package_identification:_identify(cstam-pkg/mission_proof/2026/January/13/mission_8a931119) by extensions ['colcon_pkg']
[0.793s] Level 1:colcon.colcon_core.package_identification:_identify(cstam-pkg/mission_proof/2026/January/13/mission_8a931119) by extension 'colcon_pkg'
[0.793s] Level 1:colcon.colcon_core.package_identification:_identify(cstam-pkg/mission_proof/2026/January/13/mission_8a931119) by extensions ['colcon_meta']
[0.793s] Level 1:colcon.colcon_core.package_identification:_identify(cstam-pkg/mission_proof/2026/January/13/mission_8a931119) by extension 'colcon_meta'
[0.793s] Level 1:colcon.colcon_core.package_identification:_identify(cstam-pkg/mission_proof/2026/January/13/mission_8a931119) by extensions ['ros']
[0.793s] Level 1:colcon.colcon_core.package_identification:_identify(cstam-pkg/mission_proof/2026/January/13/mission_8a931119) by extension 'ros'
[0.793s] Level 1:colcon.colcon_core.package_identification:_identify(cstam-pkg/mission_proof/2026/January/13/mission_8a931119) by extensions ['cmake', 'python']
[0.793s] Level 1:colcon.colcon_core.package_identification:_identify(cstam-pkg/mission_proof/2026/January/13/mission_8a931119) by extension 'cmake'
[0.793s] Level 1:colcon.colcon_core.package_identification:_identify(cstam-pkg/mission_proof/2026/January/13/mission_8a931119) by extension 'python'
[0.793s] Level 1:colcon.colcon_core.package_identification:_identify(cstam-pkg/mission_proof/2026/January/13/mission_8a931119) by extensions ['python_setup_py']
[0.793s] Level 1:colcon.colcon_core.package_identification:_identify(cstam-pkg/mission_proof/2026/January/13/mission_8a931119) by extension 'python_setup_py'
[0.793s] Level 1:colcon.colcon_core.package_identification:_identify(cstam-pkg/mission_proof/2026/January/13/mission_b7f30b55) by extensions ['ignore', 'ignore_ament_install']
[0.793s] Level 1:colcon.colcon_core.package_identification:_identify(cstam-pkg/mission_proof/2026/January/13/mission_b7f30b55) by extension 'ignore'
[0.793s] Level 1:colcon.colcon_core.package_identification:_identify(cstam-pkg/mission_proof/2026/January/13/mission_b7f30b55) by extension 'ignore_ament_install'
[0.793s] Level 1:colcon.colcon_core.package_identification:_identify(cstam-pkg/mission_proof/2026/January/13/mission_b7f30b55) by extensions ['colcon_pkg']
[0.793s] Level 1:colcon.colcon_core.package_identification:_identify(cstam-pkg/mission_proof/2026/January/13/mission_b7f30b55) by extension 'colcon_pkg'
[0.793s] Level 1:colcon.colcon_core.package_identification:_identify(cstam-pkg/mission_proof/2026/January/13/mission_b7f30b55) by extensions ['colcon_meta']
[0.793s] Level 1:colcon.colcon_core.package_identification:_identify(cstam-pkg/mission_proof/2026/January/13/mission_b7f30b55) by extension 'colcon_meta'
[0.793s] Level 1:colcon.colcon_core.package_identification:_identify(cstam-pkg/mission_proof/2026/January/13/mission_b7f30b55) by extensions ['ros']
[0.793s] Level 1:colcon.colcon_core.package_identification:_identify(cstam-pkg/mission_proof/2026/January/13/mission_b7f30b55) by extension 'ros'
[0.793s] Level 1:colcon.colcon_core.package_identification:_identify(cstam-pkg/mission_proof/2026/January/13/mission_b7f30b55) by extensions ['cmake', 'python']
[0.793s] Level 1:colcon.colcon_core.package_identification:_identify(cstam-pkg/mission_proof/2026/January/13/mission_b7f30b55) by extension 'cmake'
[0.793s] Level 1:colcon.colcon_core.package_identification:_identify(cstam-pkg/mission_proof/2026/January/13/mission_b7f30b55) by extension 'python'
[0.793s] Level 1:colcon.colcon_core.package_identification:_identify(cstam-pkg/mission_proof/2026/January/13/mission_b7f30b55) by extensions ['python_setup_py']
[0.793s] Level 1:colcon.colcon_core.package_identification:_identify(cstam-pkg/mission_proof/2026/January/13/mission_b7f30b55) by extension 'python_setup_py'
[0.793s] Level 1:colcon.colcon_core.package_identification:_identify(cstam-pkg/mission_proof/2026/January/13/mission_e3555bb1) by extensions ['ignore', 'ignore_ament_install']
[0.793s] Level 1:colcon.colcon_core.package_identification:_identify(cstam-pkg/mission_proof/2026/January/13/mission_e3555bb1) by extension 'ignore'
[0.793s] Level 1:colcon.colcon_core.package_identification:_identify(cstam-pkg/mission_proof/2026/January/13/mission_e3555bb1) by extension 'ignore_ament_install'
[0.793s] Level 1:colcon.colcon_core.package_identification:_identify(cstam-pkg/mission_proof/2026/January/13/mission_e3555bb1) by extensions ['colcon_pkg']
[0.793s] Level 1:colcon.colcon_core.package_identification:_identify(cstam-pkg/mission_proof/2026/January/13/mission_e3555bb1) by extension 'colcon_pkg'
[0.793s] Level 1:colcon.colcon_core.package_identification:_identify(cstam-pkg/mission_proof/2026/January/13/mission_e3555bb1) by extensions ['colcon_meta']
[0.794s] Level 1:colcon.colcon_core.package_identification:_identify(cstam-pkg/mission_proof/2026/January/13/mission_e3555bb1) by extension 'colcon_meta'
[0.794s] Level 1:colcon.colcon_core.package_identification:_identify(cstam-pkg/mission_proof/2026/January/13/mission_e3555bb1) by extensions ['ros']
[0.794s] Level 1:colcon.colcon_core.package_identification:_identify(cstam-pkg/mission_proof/2026/January/13/mission_e3555bb1) by extension 'ros'
[0.794s] Level 1:colcon.colcon_core.package_identification:_identify(cstam-pkg/mission_proof/2026/January/13/mission_e3555bb1) by extensions ['cmake', 'python']
[0.794s] Level 1:colcon.colcon_core.package_identification:_identify(cstam-pkg/mission_proof/2026/January/13/mission_e3555bb1) by extension 'cmake'
[0.794s] Level 1:colcon.colcon_core.package_identification:_identify(cstam-pkg/mission_proof/2026/January/13/mission_e3555bb1) by extension 'python'
[0.794s] Level 1:colcon.colcon_core.package_identification:_identify(cstam-pkg/mission_proof/2026/January/13/mission_e3555bb1) by extensions ['python_setup_py']
[0.794s] Level 1:colcon.colcon_core.package_identification:_identify(cstam-pkg/mission_proof/2026/January/13/mission_e3555bb1) by extension 'python_setup_py'
[0.794s] Level 1:colcon.colcon_core.package_identification:_identify(cstam-pkg/mission_proof/2026/January/16) by extensions ['ignore', 'ignore_ament_install']
[0.794s] Level 1:colcon.colcon_core.package_identification:_identify(cstam-pkg/mission_proof/2026/January/16) by extension 'ignore'
[0.794s] Level 1:colcon.colcon_core.package_identification:_identify(cstam-pkg/mission_proof/2026/January/16) by extension 'ignore_ament_install'
[0.794s] Level 1:colcon.colcon_core.package_identification:_identify(cstam-pkg/mission_proof/2026/January/16) by extensions ['colcon_pkg']
[0.794s] Level 1:colcon.colcon_core.package_identification:_identify(cstam-pkg/mission_proof/2026/January/16) by extension 'colcon_pkg'
[0.794s] Level 1:colcon.colcon_core.package_identification:_identify(cstam-pkg/mission_proof/2026/January/16) by extensions ['colcon_meta']
[0.794s] Level 1:colcon.colcon_core.package_identification:_identify(cstam-pkg/mission_proof/2026/January/16) by extension 'colcon_meta'
[0.794s] Level 1:colcon.colcon_core.package_identification:_identify(cstam-pkg/mission_proof/2026/January/16) by extensions ['ros']
[0.794s] Level 1:colcon.colcon_core.package_identification:_identify(cstam-pkg/mission_proof/2026/January/16) by extension 'ros'
[0.794s] Level 1:colcon.colcon_core.package_identification:_identify(cstam-pkg/mission_proof/2026/January/16) by extensions ['cmake', 'python']
[0.794s] Level 1:colcon.colcon_core.package_identification:_identify(cstam-pkg/mission_proof/2026/January/16) by extension 'cmake'
[0.794s] Level 1:colcon.colcon_core.package_identification:_identify(cstam-pkg/mission_proof/2026/January/16) by extension 'python'
[0.794s] Level 1:colcon.colcon_core.package_identification:_identify(cstam-pkg/mission_proof/2026/January/16) by extensions ['python_setup_py']
[0.794s] Level 1:colcon.colcon_core.package_identification:_identify(cstam-pkg/mission_proof/2026/January/16) by extension 'python_setup_py'
[0.794s] Level 1:colcon.colcon_core.package_identification:_identify(cstam-pkg/mission_proof/2026/January/16/mission_04adcbaf) by extensions ['ignore', 'ignore_ament_install']
[0.794s] Level 1:colcon.colcon_core.package_identification:_identify(cstam-pkg/mission_proof/2026/January/16/mission_04adcbaf) by extension 'ignore'
[0.794s] Level 1:colcon.colcon_core.package_identification:_identify(cstam-pkg/mission_proof/2026/January/16/mission_04adcbaf) by extension 'ignore_ament_install'
[0.794s] Level 1:colcon.colcon_core.package_identification:_identify(cstam-pkg/mission_proof/2026/January/16/mission_04adcbaf) by extensions ['colcon_pkg']
[0.794s] Level 1:colcon.colcon_core.package_identification:_identify(cstam-pkg/mission_proof/2026/January/16/mission_04adcbaf) by extension 'colcon_pkg'
[0.794s] Level 1:colcon.colcon_core.package_identification:_identify(cstam-pkg/mission_proof/2026/January/16/mission_04adcbaf) by extensions ['colcon_meta']
[0.794s] Level 1:colcon.colcon_core.package_identification:_identify(cstam-pkg/mission_proof/2026/January/16/mission_04adcbaf) by extension 'colcon_meta'
[0.794s] Level 1:colcon.colcon_core.package_identification:_identify(cstam-pkg/mission_proof/2026/January/16/mission_04adcbaf) by extensions ['ros']
[0.794s] Level 1:colcon.colcon_core.package_identification:_identify(cstam-pkg/mission_proof/2026/January/16/mission_04adcbaf) by extension 'ros'
[0.794s] Level 1:colcon.colcon_core.package_identification:_identify(cstam-pkg/mission_proof/2026/January/16/mission_04adcbaf) by extensions ['cmake', 'python']
[0.794s] Level 1:colcon.colcon_core.package_identification:_identify(cstam-pkg/mission_proof/2026/January/16/mission_04adcbaf) by extension 'cmake'
[0.794s] Level 1:colcon.colcon_core.package_identification:_identify(cstam-pkg/mission_proof/2026/January/16/mission_04adcbaf) by extension 'python'
[0.795s] Level 1:colcon.colcon_core.package_identification:_identify(cstam-pkg/mission_proof/2026/January/16/mission_04adcbaf) by extensions ['python_setup_py']
[0.795s] Level 1:colcon.colcon_core.package_identification:_identify(cstam-pkg/mission_proof/2026/January/16/mission_04adcbaf) by extension 'python_setup_py'
[0.795s] Level 1:colcon.colcon_core.package_identification:_identify(cstam-pkg/mission_proof/2026/January/16/mission_0647af4f) by extensions ['ignore', 'ignore_ament_install']
[0.795s] Level 1:colcon.colcon_core.package_identification:_identify(cstam-pkg/mission_proof/2026/January/16/mission_0647af4f) by extension 'ignore'
[0.795s] Level 1:colcon.colcon_core.package_identification:_identify(cstam-pkg/mission_proof/2026/January/16/mission_0647af4f) by extension 'ignore_ament_install'
[0.795s] Level 1:colcon.colcon_core.package_identification:_identify(cstam-pkg/mission_proof/2026/January/16/mission_0647af4f) by extensions ['colcon_pkg']
[0.795s] Level 1:colcon.colcon_core.package_identification:_identify(cstam-pkg/mission_proof/2026/January/16/mission_0647af4f) by extension 'colcon_pkg'
[0.795s] Level 1:colcon.colcon_core.package_identification:_identify(cstam-pkg/mission_proof/2026/January/16/mission_0647af4f) by extensions ['colcon_meta']
[0.795s] Level 1:colcon.colcon_core.package_identification:_identify(cstam-pkg/mission_proof/2026/January/16/mission_0647af4f) by extension 'colcon_meta'
[0.795s] Level 1:colcon.colcon_core.package_identification:_identify(cstam-pkg/mission_proof/2026/January/16/mission_0647af4f) by extensions ['ros']
[0.795s] Level 1:colcon.colcon_core.package_identification:_identify(cstam-pkg/mission_proof/2026/January/16/mission_0647af4f) by extension 'ros'
[0.795s] Level 1:colcon.colcon_core.package_identification:_identify(cstam-pkg/mission_proof/2026/January/16/mission_0647af4f) by extensions ['cmake', 'python']
[0.795s] Level 1:colcon.colcon_core.package_identification:_identify(cstam-pkg/mission_proof/2026/January/16/mission_0647af4f) by extension 'cmake'
[0.795s] Level 1:colcon.colcon_core.package_identification:_identify(cstam-pkg/mission_proof/2026/January/16/mission_0647af4f) by extension 'python'
[0.795s] Level 1:colcon.colcon_core.package_identification:_identify(cstam-pkg/mission_proof/2026/January/16/mission_0647af4f) by extensions ['python_setup_py']
[0.795s] Level 1:colcon.colcon_core.package_identification:_identify(cstam-pkg/mission_proof/2026/January/16/mission_0647af4f) by extension 'python_setup_py'
[0.795s] Level 1:colcon.colcon_core.package_identification:_identify(cstam-pkg/mission_proof/2026/January/16/mission_08b30490) by extensions ['ignore', 'ignore_ament_install']
[0.795s] Level 1:colcon.colcon_core.package_identification:_identify(cstam-pkg/mission_proof/2026/January/16/mission_08b30490) by extension 'ignore'
[0.795s] Level 1:colcon.colcon_core.package_identification:_identify(cstam-pkg/mission_proof/2026/January/16/mission_08b30490) by extension 'ignore_ament_install'
[0.795s] Level 1:colcon.colcon_core.package_identification:_identify(cstam-pkg/mission_proof/2026/January/16/mission_08b30490) by extensions ['colcon_pkg']
[0.795s] Level 1:colcon.colcon_core.package_identification:_identify(cstam-pkg/mission_proof/2026/January/16/mission_08b30490) by extension 'colcon_pkg'
[0.795s] Level 1:colcon.colcon_core.package_identification:_identify(cstam-pkg/mission_proof/2026/January/16/mission_08b30490) by extensions ['colcon_meta']
[0.795s] Level 1:colcon.colcon_core.package_identification:_identify(cstam-pkg/mission_proof/2026/January/16/mission_08b30490) by extension 'colcon_meta'
[0.795s] Level 1:colcon.colcon_core.package_identification:_identify(cstam-pkg/mission_proof/2026/January/16/mission_08b30490) by extensions ['ros']
[0.795s] Level 1:colcon.colcon_core.package_identification:_identify(cstam-pkg/mission_proof/2026/January/16/mission_08b30490) by extension 'ros'
[0.795s] Level 1:colcon.colcon_core.package_identification:_identify(cstam-pkg/mission_proof/2026/January/16/mission_08b30490) by extensions ['cmake', 'python']
[0.795s] Level 1:colcon.colcon_core.package_identification:_identify(cstam-pkg/mission_proof/2026/January/16/mission_08b30490) by extension 'cmake'
[0.795s] Level 1:colcon.colcon_core.package_identification:_identify(cstam-pkg/mission_proof/2026/January/16/mission_08b30490) by extension 'python'
[0.795s] Level 1:colcon.colcon_core.package_identification:_identify(cstam-pkg/mission_proof/2026/January/16/mission_08b30490) by extensions ['python_setup_py']
[0.795s] Level 1:colcon.colcon_core.package_identification:_identify(cstam-pkg/mission_proof/2026/January/16/mission_08b30490) by extension 'python_setup_py'
[0.795s] Level 1:colcon.colcon_core.package_identification:_identify(cstam-pkg/mission_proof/2026/January/16/mission_0c834363) by extensions ['ignore', 'ignore_ament_install']
[0.795s] Level 1:colcon.colcon_core.package_identification:_identify(cstam-pkg/mission_proof/2026/January/16/mission_0c834363) by extension 'ignore'
[0.795s] Level 1:colcon.colcon_core.package_identification:_identify(cstam-pkg/mission_proof/2026/January/16/mission_0c834363) by extension 'ignore_ament_install'
[0.795s] Level 1:colcon.colcon_core.package_identification:_identify(cstam-pkg/mission_proof/2026/January/16/mission_0c834363) by extensions ['colcon_pkg']
[0.795s] Level 1:colcon.colcon_core.package_identification:_identify(cstam-pkg/mission_proof/2026/January/16/mission_0c834363) by extension 'colcon_pkg'
[0.796s] Level 1:colcon.colcon_core.package_identification:_identify(cstam-pkg/mission_proof/2026/January/16/mission_0c834363) by extensions ['colcon_meta']
[0.796s] Level 1:colcon.colcon_core.package_identification:_identify(cstam-pkg/mission_proof/2026/January/16/mission_0c834363) by extension 'colcon_meta'
[0.796s] Level 1:colcon.colcon_core.package_identification:_identify(cstam-pkg/mission_proof/2026/January/16/mission_0c834363) by extensions ['ros']
[0.796s] Level 1:colcon.colcon_core.package_identification:_identify(cstam-pkg/mission_proof/2026/January/16/mission_0c834363) by extension 'ros'
[0.796s] Level 1:colcon.colcon_core.package_identification:_identify(cstam-pkg/mission_proof/2026/January/16/mission_0c834363) by extensions ['cmake', 'python']
[0.796s] Level 1:colcon.colcon_core.package_identification:_identify(cstam-pkg/mission_proof/2026/January/16/mission_0c834363) by extension 'cmake'
[0.796s] Level 1:colcon.colcon_core.package_identification:_identify(cstam-pkg/mission_proof/2026/January/16/mission_0c834363) by extension 'python'
[0.796s] Level 1:colcon.colcon_core.package_identification:_identify(cstam-pkg/mission_proof/2026/January/16/mission_0c834363) by extensions ['python_setup_py']
[0.796s] Level 1:colcon.colcon_core.package_identification:_identify(cstam-pkg/mission_proof/2026/January/16/mission_0c834363) by extension 'python_setup_py'
[0.796s] Level 1:colcon.colcon_core.package_identification:_identify(cstam-pkg/mission_proof/2026/January/16/mission_103992cc) by extensions ['ignore', 'ignore_ament_install']
[0.796s] Level 1:colcon.colcon_core.package_identification:_identify(cstam-pkg/mission_proof/2026/January/16/mission_103992cc) by extension 'ignore'
[0.796s] Level 1:colcon.colcon_core.package_identification:_identify(cstam-pkg/mission_proof/2026/January/16/mission_103992cc) by extension 'ignore_ament_install'
[0.796s] Level 1:colcon.colcon_core.package_identification:_identify(cstam-pkg/mission_proof/2026/January/16/mission_103992cc) by extensions ['colcon_pkg']
[0.796s] Level 1:colcon.colcon_core.package_identification:_identify(cstam-pkg/mission_proof/2026/January/16/mission_103992cc) by extension 'colcon_pkg'
[0.796s] Level 1:colcon.colcon_core.package_identification:_identify(cstam-pkg/mission_proof/2026/January/16/mission_103992cc) by extensions ['colcon_meta']
[0.796s] Level 1:colcon.colcon_core.package_identification:_identify(cstam-pkg/mission_proof/2026/January/16/mission_103992cc) by extension 'colcon_meta'
[0.796s] Level 1:colcon.colcon_core.package_identification:_identify(cstam-pkg/mission_proof/2026/January/16/mission_103992cc) by extensions ['ros']
[0.796s] Level 1:colcon.colcon_core.package_identification:_identify(cstam-pkg/mission_proof/2026/January/16/mission_103992cc) by extension 'ros'
[0.796s] Level 1:colcon.colcon_core.package_identification:_identify(cstam-pkg/mission_proof/2026/January/16/mission_103992cc) by extensions ['cmake', 'python']
[0.796s] Level 1:colcon.colcon_core.package_identification:_identify(cstam-pkg/mission_proof/2026/January/16/mission_103992cc) by extension 'cmake'
[0.796s] Level 1:colcon.colcon_core.package_identification:_identify(cstam-pkg/mission_proof/2026/January/16/mission_103992cc) by extension 'python'
[0.796s] Level 1:colcon.colcon_core.package_identification:_identify(cstam-pkg/mission_proof/2026/January/16/mission_103992cc) by extensions ['python_setup_py']
[0.796s] Level 1:colcon.colcon_core.package_identification:_identify(cstam-pkg/mission_proof/2026/January/16/mission_103992cc) by extension 'python_setup_py'
[0.796s] Level 1:colcon.colcon_core.package_identification:_identify(cstam-pkg/mission_proof/2026/January/16/mission_193c0241) by extensions ['ignore', 'ignore_ament_install']
[0.796s] Level 1:colcon.colcon_core.package_identification:_identify(cstam-pkg/mission_proof/2026/January/16/mission_193c0241) by extension 'ignore'
[0.796s] Level 1:colcon.colcon_core.package_identification:_identify(cstam-pkg/mission_proof/2026/January/16/mission_193c0241) by extension 'ignore_ament_install'
[0.796s] Level 1:colcon.colcon_core.package_identification:_identify(cstam-pkg/mission_proof/2026/January/16/mission_193c0241) by extensions ['colcon_pkg']
[0.796s] Level 1:colcon.colcon_core.package_identification:_identify(cstam-pkg/mission_proof/2026/January/16/mission_193c0241) by extension 'colcon_pkg'
[0.796s] Level 1:colcon.colcon_core.package_identification:_identify(cstam-pkg/mission_proof/2026/January/16/mission_193c0241) by extensions ['colcon_meta']
[0.796s] Level 1:colcon.colcon_core.package_identification:_identify(cstam-pkg/mission_proof/2026/January/16/mission_193c0241) by extension 'colcon_meta'
[0.796s] Level 1:colcon.colcon_core.package_identification:_identify(cstam-pkg/mission_proof/2026/January/16/mission_193c0241) by extensions ['ros']
[0.796s] Level 1:colcon.colcon_core.package_identification:_identify(cstam-pkg/mission_proof/2026/January/16/mission_193c0241) by extension 'ros'
[0.796s] Level 1:colcon.colcon_core.package_identification:_identify(cstam-pkg/mission_proof/2026/January/16/mission_193c0241) by extensions ['cmake', 'python']
[0.796s] Level 1:colcon.colcon_core.package_identification:_identify(cstam-pkg/mission_proof/2026/January/16/mission_193c0241) by extension 'cmake'
[0.796s] Level 1:colcon.colcon_core.package_identification:_identify(cstam-pkg/mission_proof/2026/January/16/mission_193c0241) by extension 'python'
[0.796s] Level 1:colcon.colcon_core.package_identification:_identify(cstam-pkg/mission_proof/2026/January/16/mission_193c0241) by extensions ['python_setup_py']
[0.796s] Level 1:colcon.colcon_core.package_identification:_identify(cstam-pkg/mission_proof/2026/January/16/mission_193c0241) by extension 'python_setup_py'
[0.796s] Level 1:colcon.colcon_core.package_identification:_identify(cstam-pkg/mission_proof/2026/January/16/mission_1dacb4c6) by extensions ['ignore', 'ignore_ament_install']
[0.797s] Level 1:colcon.colcon_core.package_identification:_identify(cstam-pkg/mission_proof/2026/January/16/mission_1dacb4c6) by extension 'ignore'
[0.797s] Level 1:colcon.colcon_core.package_identification:_identify(cstam-pkg/mission_proof/2026/January/16/mission_1dacb4c6) by extension 'ignore_ament_install'
[0.797s] Level 1:colcon.colcon_core.package_identification:_identify(cstam-pkg/mission_proof/2026/January/16/mission_1dacb4c6) by extensions ['colcon_pkg']
[0.797s] Level 1:colcon.colcon_core.package_identification:_identify(cstam-pkg/mission_proof/2026/January/16/mission_1dacb4c6) by extension 'colcon_pkg'
[0.797s] Level 1:colcon.colcon_core.package_identification:_identify(cstam-pkg/mission_proof/2026/January/16/mission_1dacb4c6) by extensions ['colcon_meta']
[0.797s] Level 1:colcon.colcon_core.package_identification:_identify(cstam-pkg/mission_proof/2026/January/16/mission_1dacb4c6) by extension 'colcon_meta'
[0.797s] Level 1:colcon.colcon_core.package_identification:_identify(cstam-pkg/mission_proof/2026/January/16/mission_1dacb4c6) by extensions ['ros']
[0.797s] Level 1:colcon.colcon_core.package_identification:_identify(cstam-pkg/mission_proof/2026/January/16/mission_1dacb4c6) by extension 'ros'
[0.797s] Level 1:colcon.colcon_core.package_identification:_identify(cstam-pkg/mission_proof/2026/January/16/mission_1dacb4c6) by extensions ['cmake', 'python']
[0.797s] Level 1:colcon.colcon_core.package_identification:_identify(cstam-pkg/mission_proof/2026/January/16/mission_1dacb4c6) by extension 'cmake'
[0.797s] Level 1:colcon.colcon_core.package_identification:_identify(cstam-pkg/mission_proof/2026/January/16/mission_1dacb4c6) by extension 'python'
[0.797s] Level 1:colcon.colcon_core.package_identification:_identify(cstam-pkg/mission_proof/2026/January/16/mission_1dacb4c6) by extensions ['python_setup_py']
[0.797s] Level 1:colcon.colcon_core.package_identification:_identify(cstam-pkg/mission_proof/2026/January/16/mission_1dacb4c6) by extension 'python_setup_py'
[0.797s] Level 1:colcon.colcon_core.package_identification:_identify(cstam-pkg/mission_proof/2026/January/16/mission_253e5702) by extensions ['ignore', 'ignore_ament_install']
[0.797s] Level 1:colcon.colcon_core.package_identification:_identify(cstam-pkg/mission_proof/2026/January/16/mission_253e5702) by extension 'ignore'
[0.797s] Level 1:colcon.colcon_core.package_identification:_identify(cstam-pkg/mission_proof/2026/January/16/mission_253e5702) by extension 'ignore_ament_install'
[0.797s] Level 1:colcon.colcon_core.package_identification:_identify(cstam-pkg/mission_proof/2026/January/16/mission_253e5702) by extensions ['colcon_pkg']
[0.797s] Level 1:colcon.colcon_core.package_identification:_identify(cstam-pkg/mission_proof/2026/January/16/mission_253e5702) by extension 'colcon_pkg'
[0.797s] Level 1:colcon.colcon_core.package_identification:_identify(cstam-pkg/mission_proof/2026/January/16/mission_253e5702) by extensions ['colcon_meta']
[0.797s] Level 1:colcon.colcon_core.package_identification:_identify(cstam-pkg/mission_proof/2026/January/16/mission_253e5702) by extension 'colcon_meta'
[0.797s] Level 1:colcon.colcon_core.package_identification:_identify(cstam-pkg/mission_proof/2026/January/16/mission_253e5702) by extensions ['ros']
[0.797s] Level 1:colcon.colcon_core.package_identification:_identify(cstam-pkg/mission_proof/2026/January/16/mission_253e5702) by extension 'ros'
[0.797s] Level 1:colcon.colcon_core.package_identification:_identify(cstam-pkg/mission_proof/2026/January/16/mission_253e5702) by extensions ['cmake', 'python']
[0.797s] Level 1:colcon.colcon_core.package_identification:_identify(cstam-pkg/mission_proof/2026/January/16/mission_253e5702) by extension 'cmake'
[0.797s] Level 1:colcon.colcon_core.package_identification:_identify(cstam-pkg/mission_proof/2026/January/16/mission_253e5702) by extension 'python'
[0.797s] Level 1:colcon.colcon_core.package_identification:_identify(cstam-pkg/mission_proof/2026/January/16/mission_253e5702) by extensions ['python_setup_py']
[0.797s] Level 1:colcon.colcon_core.package_identification:_identify(cstam-pkg/mission_proof/2026/January/16/mission_253e5702) by extension 'python_setup_py'
[0.797s] Level 1:colcon.colcon_core.package_identification:_identify(cstam-pkg/mission_proof/2026/January/16/mission_255833fd) by extensions ['ignore', 'ignore_ament_install']
[0.797s] Level 1:colcon.colcon_core.package_identification:_identify(cstam-pkg/mission_proof/2026/January/16/mission_255833fd) by extension 'ignore'
[0.797s] Level 1:colcon.colcon_core.package_identification:_identify(cstam-pkg/mission_proof/2026/January/16/mission_255833fd) by extension 'ignore_ament_install'
[0.797s] Level 1:colcon.colcon_core.package_identification:_identify(cstam-pkg/mission_proof/2026/January/16/mission_255833fd) by extensions ['colcon_pkg']
[0.797s] Level 1:colcon.colcon_core.package_identification:_identify(cstam-pkg/mission_proof/2026/January/16/mission_255833fd) by extension 'colcon_pkg'
[0.797s] Level 1:colcon.colcon_core.package_identification:_identify(cstam-pkg/mission_proof/2026/January/16/mission_255833fd) by extensions ['colcon_meta']
[0.797s] Level 1:colcon.colcon_core.package_identification:_identify(cstam-pkg/mission_proof/2026/January/16/mission_255833fd) by extension 'colcon_meta'
[0.797s] Level 1:colcon.colcon_core.package_identification:_identify(cstam-pkg/mission_proof/2026/January/16/mission_255833fd) by extensions ['ros']
[0.797s] Level 1:colcon.colcon_core.package_identification:_identify(cstam-pkg/mission_proof/2026/January/16/mission_255833fd) by extension 'ros'
[0.797s] Level 1:colcon.colcon_core.package_identification:_identify(cstam-pkg/mission_proof/2026/January/16/mission_255833fd) by extensions ['cmake', 'python']
[0.798s] Level 1:colcon.colcon_core.package_identification:_identify(cstam-pkg/mission_proof/2026/January/16/mission_255833fd) by extension 'cmake'
[0.798s] Level 1:colcon.colcon_core.package_identification:_identify(cstam-pkg/mission_proof/2026/January/16/mission_255833fd) by extension 'python'
[0.798s] Level 1:colcon.colcon_core.package_identification:_identify(cstam-pkg/mission_proof/2026/January/16/mission_255833fd) by extensions ['python_setup_py']
[0.798s] Level 1:colcon.colcon_core.package_identification:_identify(cstam-pkg/mission_proof/2026/January/16/mission_255833fd) by extension 'python_setup_py'
[0.798s] Level 1:colcon.colcon_core.package_identification:_identify(cstam-pkg/mission_proof/2026/January/16/mission_28940443) by extensions ['ignore', 'ignore_ament_install']
[0.798s] Level 1:colcon.colcon_core.package_identification:_identify(cstam-pkg/mission_proof/2026/January/16/mission_28940443) by extension 'ignore'
[0.798s] Level 1:colcon.colcon_core.package_identification:_identify(cstam-pkg/mission_proof/2026/January/16/mission_28940443) by extension 'ignore_ament_install'
[0.798s] Level 1:colcon.colcon_core.package_identification:_identify(cstam-pkg/mission_proof/2026/January/16/mission_28940443) by extensions ['colcon_pkg']
[0.798s] Level 1:colcon.colcon_core.package_identification:_identify(cstam-pkg/mission_proof/2026/January/16/mission_28940443) by extension 'colcon_pkg'
[0.798s] Level 1:colcon.colcon_core.package_identification:_identify(cstam-pkg/mission_proof/2026/January/16/mission_28940443) by extensions ['colcon_meta']
[0.798s] Level 1:colcon.colcon_core.package_identification:_identify(cstam-pkg/mission_proof/2026/January/16/mission_28940443) by extension 'colcon_meta'
[0.798s] Level 1:colcon.colcon_core.package_identification:_identify(cstam-pkg/mission_proof/2026/January/16/mission_28940443) by extensions ['ros']
[0.798s] Level 1:colcon.colcon_core.package_identification:_identify(cstam-pkg/mission_proof/2026/January/16/mission_28940443) by extension 'ros'
[0.798s] Level 1:colcon.colcon_core.package_identification:_identify(cstam-pkg/mission_proof/2026/January/16/mission_28940443) by extensions ['cmake', 'python']
[0.798s] Level 1:colcon.colcon_core.package_identification:_identify(cstam-pkg/mission_proof/2026/January/16/mission_28940443) by extension 'cmake'
[0.798s] Level 1:colcon.colcon_core.package_identification:_identify(cstam-pkg/mission_proof/2026/January/16/mission_28940443) by extension 'python'
[0.798s] Level 1:colcon.colcon_core.package_identification:_identify(cstam-pkg/mission_proof/2026/January/16/mission_28940443) by extensions ['python_setup_py']
[0.798s] Level 1:colcon.colcon_core.package_identification:_identify(cstam-pkg/mission_proof/2026/January/16/mission_28940443) by extension 'python_setup_py'
[0.798s] Level 1:colcon.colcon_core.package_identification:_identify(cstam-pkg/mission_proof/2026/January/16/mission_2ee65d9c) by extensions ['ignore', 'ignore_ament_install']
[0.798s] Level 1:colcon.colcon_core.package_identification:_identify(cstam-pkg/mission_proof/2026/January/16/mission_2ee65d9c) by extension 'ignore'
[0.798s] Level 1:colcon.colcon_core.package_identification:_identify(cstam-pkg/mission_proof/2026/January/16/mission_2ee65d9c) by extension 'ignore_ament_install'
[0.798s] Level 1:colcon.colcon_core.package_identification:_identify(cstam-pkg/mission_proof/2026/January/16/mission_2ee65d9c) by extensions ['colcon_pkg']
[0.798s] Level 1:colcon.colcon_core.package_identification:_identify(cstam-pkg/mission_proof/2026/January/16/mission_2ee65d9c) by extension 'colcon_pkg'
[0.798s] Level 1:colcon.colcon_core.package_identification:_identify(cstam-pkg/mission_proof/2026/January/16/mission_2ee65d9c) by extensions ['colcon_meta']
[0.798s] Level 1:colcon.colcon_core.package_identification:_identify(cstam-pkg/mission_proof/2026/January/16/mission_2ee65d9c) by extension 'colcon_meta'
[0.798s] Level 1:colcon.colcon_core.package_identification:_identify(cstam-pkg/mission_proof/2026/January/16/mission_2ee65d9c) by extensions ['ros']
[0.798s] Level 1:colcon.colcon_core.package_identification:_identify(cstam-pkg/mission_proof/2026/January/16/mission_2ee65d9c) by extension 'ros'
[0.798s] Level 1:colcon.colcon_core.package_identification:_identify(cstam-pkg/mission_proof/2026/January/16/mission_2ee65d9c) by extensions ['cmake', 'python']
[0.798s] Level 1:colcon.colcon_core.package_identification:_identify(cstam-pkg/mission_proof/2026/January/16/mission_2ee65d9c) by extension 'cmake'
[0.798s] Level 1:colcon.colcon_core.package_identification:_identify(cstam-pkg/mission_proof/2026/January/16/mission_2ee65d9c) by extension 'python'
[0.798s] Level 1:colcon.colcon_core.package_identification:_identify(cstam-pkg/mission_proof/2026/January/16/mission_2ee65d9c) by extensions ['python_setup_py']
[0.798s] Level 1:colcon.colcon_core.package_identification:_identify(cstam-pkg/mission_proof/2026/January/16/mission_2ee65d9c) by extension 'python_setup_py'
[0.798s] Level 1:colcon.colcon_core.package_identification:_identify(cstam-pkg/mission_proof/2026/January/16/mission_39393ce9) by extensions ['ignore', 'ignore_ament_install']
[0.798s] Level 1:colcon.colcon_core.package_identification:_identify(cstam-pkg/mission_proof/2026/January/16/mission_39393ce9) by extension 'ignore'
[0.798s] Level 1:colcon.colcon_core.package_identification:_identify(cstam-pkg/mission_proof/2026/January/16/mission_39393ce9) by extension 'ignore_ament_install'
[0.798s] Level 1:colcon.colcon_core.package_identification:_identify(cstam-pkg/mission_proof/2026/January/16/mission_39393ce9) by extensions ['colcon_pkg']
[0.799s] Level 1:colcon.colcon_core.package_identification:_identify(cstam-pkg/mission_proof/2026/January/16/mission_39393ce9) by extension 'colcon_pkg'
[0.799s] Level 1:colcon.colcon_core.package_identification:_identify(cstam-pkg/mission_proof/2026/January/16/mission_39393ce9) by extensions ['colcon_meta']
[0.799s] Level 1:colcon.colcon_core.package_identification:_identify(cstam-pkg/mission_proof/2026/January/16/mission_39393ce9) by extension 'colcon_meta'
[0.799s] Level 1:colcon.colcon_core.package_identification:_identify(cstam-pkg/mission_proof/2026/January/16/mission_39393ce9) by extensions ['ros']
[0.799s] Level 1:colcon.colcon_core.package_identification:_identify(cstam-pkg/mission_proof/2026/January/16/mission_39393ce9) by extension 'ros'
[0.799s] Level 1:colcon.colcon_core.package_identification:_identify(cstam-pkg/mission_proof/2026/January/16/mission_39393ce9) by extensions ['cmake', 'python']
[0.799s] Level 1:colcon.colcon_core.package_identification:_identify(cstam-pkg/mission_proof/2026/January/16/mission_39393ce9) by extension 'cmake'
[0.799s] Level 1:colcon.colcon_core.package_identification:_identify(cstam-pkg/mission_proof/2026/January/16/mission_39393ce9) by extension 'python'
[0.799s] Level 1:colcon.colcon_core.package_identification:_identify(cstam-pkg/mission_proof/2026/January/16/mission_39393ce9) by extensions ['python_setup_py']
[0.799s] Level 1:colcon.colcon_core.package_identification:_identify(cstam-pkg/mission_proof/2026/January/16/mission_39393ce9) by extension 'python_setup_py'
[0.799s] Level 1:colcon.colcon_core.package_identification:_identify(cstam-pkg/mission_proof/2026/January/16/mission_396347dc) by extensions ['ignore', 'ignore_ament_install']
[0.799s] Level 1:colcon.colcon_core.package_identification:_identify(cstam-pkg/mission_proof/2026/January/16/mission_396347dc) by extension 'ignore'
[0.799s] Level 1:colcon.colcon_core.package_identification:_identify(cstam-pkg/mission_proof/2026/January/16/mission_396347dc) by extension 'ignore_ament_install'
[0.799s] Level 1:colcon.colcon_core.package_identification:_identify(cstam-pkg/mission_proof/2026/January/16/mission_396347dc) by extensions ['colcon_pkg']
[0.799s] Level 1:colcon.colcon_core.package_identification:_identify(cstam-pkg/mission_proof/2026/January/16/mission_396347dc) by extension 'colcon_pkg'
[0.799s] Level 1:colcon.colcon_core.package_identification:_identify(cstam-pkg/mission_proof/2026/January/16/mission_396347dc) by extensions ['colcon_meta']
[0.799s] Level 1:colcon.colcon_core.package_identification:_identify(cstam-pkg/mission_proof/2026/January/16/mission_396347dc) by extension 'colcon_meta'
[0.799s] Level 1:colcon.colcon_core.package_identification:_identify(cstam-pkg/mission_proof/2026/January/16/mission_396347dc) by extensions ['ros']
[0.799s] Level 1:colcon.colcon_core.package_identification:_identify(cstam-pkg/mission_proof/2026/January/16/mission_396347dc) by extension 'ros'
[0.799s] Level 1:colcon.colcon_core.package_identification:_identify(cstam-pkg/mission_proof/2026/January/16/mission_396347dc) by extensions ['cmake', 'python']
[0.799s] Level 1:colcon.colcon_core.package_identification:_identify(cstam-pkg/mission_proof/2026/January/16/mission_396347dc) by extension 'cmake'
[0.799s] Level 1:colcon.colcon_core.package_identification:_identify(cstam-pkg/mission_proof/2026/January/16/mission_396347dc) by extension 'python'
[0.799s] Level 1:colcon.colcon_core.package_identification:_identify(cstam-pkg/mission_proof/2026/January/16/mission_396347dc) by extensions ['python_setup_py']
[0.799s] Level 1:colcon.colcon_core.package_identification:_identify(cstam-pkg/mission_proof/2026/January/16/mission_396347dc) by extension 'python_setup_py'
[0.799s] Level 1:colcon.colcon_core.package_identification:_identify(cstam-pkg/mission_proof/2026/January/16/mission_3b99b943) by extensions ['ignore', 'ignore_ament_install']
[0.799s] Level 1:colcon.colcon_core.package_identification:_identify(cstam-pkg/mission_proof/2026/January/16/mission_3b99b943) by extension 'ignore'
[0.799s] Level 1:colcon.colcon_core.package_identification:_identify(cstam-pkg/mission_proof/2026/January/16/mission_3b99b943) by extension 'ignore_ament_install'
[0.799s] Level 1:colcon.colcon_core.package_identification:_identify(cstam-pkg/mission_proof/2026/January/16/mission_3b99b943) by extensions ['colcon_pkg']
[0.799s] Level 1:colcon.colcon_core.package_identification:_identify(cstam-pkg/mission_proof/2026/January/16/mission_3b99b943) by extension 'colcon_pkg'
[0.799s] Level 1:colcon.colcon_core.package_identification:_identify(cstam-pkg/mission_proof/2026/January/16/mission_3b99b943) by extensions ['colcon_meta']
[0.799s] Level 1:colcon.colcon_core.package_identification:_identify(cstam-pkg/mission_proof/2026/January/16/mission_3b99b943) by extension 'colcon_meta'
[0.799s] Level 1:colcon.colcon_core.package_identification:_identify(cstam-pkg/mission_proof/2026/January/16/mission_3b99b943) by extensions ['ros']
[0.799s] Level 1:colcon.colcon_core.package_identification:_identify(cstam-pkg/mission_proof/2026/January/16/mission_3b99b943) by extension 'ros'
[0.799s] Level 1:colcon.colcon_core.package_identification:_identify(cstam-pkg/mission_proof/2026/January/16/mission_3b99b943) by extensions ['cmake', 'python']
[0.799s] Level 1:colcon.colcon_core.package_identification:_identify(cstam-pkg/mission_proof/2026/January/16/mission_3b99b943) by extension 'cmake'
[0.799s] Level 1:colcon.colcon_core.package_identification:_identify(cstam-pkg/mission_proof/2026/January/16/mission_3b99b943) by extension 'python'
[0.799s] Level 1:colcon.colcon_core.package_identification:_identify(cstam-pkg/mission_proof/2026/January/16/mission_3b99b943) by extensions ['python_setup_py']
[0.799s] Level 1:colcon.colcon_core.package_identification:_identify(cstam-pkg/mission_proof/2026/January/16/mission_3b99b943) by extension 'python_setup_py'
[0.800s] Level 1:colcon.colcon_core.package_identification:_identify(cstam-pkg/mission_proof/2026/January/16/mission_3bb3192c) by extensions ['ignore', 'ignore_ament_install']
[0.800s] Level 1:colcon.colcon_core.package_identification:_identify(cstam-pkg/mission_proof/2026/January/16/mission_3bb3192c) by extension 'ignore'
[0.800s] Level 1:colcon.colcon_core.package_identification:_identify(cstam-pkg/mission_proof/2026/January/16/mission_3bb3192c) by extension 'ignore_ament_install'
[0.800s] Level 1:colcon.colcon_core.package_identification:_identify(cstam-pkg/mission_proof/2026/January/16/mission_3bb3192c) by extensions ['colcon_pkg']
[0.800s] Level 1:colcon.colcon_core.package_identification:_identify(cstam-pkg/mission_proof/2026/January/16/mission_3bb3192c) by extension 'colcon_pkg'
[0.800s] Level 1:colcon.colcon_core.package_identification:_identify(cstam-pkg/mission_proof/2026/January/16/mission_3bb3192c) by extensions ['colcon_meta']
[0.800s] Level 1:colcon.colcon_core.package_identification:_identify(cstam-pkg/mission_proof/2026/January/16/mission_3bb3192c) by extension 'colcon_meta'
[0.800s] Level 1:colcon.colcon_core.package_identification:_identify(cstam-pkg/mission_proof/2026/January/16/mission_3bb3192c) by extensions ['ros']
[0.800s] Level 1:colcon.colcon_core.package_identification:_identify(cstam-pkg/mission_proof/2026/January/16/mission_3bb3192c) by extension 'ros'
[0.800s] Level 1:colcon.colcon_core.package_identification:_identify(cstam-pkg/mission_proof/2026/January/16/mission_3bb3192c) by extensions ['cmake', 'python']
[0.800s] Level 1:colcon.colcon_core.package_identification:_identify(cstam-pkg/mission_proof/2026/January/16/mission_3bb3192c) by extension 'cmake'
[0.800s] Level 1:colcon.colcon_core.package_identification:_identify(cstam-pkg/mission_proof/2026/January/16/mission_3bb3192c) by extension 'python'
[0.800s] Level 1:colcon.colcon_core.package_identification:_identify(cstam-pkg/mission_proof/2026/January/16/mission_3bb3192c) by extensions ['python_setup_py']
[0.800s] Level 1:colcon.colcon_core.package_identification:_identify(cstam-pkg/mission_proof/2026/January/16/mission_3bb3192c) by extension 'python_setup_py'
[0.800s] Level 1:colcon.colcon_core.package_identification:_identify(cstam-pkg/mission_proof/2026/January/16/mission_405b5693) by extensions ['ignore', 'ignore_ament_install']
[0.800s] Level 1:colcon.colcon_core.package_identification:_identify(cstam-pkg/mission_proof/2026/January/16/mission_405b5693) by extension 'ignore'
[0.800s] Level 1:colcon.colcon_core.package_identification:_identify(cstam-pkg/mission_proof/2026/January/16/mission_405b5693) by extension 'ignore_ament_install'
[0.800s] Level 1:colcon.colcon_core.package_identification:_identify(cstam-pkg/mission_proof/2026/January/16/mission_405b5693) by extensions ['colcon_pkg']
[0.800s] Level 1:colcon.colcon_core.package_identification:_identify(cstam-pkg/mission_proof/2026/January/16/mission_405b5693) by extension 'colcon_pkg'
[0.800s] Level 1:colcon.colcon_core.package_identification:_identify(cstam-pkg/mission_proof/2026/January/16/mission_405b5693) by extensions ['colcon_meta']
[0.800s] Level 1:colcon.colcon_core.package_identification:_identify(cstam-pkg/mission_proof/2026/January/16/mission_405b5693) by extension 'colcon_meta'
[0.800s] Level 1:colcon.colcon_core.package_identification:_identify(cstam-pkg/mission_proof/2026/January/16/mission_405b5693) by extensions ['ros']
[0.800s] Level 1:colcon.colcon_core.package_identification:_identify(cstam-pkg/mission_proof/2026/January/16/mission_405b5693) by extension 'ros'
[0.800s] Level 1:colcon.colcon_core.package_identification:_identify(cstam-pkg/mission_proof/2026/January/16/mission_405b5693) by extensions ['cmake', 'python']
[0.800s] Level 1:colcon.colcon_core.package_identification:_identify(cstam-pkg/mission_proof/2026/January/16/mission_405b5693) by extension 'cmake'
[0.800s] Level 1:colcon.colcon_core.package_identification:_identify(cstam-pkg/mission_proof/2026/January/16/mission_405b5693) by extension 'python'
[0.800s] Level 1:colcon.colcon_core.package_identification:_identify(cstam-pkg/mission_proof/2026/January/16/mission_405b5693) by extensions ['python_setup_py']
[0.800s] Level 1:colcon.colcon_core.package_identification:_identify(cstam-pkg/mission_proof/2026/January/16/mission_405b5693) by extension 'python_setup_py'
[0.800s] Level 1:colcon.colcon_core.package_identification:_identify(cstam-pkg/mission_proof/2026/January/16/mission_47883065) by extensions ['ignore', 'ignore_ament_install']
[0.800s] Level 1:colcon.colcon_core.package_identification:_identify(cstam-pkg/mission_proof/2026/January/16/mission_47883065) by extension 'ignore'
[0.800s] Level 1:colcon.colcon_core.package_identification:_identify(cstam-pkg/mission_proof/2026/January/16/mission_47883065) by extension 'ignore_ament_install'
[0.800s] Level 1:colcon.colcon_core.package_identification:_identify(cstam-pkg/mission_proof/2026/January/16/mission_47883065) by extensions ['colcon_pkg']
[0.800s] Level 1:colcon.colcon_core.package_identification:_identify(cstam-pkg/mission_proof/2026/January/16/mission_47883065) by extension 'colcon_pkg'
[0.801s] Level 1:colcon.colcon_core.package_identification:_identify(cstam-pkg/mission_proof/2026/January/16/mission_47883065) by extensions ['colcon_meta']
[0.801s] Level 1:colcon.colcon_core.package_identification:_identify(cstam-pkg/mission_proof/2026/January/16/mission_47883065) by extension 'colcon_meta'
[0.801s] Level 1:colcon.colcon_core.package_identification:_identify(cstam-pkg/mission_proof/2026/January/16/mission_47883065) by extensions ['ros']
[0.801s] Level 1:colcon.colcon_core.package_identification:_identify(cstam-pkg/mission_proof/2026/January/16/mission_47883065) by extension 'ros'
[0.801s] Level 1:colcon.colcon_core.package_identification:_identify(cstam-pkg/mission_proof/2026/January/16/mission_47883065) by extensions ['cmake', 'python']
[0.801s] Level 1:colcon.colcon_core.package_identification:_identify(cstam-pkg/mission_proof/2026/January/16/mission_47883065) by extension 'cmake'
[0.801s] Level 1:colcon.colcon_core.package_identification:_identify(cstam-pkg/mission_proof/2026/January/16/mission_47883065) by extension 'python'
[0.801s] Level 1:colcon.colcon_core.package_identification:_identify(cstam-pkg/mission_proof/2026/January/16/mission_47883065) by extensions ['python_setup_py']
[0.801s] Level 1:colcon.colcon_core.package_identification:_identify(cstam-pkg/mission_proof/2026/January/16/mission_47883065) by extension 'python_setup_py'
[0.801s] Level 1:colcon.colcon_core.package_identification:_identify(cstam-pkg/mission_proof/2026/January/16/mission_4b010dd9) by extensions ['ignore', 'ignore_ament_install']
[0.801s] Level 1:colcon.colcon_core.package_identification:_identify(cstam-pkg/mission_proof/2026/January/16/mission_4b010dd9) by extension 'ignore'
[0.801s] Level 1:colcon.colcon_core.package_identification:_identify(cstam-pkg/mission_proof/2026/January/16/mission_4b010dd9) by extension 'ignore_ament_install'
[0.801s] Level 1:colcon.colcon_core.package_identification:_identify(cstam-pkg/mission_proof/2026/January/16/mission_4b010dd9) by extensions ['colcon_pkg']
[0.801s] Level 1:colcon.colcon_core.package_identification:_identify(cstam-pkg/mission_proof/2026/January/16/mission_4b010dd9) by extension 'colcon_pkg'
[0.801s] Level 1:colcon.colcon_core.package_identification:_identify(cstam-pkg/mission_proof/2026/January/16/mission_4b010dd9) by extensions ['colcon_meta']
[0.801s] Level 1:colcon.colcon_core.package_identification:_identify(cstam-pkg/mission_proof/2026/January/16/mission_4b010dd9) by extension 'colcon_meta'
[0.801s] Level 1:colcon.colcon_core.package_identification:_identify(cstam-pkg/mission_proof/2026/January/16/mission_4b010dd9) by extensions ['ros']
[0.801s] Level 1:colcon.colcon_core.package_identification:_identify(cstam-pkg/mission_proof/2026/January/16/mission_4b010dd9) by extension 'ros'
[0.801s] Level 1:colcon.colcon_core.package_identification:_identify(cstam-pkg/mission_proof/2026/January/16/mission_4b010dd9) by extensions ['cmake', 'python']
[0.801s] Level 1:colcon.colcon_core.package_identification:_identify(cstam-pkg/mission_proof/2026/January/16/mission_4b010dd9) by extension 'cmake'
[0.801s] Level 1:colcon.colcon_core.package_identification:_identify(cstam-pkg/mission_proof/2026/January/16/mission_4b010dd9) by extension 'python'
[0.801s] Level 1:colcon.colcon_core.package_identification:_identify(cstam-pkg/mission_proof/2026/January/16/mission_4b010dd9) by extensions ['python_setup_py']
[0.801s] Level 1:colcon.colcon_core.package_identification:_identify(cstam-pkg/mission_proof/2026/January/16/mission_4b010dd9) by extension 'python_setup_py'
[0.801s] Level 1:colcon.colcon_core.package_identification:_identify(cstam-pkg/mission_proof/2026/January/16/mission_5376c32d) by extensions ['ignore', 'ignore_ament_install']
[0.801s] Level 1:colcon.colcon_core.package_identification:_identify(cstam-pkg/mission_proof/2026/January/16/mission_5376c32d) by extension 'ignore'
[0.801s] Level 1:colcon.colcon_core.package_identification:_identify(cstam-pkg/mission_proof/2026/January/16/mission_5376c32d) by extension 'ignore_ament_install'
[0.801s] Level 1:colcon.colcon_core.package_identification:_identify(cstam-pkg/mission_proof/2026/January/16/mission_5376c32d) by extensions ['colcon_pkg']
[0.801s] Level 1:colcon.colcon_core.package_identification:_identify(cstam-pkg/mission_proof/2026/January/16/mission_5376c32d) by extension 'colcon_pkg'
[0.801s] Level 1:colcon.colcon_core.package_identification:_identify(cstam-pkg/mission_proof/2026/January/16/mission_5376c32d) by extensions ['colcon_meta']
[0.801s] Level 1:colcon.colcon_core.package_identification:_identify(cstam-pkg/mission_proof/2026/January/16/mission_5376c32d) by extension 'colcon_meta'
[0.801s] Level 1:colcon.colcon_core.package_identification:_identify(cstam-pkg/mission_proof/2026/January/16/mission_5376c32d) by extensions ['ros']
[0.801s] Level 1:colcon.colcon_core.package_identification:_identify(cstam-pkg/mission_proof/2026/January/16/mission_5376c32d) by extension 'ros'
[0.801s] Level 1:colcon.colcon_core.package_identification:_identify(cstam-pkg/mission_proof/2026/January/16/mission_5376c32d) by extensions ['cmake', 'python']
[0.801s] Level 1:colcon.colcon_core.package_identification:_identify(cstam-pkg/mission_proof/2026/January/16/mission_5376c32d) by extension 'cmake'
[0.801s] Level 1:colcon.colcon_core.package_identification:_identify(cstam-pkg/mission_proof/2026/January/16/mission_5376c32d) by extension 'python'
[0.801s] Level 1:colcon.colcon_core.package_identification:_identify(cstam-pkg/mission_proof/2026/January/16/mission_5376c32d) by extensions ['python_setup_py']
[0.801s] Level 1:colcon.colcon_core.package_identification:_identify(cstam-pkg/mission_proof/2026/January/16/mission_5376c32d) by extension 'python_setup_py'
[0.802s] Level 1:colcon.colcon_core.package_identification:_identify(cstam-pkg/mission_proof/2026/January/16/mission_5431aaf9) by extensions ['ignore', 'ignore_ament_install']
[0.802s] Level 1:colcon.colcon_core.package_identification:_identify(cstam-pkg/mission_proof/2026/January/16/mission_5431aaf9) by extension 'ignore'
[0.802s] Level 1:colcon.colcon_core.package_identification:_identify(cstam-pkg/mission_proof/2026/January/16/mission_5431aaf9) by extension 'ignore_ament_install'
[0.802s] Level 1:colcon.colcon_core.package_identification:_identify(cstam-pkg/mission_proof/2026/January/16/mission_5431aaf9) by extensions ['colcon_pkg']
[0.802s] Level 1:colcon.colcon_core.package_identification:_identify(cstam-pkg/mission_proof/2026/January/16/mission_5431aaf9) by extension 'colcon_pkg'
[0.802s] Level 1:colcon.colcon_core.package_identification:_identify(cstam-pkg/mission_proof/2026/January/16/mission_5431aaf9) by extensions ['colcon_meta']
[0.802s] Level 1:colcon.colcon_core.package_identification:_identify(cstam-pkg/mission_proof/2026/January/16/mission_5431aaf9) by extension 'colcon_meta'
[0.802s] Level 1:colcon.colcon_core.package_identification:_identify(cstam-pkg/mission_proof/2026/January/16/mission_5431aaf9) by extensions ['ros']
[0.802s] Level 1:colcon.colcon_core.package_identification:_identify(cstam-pkg/mission_proof/2026/January/16/mission_5431aaf9) by extension 'ros'
[0.802s] Level 1:colcon.colcon_core.package_identification:_identify(cstam-pkg/mission_proof/2026/January/16/mission_5431aaf9) by extensions ['cmake', 'python']
[0.802s] Level 1:colcon.colcon_core.package_identification:_identify(cstam-pkg/mission_proof/2026/January/16/mission_5431aaf9) by extension 'cmake'
[0.802s] Level 1:colcon.colcon_core.package_identification:_identify(cstam-pkg/mission_proof/2026/January/16/mission_5431aaf9) by extension 'python'
[0.802s] Level 1:colcon.colcon_core.package_identification:_identify(cstam-pkg/mission_proof/2026/January/16/mission_5431aaf9) by extensions ['python_setup_py']
[0.802s] Level 1:colcon.colcon_core.package_identification:_identify(cstam-pkg/mission_proof/2026/January/16/mission_5431aaf9) by extension 'python_setup_py'
[0.802s] Level 1:colcon.colcon_core.package_identification:_identify(cstam-pkg/mission_proof/2026/January/16/mission_5a57455b) by extensions ['ignore', 'ignore_ament_install']
[0.802s] Level 1:colcon.colcon_core.package_identification:_identify(cstam-pkg/mission_proof/2026/January/16/mission_5a57455b) by extension 'ignore'
[0.802s] Level 1:colcon.colcon_core.package_identification:_identify(cstam-pkg/mission_proof/2026/January/16/mission_5a57455b) by extension 'ignore_ament_install'
[0.802s] Level 1:colcon.colcon_core.package_identification:_identify(cstam-pkg/mission_proof/2026/January/16/mission_5a57455b) by extensions ['colcon_pkg']
[0.802s] Level 1:colcon.colcon_core.package_identification:_identify(cstam-pkg/mission_proof/2026/January/16/mission_5a57455b) by extension 'colcon_pkg'
[0.802s] Level 1:colcon.colcon_core.package_identification:_identify(cstam-pkg/mission_proof/2026/January/16/mission_5a57455b) by extensions ['colcon_meta']
[0.802s] Level 1:colcon.colcon_core.package_identification:_identify(cstam-pkg/mission_proof/2026/January/16/mission_5a57455b) by extension 'colcon_meta'
[0.802s] Level 1:colcon.colcon_core.package_identification:_identify(cstam-pkg/mission_proof/2026/January/16/mission_5a57455b) by extensions ['ros']
[0.802s] Level 1:colcon.colcon_core.package_identification:_identify(cstam-pkg/mission_proof/2026/January/16/mission_5a57455b) by extension 'ros'
[0.802s] Level 1:colcon.colcon_core.package_identification:_identify(cstam-pkg/mission_proof/2026/January/16/mission_5a57455b) by extensions ['cmake', 'python']
[0.802s] Level 1:colcon.colcon_core.package_identification:_identify(cstam-pkg/mission_proof/2026/January/16/mission_5a57455b) by extension 'cmake'
[0.802s] Level 1:colcon.colcon_core.package_identification:_identify(cstam-pkg/mission_proof/2026/January/16/mission_5a57455b) by extension 'python'
[0.802s] Level 1:colcon.colcon_core.package_identification:_identify(cstam-pkg/mission_proof/2026/January/16/mission_5a57455b) by extensions ['python_setup_py']
[0.802s] Level 1:colcon.colcon_core.package_identification:_identify(cstam-pkg/mission_proof/2026/January/16/mission_5a57455b) by extension 'python_setup_py'
[0.802s] Level 1:colcon.colcon_core.package_identification:_identify(cstam-pkg/mission_proof/2026/January/16/mission_634fd751) by extensions ['ignore', 'ignore_ament_install']
[0.802s] Level 1:colcon.colcon_core.package_identification:_identify(cstam-pkg/mission_proof/2026/January/16/mission_634fd751) by extension 'ignore'
[0.802s] Level 1:colcon.colcon_core.package_identification:_identify(cstam-pkg/mission_proof/2026/January/16/mission_634fd751) by extension 'ignore_ament_install'
[0.803s] Level 1:colcon.colcon_core.package_identification:_identify(cstam-pkg/mission_proof/2026/January/16/mission_634fd751) by extensions ['colcon_pkg']
[0.803s] Level 1:colcon.colcon_core.package_identification:_identify(cstam-pkg/mission_proof/2026/January/16/mission_634fd751) by extension 'colcon_pkg'
[0.803s] Level 1:colcon.colcon_core.package_identification:_identify(cstam-pkg/mission_proof/2026/January/16/mission_634fd751) by extensions ['colcon_meta']
[0.803s] Level 1:colcon.colcon_core.package_identification:_identify(cstam-pkg/mission_proof/2026/January/16/mission_634fd751) by extension 'colcon_meta'
[0.803s] Level 1:colcon.colcon_core.package_identification:_identify(cstam-pkg/mission_proof/2026/January/16/mission_634fd751) by extensions ['ros']
[0.803s] Level 1:colcon.colcon_core.package_identification:_identify(cstam-pkg/mission_proof/2026/January/16/mission_634fd751) by extension 'ros'
[0.803s] Level 1:colcon.colcon_core.package_identification:_identify(cstam-pkg/mission_proof/2026/January/16/mission_634fd751) by extensions ['cmake', 'python']
[0.803s] Level 1:colcon.colcon_core.package_identification:_identify(cstam-pkg/mission_proof/2026/January/16/mission_634fd751) by extension 'cmake'
[0.803s] Level 1:colcon.colcon_core.package_identification:_identify(cstam-pkg/mission_proof/2026/January/16/mission_634fd751) by extension 'python'
[0.803s] Level 1:colcon.colcon_core.package_identification:_identify(cstam-pkg/mission_proof/2026/January/16/mission_634fd751) by extensions ['python_setup_py']
[0.803s] Level 1:colcon.colcon_core.package_identification:_identify(cstam-pkg/mission_proof/2026/January/16/mission_634fd751) by extension 'python_setup_py'
[0.803s] Level 1:colcon.colcon_core.package_identification:_identify(cstam-pkg/mission_proof/2026/January/16/mission_649c5d89) by extensions ['ignore', 'ignore_ament_install']
[0.803s] Level 1:colcon.colcon_core.package_identification:_identify(cstam-pkg/mission_proof/2026/January/16/mission_649c5d89) by extension 'ignore'
[0.803s] Level 1:colcon.colcon_core.package_identification:_identify(cstam-pkg/mission_proof/2026/January/16/mission_649c5d89) by extension 'ignore_ament_install'
[0.803s] Level 1:colcon.colcon_core.package_identification:_identify(cstam-pkg/mission_proof/2026/January/16/mission_649c5d89) by extensions ['colcon_pkg']
[0.803s] Level 1:colcon.colcon_core.package_identification:_identify(cstam-pkg/mission_proof/2026/January/16/mission_649c5d89) by extension 'colcon_pkg'
[0.803s] Level 1:colcon.colcon_core.package_identification:_identify(cstam-pkg/mission_proof/2026/January/16/mission_649c5d89) by extensions ['colcon_meta']
[0.803s] Level 1:colcon.colcon_core.package_identification:_identify(cstam-pkg/mission_proof/2026/January/16/mission_649c5d89) by extension 'colcon_meta'
[0.803s] Level 1:colcon.colcon_core.package_identification:_identify(cstam-pkg/mission_proof/2026/January/16/mission_649c5d89) by extensions ['ros']
[0.803s] Level 1:colcon.colcon_core.package_identification:_identify(cstam-pkg/mission_proof/2026/January/16/mission_649c5d89) by extension 'ros'
[0.803s] Level 1:colcon.colcon_core.package_identification:_identify(cstam-pkg/mission_proof/2026/January/16/mission_649c5d89) by extensions ['cmake', 'python']
[0.803s] Level 1:colcon.colcon_core.package_identification:_identify(cstam-pkg/mission_proof/2026/January/16/mission_649c5d89) by extension 'cmake'
[0.803s] Level 1:colcon.colcon_core.package_identification:_identify(cstam-pkg/mission_proof/2026/January/16/mission_649c5d89) by extension 'python'
[0.803s] Level 1:colcon.colcon_core.package_identification:_identify(cstam-pkg/mission_proof/2026/January/16/mission_649c5d89) by extensions ['python_setup_py']
[0.803s] Level 1:colcon.colcon_core.package_identification:_identify(cstam-pkg/mission_proof/2026/January/16/mission_649c5d89) by extension 'python_setup_py'
[0.803s] Level 1:colcon.colcon_core.package_identification:_identify(cstam-pkg/mission_proof/2026/January/16/mission_69138945) by extensions ['ignore', 'ignore_ament_install']
[0.803s] Level 1:colcon.colcon_core.package_identification:_identify(cstam-pkg/mission_proof/2026/January/16/mission_69138945) by extension 'ignore'
[0.803s] Level 1:colcon.colcon_core.package_identification:_identify(cstam-pkg/mission_proof/2026/January/16/mission_69138945) by extension 'ignore_ament_install'
[0.803s] Level 1:colcon.colcon_core.package_identification:_identify(cstam-pkg/mission_proof/2026/January/16/mission_69138945) by extensions ['colcon_pkg']
[0.803s] Level 1:colcon.colcon_core.package_identification:_identify(cstam-pkg/mission_proof/2026/January/16/mission_69138945) by extension 'colcon_pkg'
[0.803s] Level 1:colcon.colcon_core.package_identification:_identify(cstam-pkg/mission_proof/2026/January/16/mission_69138945) by extensions ['colcon_meta']
[0.803s] Level 1:colcon.colcon_core.package_identification:_identify(cstam-pkg/mission_proof/2026/January/16/mission_69138945) by extension 'colcon_meta'
[0.803s] Level 1:colcon.colcon_core.package_identification:_identify(cstam-pkg/mission_proof/2026/January/16/mission_69138945) by extensions ['ros']
[0.803s] Level 1:colcon.colcon_core.package_identification:_identify(cstam-pkg/mission_proof/2026/January/16/mission_69138945) by extension 'ros'
[0.803s] Level 1:colcon.colcon_core.package_identification:_identify(cstam-pkg/mission_proof/2026/January/16/mission_69138945) by extensions ['cmake', 'python']
[0.803s] Level 1:colcon.colcon_core.package_identification:_identify(cstam-pkg/mission_proof/2026/January/16/mission_69138945) by extension 'cmake'
[0.803s] Level 1:colcon.colcon_core.package_identification:_identify(cstam-pkg/mission_proof/2026/January/16/mission_69138945) by extension 'python'
[0.803s] Level 1:colcon.colcon_core.package_identification:_identify(cstam-pkg/mission_proof/2026/January/16/mission_69138945) by extensions ['python_setup_py']
[0.804s] Level 1:colcon.colcon_core.package_identification:_identify(cstam-pkg/mission_proof/2026/January/16/mission_69138945) by extension 'python_setup_py'
[0.804s] Level 1:colcon.colcon_core.package_identification:_identify(cstam-pkg/mission_proof/2026/January/16/mission_6945b825) by extensions ['ignore', 'ignore_ament_install']
[0.804s] Level 1:colcon.colcon_core.package_identification:_identify(cstam-pkg/mission_proof/2026/January/16/mission_6945b825) by extension 'ignore'
[0.804s] Level 1:colcon.colcon_core.package_identification:_identify(cstam-pkg/mission_proof/2026/January/16/mission_6945b825) by extension 'ignore_ament_install'
[0.804s] Level 1:colcon.colcon_core.package_identification:_identify(cstam-pkg/mission_proof/2026/January/16/mission_6945b825) by extensions ['colcon_pkg']
[0.804s] Level 1:colcon.colcon_core.package_identification:_identify(cstam-pkg/mission_proof/2026/January/16/mission_6945b825) by extension 'colcon_pkg'
[0.804s] Level 1:colcon.colcon_core.package_identification:_identify(cstam-pkg/mission_proof/2026/January/16/mission_6945b825) by extensions ['colcon_meta']
[0.804s] Level 1:colcon.colcon_core.package_identification:_identify(cstam-pkg/mission_proof/2026/January/16/mission_6945b825) by extension 'colcon_meta'
[0.804s] Level 1:colcon.colcon_core.package_identification:_identify(cstam-pkg/mission_proof/2026/January/16/mission_6945b825) by extensions ['ros']
[0.804s] Level 1:colcon.colcon_core.package_identification:_identify(cstam-pkg/mission_proof/2026/January/16/mission_6945b825) by extension 'ros'
[0.804s] Level 1:colcon.colcon_core.package_identification:_identify(cstam-pkg/mission_proof/2026/January/16/mission_6945b825) by extensions ['cmake', 'python']
[0.804s] Level 1:colcon.colcon_core.package_identification:_identify(cstam-pkg/mission_proof/2026/January/16/mission_6945b825) by extension 'cmake'
[0.804s] Level 1:colcon.colcon_core.package_identification:_identify(cstam-pkg/mission_proof/2026/January/16/mission_6945b825) by extension 'python'
[0.804s] Level 1:colcon.colcon_core.package_identification:_identify(cstam-pkg/mission_proof/2026/January/16/mission_6945b825) by extensions ['python_setup_py']
[0.804s] Level 1:colcon.colcon_core.package_identification:_identify(cstam-pkg/mission_proof/2026/January/16/mission_6945b825) by extension 'python_setup_py'
[0.804s] Level 1:colcon.colcon_core.package_identification:_identify(cstam-pkg/mission_proof/2026/January/16/mission_73290abe) by extensions ['ignore', 'ignore_ament_install']
[0.804s] Level 1:colcon.colcon_core.package_identification:_identify(cstam-pkg/mission_proof/2026/January/16/mission_73290abe) by extension 'ignore'
[0.804s] Level 1:colcon.colcon_core.package_identification:_identify(cstam-pkg/mission_proof/2026/January/16/mission_73290abe) by extension 'ignore_ament_install'
[0.804s] Level 1:colcon.colcon_core.package_identification:_identify(cstam-pkg/mission_proof/2026/January/16/mission_73290abe) by extensions ['colcon_pkg']
[0.804s] Level 1:colcon.colcon_core.package_identification:_identify(cstam-pkg/mission_proof/2026/January/16/mission_73290abe) by extension 'colcon_pkg'
[0.804s] Level 1:colcon.colcon_core.package_identification:_identify(cstam-pkg/mission_proof/2026/January/16/mission_73290abe) by extensions ['colcon_meta']
[0.804s] Level 1:colcon.colcon_core.package_identification:_identify(cstam-pkg/mission_proof/2026/January/16/mission_73290abe) by extension 'colcon_meta'
[0.804s] Level 1:colcon.colcon_core.package_identification:_identify(cstam-pkg/mission_proof/2026/January/16/mission_73290abe) by extensions ['ros']
[0.804s] Level 1:colcon.colcon_core.package_identification:_identify(cstam-pkg/mission_proof/2026/January/16/mission_73290abe) by extension 'ros'
[0.804s] Level 1:colcon.colcon_core.package_identification:_identify(cstam-pkg/mission_proof/2026/January/16/mission_73290abe) by extensions ['cmake', 'python']
[0.804s] Level 1:colcon.colcon_core.package_identification:_identify(cstam-pkg/mission_proof/2026/January/16/mission_73290abe) by extension 'cmake'
[0.804s] Level 1:colcon.colcon_core.package_identification:_identify(cstam-pkg/mission_proof/2026/January/16/mission_73290abe) by extension 'python'
[0.804s] Level 1:colcon.colcon_core.package_identification:_identify(cstam-pkg/mission_proof/2026/January/16/mission_73290abe) by extensions ['python_setup_py']
[0.804s] Level 1:colcon.colcon_core.package_identification:_identify(cstam-pkg/mission_proof/2026/January/16/mission_73290abe) by extension 'python_setup_py'
[0.804s] Level 1:colcon.colcon_core.package_identification:_identify(cstam-pkg/mission_proof/2026/January/16/mission_74145f8c) by extensions ['ignore', 'ignore_ament_install']
[0.804s] Level 1:colcon.colcon_core.package_identification:_identify(cstam-pkg/mission_proof/2026/January/16/mission_74145f8c) by extension 'ignore'
[0.804s] Level 1:colcon.colcon_core.package_identification:_identify(cstam-pkg/mission_proof/2026/January/16/mission_74145f8c) by extension 'ignore_ament_install'
[0.804s] Level 1:colcon.colcon_core.package_identification:_identify(cstam-pkg/mission_proof/2026/January/16/mission_74145f8c) by extensions ['colcon_pkg']
[0.804s] Level 1:colcon.colcon_core.package_identification:_identify(cstam-pkg/mission_proof/2026/January/16/mission_74145f8c) by extension 'colcon_pkg'
[0.804s] Level 1:colcon.colcon_core.package_identification:_identify(cstam-pkg/mission_proof/2026/January/16/mission_74145f8c) by extensions ['colcon_meta']
[0.804s] Level 1:colcon.colcon_core.package_identification:_identify(cstam-pkg/mission_proof/2026/January/16/mission_74145f8c) by extension 'colcon_meta'
[0.804s] Level 1:colcon.colcon_core.package_identification:_identify(cstam-pkg/mission_proof/2026/January/16/mission_74145f8c) by extensions ['ros']
[0.805s] Level 1:colcon.colcon_core.package_identification:_identify(cstam-pkg/mission_proof/2026/January/16/mission_74145f8c) by extension 'ros'
[0.805s] Level 1:colcon.colcon_core.package_identification:_identify(cstam-pkg/mission_proof/2026/January/16/mission_74145f8c) by extensions ['cmake', 'python']
[0.805s] Level 1:colcon.colcon_core.package_identification:_identify(cstam-pkg/mission_proof/2026/January/16/mission_74145f8c) by extension 'cmake'
[0.805s] Level 1:colcon.colcon_core.package_identification:_identify(cstam-pkg/mission_proof/2026/January/16/mission_74145f8c) by extension 'python'
[0.805s] Level 1:colcon.colcon_core.package_identification:_identify(cstam-pkg/mission_proof/2026/January/16/mission_74145f8c) by extensions ['python_setup_py']
[0.805s] Level 1:colcon.colcon_core.package_identification:_identify(cstam-pkg/mission_proof/2026/January/16/mission_74145f8c) by extension 'python_setup_py'
[0.805s] Level 1:colcon.colcon_core.package_identification:_identify(cstam-pkg/mission_proof/2026/January/16/mission_78b27a7d) by extensions ['ignore', 'ignore_ament_install']
[0.805s] Level 1:colcon.colcon_core.package_identification:_identify(cstam-pkg/mission_proof/2026/January/16/mission_78b27a7d) by extension 'ignore'
[0.805s] Level 1:colcon.colcon_core.package_identification:_identify(cstam-pkg/mission_proof/2026/January/16/mission_78b27a7d) by extension 'ignore_ament_install'
[0.805s] Level 1:colcon.colcon_core.package_identification:_identify(cstam-pkg/mission_proof/2026/January/16/mission_78b27a7d) by extensions ['colcon_pkg']
[0.805s] Level 1:colcon.colcon_core.package_identification:_identify(cstam-pkg/mission_proof/2026/January/16/mission_78b27a7d) by extension 'colcon_pkg'
[0.805s] Level 1:colcon.colcon_core.package_identification:_identify(cstam-pkg/mission_proof/2026/January/16/mission_78b27a7d) by extensions ['colcon_meta']
[0.805s] Level 1:colcon.colcon_core.package_identification:_identify(cstam-pkg/mission_proof/2026/January/16/mission_78b27a7d) by extension 'colcon_meta'
[0.805s] Level 1:colcon.colcon_core.package_identification:_identify(cstam-pkg/mission_proof/2026/January/16/mission_78b27a7d) by extensions ['ros']
[0.805s] Level 1:colcon.colcon_core.package_identification:_identify(cstam-pkg/mission_proof/2026/January/16/mission_78b27a7d) by extension 'ros'
[0.805s] Level 1:colcon.colcon_core.package_identification:_identify(cstam-pkg/mission_proof/2026/January/16/mission_78b27a7d) by extensions ['cmake', 'python']
[0.805s] Level 1:colcon.colcon_core.package_identification:_identify(cstam-pkg/mission_proof/2026/January/16/mission_78b27a7d) by extension 'cmake'
[0.805s] Level 1:colcon.colcon_core.package_identification:_identify(cstam-pkg/mission_proof/2026/January/16/mission_78b27a7d) by extension 'python'
[0.805s] Level 1:colcon.colcon_core.package_identification:_identify(cstam-pkg/mission_proof/2026/January/16/mission_78b27a7d) by extensions ['python_setup_py']
[0.805s] Level 1:colcon.colcon_core.package_identification:_identify(cstam-pkg/mission_proof/2026/January/16/mission_78b27a7d) by extension 'python_setup_py'
[0.805s] Level 1:colcon.colcon_core.package_identification:_identify(cstam-pkg/mission_proof/2026/January/16/mission_7eb4ceb7) by extensions ['ignore', 'ignore_ament_install']
[0.805s] Level 1:colcon.colcon_core.package_identification:_identify(cstam-pkg/mission_proof/2026/January/16/mission_7eb4ceb7) by extension 'ignore'
[0.805s] Level 1:colcon.colcon_core.package_identification:_identify(cstam-pkg/mission_proof/2026/January/16/mission_7eb4ceb7) by extension 'ignore_ament_install'
[0.805s] Level 1:colcon.colcon_core.package_identification:_identify(cstam-pkg/mission_proof/2026/January/16/mission_7eb4ceb7) by extensions ['colcon_pkg']
[0.805s] Level 1:colcon.colcon_core.package_identification:_identify(cstam-pkg/mission_proof/2026/January/16/mission_7eb4ceb7) by extension 'colcon_pkg'
[0.805s] Level 1:colcon.colcon_core.package_identification:_identify(cstam-pkg/mission_proof/2026/January/16/mission_7eb4ceb7) by extensions ['colcon_meta']
[0.805s] Level 1:colcon.colcon_core.package_identification:_identify(cstam-pkg/mission_proof/2026/January/16/mission_7eb4ceb7) by extension 'colcon_meta'
[0.805s] Level 1:colcon.colcon_core.package_identification:_identify(cstam-pkg/mission_proof/2026/January/16/mission_7eb4ceb7) by extensions ['ros']
[0.805s] Level 1:colcon.colcon_core.package_identification:_identify(cstam-pkg/mission_proof/2026/January/16/mission_7eb4ceb7) by extension 'ros'
[0.805s] Level 1:colcon.colcon_core.package_identification:_identify(cstam-pkg/mission_proof/2026/January/16/mission_7eb4ceb7) by extensions ['cmake', 'python']
[0.805s] Level 1:colcon.colcon_core.package_identification:_identify(cstam-pkg/mission_proof/2026/January/16/mission_7eb4ceb7) by extension 'cmake'
[0.805s] Level 1:colcon.colcon_core.package_identification:_identify(cstam-pkg/mission_proof/2026/January/16/mission_7eb4ceb7) by extension 'python'
[0.805s] Level 1:colcon.colcon_core.package_identification:_identify(cstam-pkg/mission_proof/2026/January/16/mission_7eb4ceb7) by extensions ['python_setup_py']
[0.805s] Level 1:colcon.colcon_core.package_identification:_identify(cstam-pkg/mission_proof/2026/January/16/mission_7eb4ceb7) by extension 'python_setup_py'
[0.805s] Level 1:colcon.colcon_core.package_identification:_identify(cstam-pkg/mission_proof/2026/January/16/mission_7f3c2a3c) by extensions ['ignore', 'ignore_ament_install']
[0.805s] Level 1:colcon.colcon_core.package_identification:_identify(cstam-pkg/mission_proof/2026/January/16/mission_7f3c2a3c) by extension 'ignore'
[0.806s] Level 1:colcon.colcon_core.package_identification:_identify(cstam-pkg/mission_proof/2026/January/16/mission_7f3c2a3c) by extension 'ignore_ament_install'
[0.806s] Level 1:colcon.colcon_core.package_identification:_identify(cstam-pkg/mission_proof/2026/January/16/mission_7f3c2a3c) by extensions ['colcon_pkg']
[0.806s] Level 1:colcon.colcon_core.package_identification:_identify(cstam-pkg/mission_proof/2026/January/16/mission_7f3c2a3c) by extension 'colcon_pkg'
[0.806s] Level 1:colcon.colcon_core.package_identification:_identify(cstam-pkg/mission_proof/2026/January/16/mission_7f3c2a3c) by extensions ['colcon_meta']
[0.806s] Level 1:colcon.colcon_core.package_identification:_identify(cstam-pkg/mission_proof/2026/January/16/mission_7f3c2a3c) by extension 'colcon_meta'
[0.806s] Level 1:colcon.colcon_core.package_identification:_identify(cstam-pkg/mission_proof/2026/January/16/mission_7f3c2a3c) by extensions ['ros']
[0.806s] Level 1:colcon.colcon_core.package_identification:_identify(cstam-pkg/mission_proof/2026/January/16/mission_7f3c2a3c) by extension 'ros'
[0.806s] Level 1:colcon.colcon_core.package_identification:_identify(cstam-pkg/mission_proof/2026/January/16/mission_7f3c2a3c) by extensions ['cmake', 'python']
[0.806s] Level 1:colcon.colcon_core.package_identification:_identify(cstam-pkg/mission_proof/2026/January/16/mission_7f3c2a3c) by extension 'cmake'
[0.806s] Level 1:colcon.colcon_core.package_identification:_identify(cstam-pkg/mission_proof/2026/January/16/mission_7f3c2a3c) by extension 'python'
[0.806s] Level 1:colcon.colcon_core.package_identification:_identify(cstam-pkg/mission_proof/2026/January/16/mission_7f3c2a3c) by extensions ['python_setup_py']
[0.806s] Level 1:colcon.colcon_core.package_identification:_identify(cstam-pkg/mission_proof/2026/January/16/mission_7f3c2a3c) by extension 'python_setup_py'
[0.806s] Level 1:colcon.colcon_core.package_identification:_identify(cstam-pkg/mission_proof/2026/January/16/mission_81c80d50) by extensions ['ignore', 'ignore_ament_install']
[0.806s] Level 1:colcon.colcon_core.package_identification:_identify(cstam-pkg/mission_proof/2026/January/16/mission_81c80d50) by extension 'ignore'
[0.806s] Level 1:colcon.colcon_core.package_identification:_identify(cstam-pkg/mission_proof/2026/January/16/mission_81c80d50) by extension 'ignore_ament_install'
[0.806s] Level 1:colcon.colcon_core.package_identification:_identify(cstam-pkg/mission_proof/2026/January/16/mission_81c80d50) by extensions ['colcon_pkg']
[0.806s] Level 1:colcon.colcon_core.package_identification:_identify(cstam-pkg/mission_proof/2026/January/16/mission_81c80d50) by extension 'colcon_pkg'
[0.806s] Level 1:colcon.colcon_core.package_identification:_identify(cstam-pkg/mission_proof/2026/January/16/mission_81c80d50) by extensions ['colcon_meta']
[0.806s] Level 1:colcon.colcon_core.package_identification:_identify(cstam-pkg/mission_proof/2026/January/16/mission_81c80d50) by extension 'colcon_meta'
[0.806s] Level 1:colcon.colcon_core.package_identification:_identify(cstam-pkg/mission_proof/2026/January/16/mission_81c80d50) by extensions ['ros']
[0.806s] Level 1:colcon.colcon_core.package_identification:_identify(cstam-pkg/mission_proof/2026/January/16/mission_81c80d50) by extension 'ros'
[0.806s] Level 1:colcon.colcon_core.package_identification:_identify(cstam-pkg/mission_proof/2026/January/16/mission_81c80d50) by extensions ['cmake', 'python']
[0.806s] Level 1:colcon.colcon_core.package_identification:_identify(cstam-pkg/mission_proof/2026/January/16/mission_81c80d50) by extension 'cmake'
[0.806s] Level 1:colcon.colcon_core.package_identification:_identify(cstam-pkg/mission_proof/2026/January/16/mission_81c80d50) by extension 'python'
[0.806s] Level 1:colcon.colcon_core.package_identification:_identify(cstam-pkg/mission_proof/2026/January/16/mission_81c80d50) by extensions ['python_setup_py']
[0.806s] Level 1:colcon.colcon_core.package_identification:_identify(cstam-pkg/mission_proof/2026/January/16/mission_81c80d50) by extension 'python_setup_py'
[0.806s] Level 1:colcon.colcon_core.package_identification:_identify(cstam-pkg/mission_proof/2026/January/16/mission_899d5ea0) by extensions ['ignore', 'ignore_ament_install']
[0.806s] Level 1:colcon.colcon_core.package_identification:_identify(cstam-pkg/mission_proof/2026/January/16/mission_899d5ea0) by extension 'ignore'
[0.806s] Level 1:colcon.colcon_core.package_identification:_identify(cstam-pkg/mission_proof/2026/January/16/mission_899d5ea0) by extension 'ignore_ament_install'
[0.806s] Level 1:colcon.colcon_core.package_identification:_identify(cstam-pkg/mission_proof/2026/January/16/mission_899d5ea0) by extensions ['colcon_pkg']
[0.806s] Level 1:colcon.colcon_core.package_identification:_identify(cstam-pkg/mission_proof/2026/January/16/mission_899d5ea0) by extension 'colcon_pkg'
[0.806s] Level 1:colcon.colcon_core.package_identification:_identify(cstam-pkg/mission_proof/2026/January/16/mission_899d5ea0) by extensions ['colcon_meta']
[0.806s] Level 1:colcon.colcon_core.package_identification:_identify(cstam-pkg/mission_proof/2026/January/16/mission_899d5ea0) by extension 'colcon_meta'
[0.806s] Level 1:colcon.colcon_core.package_identification:_identify(cstam-pkg/mission_proof/2026/January/16/mission_899d5ea0) by extensions ['ros']
[0.806s] Level 1:colcon.colcon_core.package_identification:_identify(cstam-pkg/mission_proof/2026/January/16/mission_899d5ea0) by extension 'ros'
[0.806s] Level 1:colcon.colcon_core.package_identification:_identify(cstam-pkg/mission_proof/2026/January/16/mission_899d5ea0) by extensions ['cmake', 'python']
[0.806s] Level 1:colcon.colcon_core.package_identification:_identify(cstam-pkg/mission_proof/2026/January/16/mission_899d5ea0) by extension 'cmake'
[0.806s] Level 1:colcon.colcon_core.package_identification:_identify(cstam-pkg/mission_proof/2026/January/16/mission_899d5ea0) by extension 'python'
[0.806s] Level 1:colcon.colcon_core.package_identification:_identify(cstam-pkg/mission_proof/2026/January/16/mission_899d5ea0) by extensions ['python_setup_py']
[0.807s] Level 1:colcon.colcon_core.package_identification:_identify(cstam-pkg/mission_proof/2026/January/16/mission_899d5ea0) by extension 'python_setup_py'
[0.807s] Level 1:colcon.colcon_core.package_identification:_identify(cstam-pkg/mission_proof/2026/January/16/mission_8f935d77) by extensions ['ignore', 'ignore_ament_install']
[0.807s] Level 1:colcon.colcon_core.package_identification:_identify(cstam-pkg/mission_proof/2026/January/16/mission_8f935d77) by extension 'ignore'
[0.807s] Level 1:colcon.colcon_core.package_identification:_identify(cstam-pkg/mission_proof/2026/January/16/mission_8f935d77) by extension 'ignore_ament_install'
[0.807s] Level 1:colcon.colcon_core.package_identification:_identify(cstam-pkg/mission_proof/2026/January/16/mission_8f935d77) by extensions ['colcon_pkg']
[0.807s] Level 1:colcon.colcon_core.package_identification:_identify(cstam-pkg/mission_proof/2026/January/16/mission_8f935d77) by extension 'colcon_pkg'
[0.807s] Level 1:colcon.colcon_core.package_identification:_identify(cstam-pkg/mission_proof/2026/January/16/mission_8f935d77) by extensions ['colcon_meta']
[0.807s] Level 1:colcon.colcon_core.package_identification:_identify(cstam-pkg/mission_proof/2026/January/16/mission_8f935d77) by extension 'colcon_meta'
[0.807s] Level 1:colcon.colcon_core.package_identification:_identify(cstam-pkg/mission_proof/2026/January/16/mission_8f935d77) by extensions ['ros']
[0.807s] Level 1:colcon.colcon_core.package_identification:_identify(cstam-pkg/mission_proof/2026/January/16/mission_8f935d77) by extension 'ros'
[0.807s] Level 1:colcon.colcon_core.package_identification:_identify(cstam-pkg/mission_proof/2026/January/16/mission_8f935d77) by extensions ['cmake', 'python']
[0.807s] Level 1:colcon.colcon_core.package_identification:_identify(cstam-pkg/mission_proof/2026/January/16/mission_8f935d77) by extension 'cmake'
[0.807s] Level 1:colcon.colcon_core.package_identification:_identify(cstam-pkg/mission_proof/2026/January/16/mission_8f935d77) by extension 'python'
[0.807s] Level 1:colcon.colcon_core.package_identification:_identify(cstam-pkg/mission_proof/2026/January/16/mission_8f935d77) by extensions ['python_setup_py']
[0.807s] Level 1:colcon.colcon_core.package_identification:_identify(cstam-pkg/mission_proof/2026/January/16/mission_8f935d77) by extension 'python_setup_py'
[0.807s] Level 1:colcon.colcon_core.package_identification:_identify(cstam-pkg/mission_proof/2026/January/16/mission_9ce7fdbf) by extensions ['ignore', 'ignore_ament_install']
[0.807s] Level 1:colcon.colcon_core.package_identification:_identify(cstam-pkg/mission_proof/2026/January/16/mission_9ce7fdbf) by extension 'ignore'
[0.807s] Level 1:colcon.colcon_core.package_identification:_identify(cstam-pkg/mission_proof/2026/January/16/mission_9ce7fdbf) by extension 'ignore_ament_install'
[0.807s] Level 1:colcon.colcon_core.package_identification:_identify(cstam-pkg/mission_proof/2026/January/16/mission_9ce7fdbf) by extensions ['colcon_pkg']
[0.807s] Level 1:colcon.colcon_core.package_identification:_identify(cstam-pkg/mission_proof/2026/January/16/mission_9ce7fdbf) by extension 'colcon_pkg'
[0.807s] Level 1:colcon.colcon_core.package_identification:_identify(cstam-pkg/mission_proof/2026/January/16/mission_9ce7fdbf) by extensions ['colcon_meta']
[0.807s] Level 1:colcon.colcon_core.package_identification:_identify(cstam-pkg/mission_proof/2026/January/16/mission_9ce7fdbf) by extension 'colcon_meta'
[0.807s] Level 1:colcon.colcon_core.package_identification:_identify(cstam-pkg/mission_proof/2026/January/16/mission_9ce7fdbf) by extensions ['ros']
[0.807s] Level 1:colcon.colcon_core.package_identification:_identify(cstam-pkg/mission_proof/2026/January/16/mission_9ce7fdbf) by extension 'ros'
[0.807s] Level 1:colcon.colcon_core.package_identification:_identify(cstam-pkg/mission_proof/2026/January/16/mission_9ce7fdbf) by extensions ['cmake', 'python']
[0.807s] Level 1:colcon.colcon_core.package_identification:_identify(cstam-pkg/mission_proof/2026/January/16/mission_9ce7fdbf) by extension 'cmake'
[0.807s] Level 1:colcon.colcon_core.package_identification:_identify(cstam-pkg/mission_proof/2026/January/16/mission_9ce7fdbf) by extension 'python'
[0.807s] Level 1:colcon.colcon_core.package_identification:_identify(cstam-pkg/mission_proof/2026/January/16/mission_9ce7fdbf) by extensions ['python_setup_py']
[0.807s] Level 1:colcon.colcon_core.package_identification:_identify(cstam-pkg/mission_proof/2026/January/16/mission_9ce7fdbf) by extension 'python_setup_py'
[0.807s] Level 1:colcon.colcon_core.package_identification:_identify(cstam-pkg/mission_proof/2026/January/16/mission_9d7a7ddd) by extensions ['ignore', 'ignore_ament_install']
[0.807s] Level 1:colcon.colcon_core.package_identification:_identify(cstam-pkg/mission_proof/2026/January/16/mission_9d7a7ddd) by extension 'ignore'
[0.807s] Level 1:colcon.colcon_core.package_identification:_identify(cstam-pkg/mission_proof/2026/January/16/mission_9d7a7ddd) by extension 'ignore_ament_install'
[0.807s] Level 1:colcon.colcon_core.package_identification:_identify(cstam-pkg/mission_proof/2026/January/16/mission_9d7a7ddd) by extensions ['colcon_pkg']
[0.807s] Level 1:colcon.colcon_core.package_identification:_identify(cstam-pkg/mission_proof/2026/January/16/mission_9d7a7ddd) by extension 'colcon_pkg'
[0.807s] Level 1:colcon.colcon_core.package_identification:_identify(cstam-pkg/mission_proof/2026/January/16/mission_9d7a7ddd) by extensions ['colcon_meta']
[0.807s] Level 1:colcon.colcon_core.package_identification:_identify(cstam-pkg/mission_proof/2026/January/16/mission_9d7a7ddd) by extension 'colcon_meta'
[0.807s] Level 1:colcon.colcon_core.package_identification:_identify(cstam-pkg/mission_proof/2026/January/16/mission_9d7a7ddd) by extensions ['ros']
[0.808s] Level 1:colcon.colcon_core.package_identification:_identify(cstam-pkg/mission_proof/2026/January/16/mission_9d7a7ddd) by extension 'ros'
[0.808s] Level 1:colcon.colcon_core.package_identification:_identify(cstam-pkg/mission_proof/2026/January/16/mission_9d7a7ddd) by extensions ['cmake', 'python']
[0.808s] Level 1:colcon.colcon_core.package_identification:_identify(cstam-pkg/mission_proof/2026/January/16/mission_9d7a7ddd) by extension 'cmake'
[0.808s] Level 1:colcon.colcon_core.package_identification:_identify(cstam-pkg/mission_proof/2026/January/16/mission_9d7a7ddd) by extension 'python'
[0.808s] Level 1:colcon.colcon_core.package_identification:_identify(cstam-pkg/mission_proof/2026/January/16/mission_9d7a7ddd) by extensions ['python_setup_py']
[0.808s] Level 1:colcon.colcon_core.package_identification:_identify(cstam-pkg/mission_proof/2026/January/16/mission_9d7a7ddd) by extension 'python_setup_py'
[0.808s] Level 1:colcon.colcon_core.package_identification:_identify(cstam-pkg/mission_proof/2026/January/16/mission_9fde13d4) by extensions ['ignore', 'ignore_ament_install']
[0.808s] Level 1:colcon.colcon_core.package_identification:_identify(cstam-pkg/mission_proof/2026/January/16/mission_9fde13d4) by extension 'ignore'
[0.808s] Level 1:colcon.colcon_core.package_identification:_identify(cstam-pkg/mission_proof/2026/January/16/mission_9fde13d4) by extension 'ignore_ament_install'
[0.808s] Level 1:colcon.colcon_core.package_identification:_identify(cstam-pkg/mission_proof/2026/January/16/mission_9fde13d4) by extensions ['colcon_pkg']
[0.808s] Level 1:colcon.colcon_core.package_identification:_identify(cstam-pkg/mission_proof/2026/January/16/mission_9fde13d4) by extension 'colcon_pkg'
[0.808s] Level 1:colcon.colcon_core.package_identification:_identify(cstam-pkg/mission_proof/2026/January/16/mission_9fde13d4) by extensions ['colcon_meta']
[0.808s] Level 1:colcon.colcon_core.package_identification:_identify(cstam-pkg/mission_proof/2026/January/16/mission_9fde13d4) by extension 'colcon_meta'
[0.808s] Level 1:colcon.colcon_core.package_identification:_identify(cstam-pkg/mission_proof/2026/January/16/mission_9fde13d4) by extensions ['ros']
[0.808s] Level 1:colcon.colcon_core.package_identification:_identify(cstam-pkg/mission_proof/2026/January/16/mission_9fde13d4) by extension 'ros'
[0.808s] Level 1:colcon.colcon_core.package_identification:_identify(cstam-pkg/mission_proof/2026/January/16/mission_9fde13d4) by extensions ['cmake', 'python']
[0.808s] Level 1:colcon.colcon_core.package_identification:_identify(cstam-pkg/mission_proof/2026/January/16/mission_9fde13d4) by extension 'cmake'
[0.808s] Level 1:colcon.colcon_core.package_identification:_identify(cstam-pkg/mission_proof/2026/January/16/mission_9fde13d4) by extension 'python'
[0.808s] Level 1:colcon.colcon_core.package_identification:_identify(cstam-pkg/mission_proof/2026/January/16/mission_9fde13d4) by extensions ['python_setup_py']
[0.808s] Level 1:colcon.colcon_core.package_identification:_identify(cstam-pkg/mission_proof/2026/January/16/mission_9fde13d4) by extension 'python_setup_py'
[0.808s] Level 1:colcon.colcon_core.package_identification:_identify(cstam-pkg/mission_proof/2026/January/16/mission_bcbd8c7b) by extensions ['ignore', 'ignore_ament_install']
[0.808s] Level 1:colcon.colcon_core.package_identification:_identify(cstam-pkg/mission_proof/2026/January/16/mission_bcbd8c7b) by extension 'ignore'
[0.808s] Level 1:colcon.colcon_core.package_identification:_identify(cstam-pkg/mission_proof/2026/January/16/mission_bcbd8c7b) by extension 'ignore_ament_install'
[0.808s] Level 1:colcon.colcon_core.package_identification:_identify(cstam-pkg/mission_proof/2026/January/16/mission_bcbd8c7b) by extensions ['colcon_pkg']
[0.808s] Level 1:colcon.colcon_core.package_identification:_identify(cstam-pkg/mission_proof/2026/January/16/mission_bcbd8c7b) by extension 'colcon_pkg'
[0.808s] Level 1:colcon.colcon_core.package_identification:_identify(cstam-pkg/mission_proof/2026/January/16/mission_bcbd8c7b) by extensions ['colcon_meta']
[0.808s] Level 1:colcon.colcon_core.package_identification:_identify(cstam-pkg/mission_proof/2026/January/16/mission_bcbd8c7b) by extension 'colcon_meta'
[0.808s] Level 1:colcon.colcon_core.package_identification:_identify(cstam-pkg/mission_proof/2026/January/16/mission_bcbd8c7b) by extensions ['ros']
[0.808s] Level 1:colcon.colcon_core.package_identification:_identify(cstam-pkg/mission_proof/2026/January/16/mission_bcbd8c7b) by extension 'ros'
[0.808s] Level 1:colcon.colcon_core.package_identification:_identify(cstam-pkg/mission_proof/2026/January/16/mission_bcbd8c7b) by extensions ['cmake', 'python']
[0.808s] Level 1:colcon.colcon_core.package_identification:_identify(cstam-pkg/mission_proof/2026/January/16/mission_bcbd8c7b) by extension 'cmake'
[0.808s] Level 1:colcon.colcon_core.package_identification:_identify(cstam-pkg/mission_proof/2026/January/16/mission_bcbd8c7b) by extension 'python'
[0.808s] Level 1:colcon.colcon_core.package_identification:_identify(cstam-pkg/mission_proof/2026/January/16/mission_bcbd8c7b) by extensions ['python_setup_py']
[0.808s] Level 1:colcon.colcon_core.package_identification:_identify(cstam-pkg/mission_proof/2026/January/16/mission_bcbd8c7b) by extension 'python_setup_py'
[0.808s] Level 1:colcon.colcon_core.package_identification:_identify(cstam-pkg/mission_proof/2026/January/16/mission_bfee6403) by extensions ['ignore', 'ignore_ament_install']
[0.809s] Level 1:colcon.colcon_core.package_identification:_identify(cstam-pkg/mission_proof/2026/January/16/mission_bfee6403) by extension 'ignore'
[0.809s] Level 1:colcon.colcon_core.package_identification:_identify(cstam-pkg/mission_proof/2026/January/16/mission_bfee6403) by extension 'ignore_ament_install'
[0.809s] Level 1:colcon.colcon_core.package_identification:_identify(cstam-pkg/mission_proof/2026/January/16/mission_bfee6403) by extensions ['colcon_pkg']
[0.809s] Level 1:colcon.colcon_core.package_identification:_identify(cstam-pkg/mission_proof/2026/January/16/mission_bfee6403) by extension 'colcon_pkg'
[0.809s] Level 1:colcon.colcon_core.package_identification:_identify(cstam-pkg/mission_proof/2026/January/16/mission_bfee6403) by extensions ['colcon_meta']
[0.809s] Level 1:colcon.colcon_core.package_identification:_identify(cstam-pkg/mission_proof/2026/January/16/mission_bfee6403) by extension 'colcon_meta'
[0.809s] Level 1:colcon.colcon_core.package_identification:_identify(cstam-pkg/mission_proof/2026/January/16/mission_bfee6403) by extensions ['ros']
[0.809s] Level 1:colcon.colcon_core.package_identification:_identify(cstam-pkg/mission_proof/2026/January/16/mission_bfee6403) by extension 'ros'
[0.809s] Level 1:colcon.colcon_core.package_identification:_identify(cstam-pkg/mission_proof/2026/January/16/mission_bfee6403) by extensions ['cmake', 'python']
[0.809s] Level 1:colcon.colcon_core.package_identification:_identify(cstam-pkg/mission_proof/2026/January/16/mission_bfee6403) by extension 'cmake'
[0.809s] Level 1:colcon.colcon_core.package_identification:_identify(cstam-pkg/mission_proof/2026/January/16/mission_bfee6403) by extension 'python'
[0.809s] Level 1:colcon.colcon_core.package_identification:_identify(cstam-pkg/mission_proof/2026/January/16/mission_bfee6403) by extensions ['python_setup_py']
[0.809s] Level 1:colcon.colcon_core.package_identification:_identify(cstam-pkg/mission_proof/2026/January/16/mission_bfee6403) by extension 'python_setup_py'
[0.809s] Level 1:colcon.colcon_core.package_identification:_identify(cstam-pkg/mission_proof/2026/January/16/mission_c3cff6a3) by extensions ['ignore', 'ignore_ament_install']
[0.809s] Level 1:colcon.colcon_core.package_identification:_identify(cstam-pkg/mission_proof/2026/January/16/mission_c3cff6a3) by extension 'ignore'
[0.809s] Level 1:colcon.colcon_core.package_identification:_identify(cstam-pkg/mission_proof/2026/January/16/mission_c3cff6a3) by extension 'ignore_ament_install'
[0.809s] Level 1:colcon.colcon_core.package_identification:_identify(cstam-pkg/mission_proof/2026/January/16/mission_c3cff6a3) by extensions ['colcon_pkg']
[0.809s] Level 1:colcon.colcon_core.package_identification:_identify(cstam-pkg/mission_proof/2026/January/16/mission_c3cff6a3) by extension 'colcon_pkg'
[0.809s] Level 1:colcon.colcon_core.package_identification:_identify(cstam-pkg/mission_proof/2026/January/16/mission_c3cff6a3) by extensions ['colcon_meta']
[0.809s] Level 1:colcon.colcon_core.package_identification:_identify(cstam-pkg/mission_proof/2026/January/16/mission_c3cff6a3) by extension 'colcon_meta'
[0.809s] Level 1:colcon.colcon_core.package_identification:_identify(cstam-pkg/mission_proof/2026/January/16/mission_c3cff6a3) by extensions ['ros']
[0.809s] Level 1:colcon.colcon_core.package_identification:_identify(cstam-pkg/mission_proof/2026/January/16/mission_c3cff6a3) by extension 'ros'
[0.809s] Level 1:colcon.colcon_core.package_identification:_identify(cstam-pkg/mission_proof/2026/January/16/mission_c3cff6a3) by extensions ['cmake', 'python']
[0.809s] Level 1:colcon.colcon_core.package_identification:_identify(cstam-pkg/mission_proof/2026/January/16/mission_c3cff6a3) by extension 'cmake'
[0.809s] Level 1:colcon.colcon_core.package_identification:_identify(cstam-pkg/mission_proof/2026/January/16/mission_c3cff6a3) by extension 'python'
[0.809s] Level 1:colcon.colcon_core.package_identification:_identify(cstam-pkg/mission_proof/2026/January/16/mission_c3cff6a3) by extensions ['python_setup_py']
[0.809s] Level 1:colcon.colcon_core.package_identification:_identify(cstam-pkg/mission_proof/2026/January/16/mission_c3cff6a3) by extension 'python_setup_py'
[0.809s] Level 1:colcon.colcon_core.package_identification:_identify(cstam-pkg/mission_proof/2026/January/16/mission_c5ef2f24) by extensions ['ignore', 'ignore_ament_install']
[0.810s] Level 1:colcon.colcon_core.package_identification:_identify(cstam-pkg/mission_proof/2026/January/16/mission_c5ef2f24) by extension 'ignore'
[0.810s] Level 1:colcon.colcon_core.package_identification:_identify(cstam-pkg/mission_proof/2026/January/16/mission_c5ef2f24) by extension 'ignore_ament_install'
[0.810s] Level 1:colcon.colcon_core.package_identification:_identify(cstam-pkg/mission_proof/2026/January/16/mission_c5ef2f24) by extensions ['colcon_pkg']
[0.810s] Level 1:colcon.colcon_core.package_identification:_identify(cstam-pkg/mission_proof/2026/January/16/mission_c5ef2f24) by extension 'colcon_pkg'
[0.810s] Level 1:colcon.colcon_core.package_identification:_identify(cstam-pkg/mission_proof/2026/January/16/mission_c5ef2f24) by extensions ['colcon_meta']
[0.810s] Level 1:colcon.colcon_core.package_identification:_identify(cstam-pkg/mission_proof/2026/January/16/mission_c5ef2f24) by extension 'colcon_meta'
[0.810s] Level 1:colcon.colcon_core.package_identification:_identify(cstam-pkg/mission_proof/2026/January/16/mission_c5ef2f24) by extensions ['ros']
[0.810s] Level 1:colcon.colcon_core.package_identification:_identify(cstam-pkg/mission_proof/2026/January/16/mission_c5ef2f24) by extension 'ros'
[0.810s] Level 1:colcon.colcon_core.package_identification:_identify(cstam-pkg/mission_proof/2026/January/16/mission_c5ef2f24) by extensions ['cmake', 'python']
[0.810s] Level 1:colcon.colcon_core.package_identification:_identify(cstam-pkg/mission_proof/2026/January/16/mission_c5ef2f24) by extension 'cmake'
[0.810s] Level 1:colcon.colcon_core.package_identification:_identify(cstam-pkg/mission_proof/2026/January/16/mission_c5ef2f24) by extension 'python'
[0.810s] Level 1:colcon.colcon_core.package_identification:_identify(cstam-pkg/mission_proof/2026/January/16/mission_c5ef2f24) by extensions ['python_setup_py']
[0.810s] Level 1:colcon.colcon_core.package_identification:_identify(cstam-pkg/mission_proof/2026/January/16/mission_c5ef2f24) by extension 'python_setup_py'
[0.810s] Level 1:colcon.colcon_core.package_identification:_identify(cstam-pkg/mission_proof/2026/January/16/mission_cb16d5c7) by extensions ['ignore', 'ignore_ament_install']
[0.810s] Level 1:colcon.colcon_core.package_identification:_identify(cstam-pkg/mission_proof/2026/January/16/mission_cb16d5c7) by extension 'ignore'
[0.810s] Level 1:colcon.colcon_core.package_identification:_identify(cstam-pkg/mission_proof/2026/January/16/mission_cb16d5c7) by extension 'ignore_ament_install'
[0.810s] Level 1:colcon.colcon_core.package_identification:_identify(cstam-pkg/mission_proof/2026/January/16/mission_cb16d5c7) by extensions ['colcon_pkg']
[0.810s] Level 1:colcon.colcon_core.package_identification:_identify(cstam-pkg/mission_proof/2026/January/16/mission_cb16d5c7) by extension 'colcon_pkg'
[0.810s] Level 1:colcon.colcon_core.package_identification:_identify(cstam-pkg/mission_proof/2026/January/16/mission_cb16d5c7) by extensions ['colcon_meta']
[0.810s] Level 1:colcon.colcon_core.package_identification:_identify(cstam-pkg/mission_proof/2026/January/16/mission_cb16d5c7) by extension 'colcon_meta'
[0.810s] Level 1:colcon.colcon_core.package_identification:_identify(cstam-pkg/mission_proof/2026/January/16/mission_cb16d5c7) by extensions ['ros']
[0.810s] Level 1:colcon.colcon_core.package_identification:_identify(cstam-pkg/mission_proof/2026/January/16/mission_cb16d5c7) by extension 'ros'
[0.810s] Level 1:colcon.colcon_core.package_identification:_identify(cstam-pkg/mission_proof/2026/January/16/mission_cb16d5c7) by extensions ['cmake', 'python']
[0.810s] Level 1:colcon.colcon_core.package_identification:_identify(cstam-pkg/mission_proof/2026/January/16/mission_cb16d5c7) by extension 'cmake'
[0.810s] Level 1:colcon.colcon_core.package_identification:_identify(cstam-pkg/mission_proof/2026/January/16/mission_cb16d5c7) by extension 'python'
[0.810s] Level 1:colcon.colcon_core.package_identification:_identify(cstam-pkg/mission_proof/2026/January/16/mission_cb16d5c7) by extensions ['python_setup_py']
[0.810s] Level 1:colcon.colcon_core.package_identification:_identify(cstam-pkg/mission_proof/2026/January/16/mission_cb16d5c7) by extension 'python_setup_py'
[0.810s] Level 1:colcon.colcon_core.package_identification:_identify(cstam-pkg/mission_proof/2026/January/16/mission_cdf251c1) by extensions ['ignore', 'ignore_ament_install']
[0.810s] Level 1:colcon.colcon_core.package_identification:_identify(cstam-pkg/mission_proof/2026/January/16/mission_cdf251c1) by extension 'ignore'
[0.810s] Level 1:colcon.colcon_core.package_identification:_identify(cstam-pkg/mission_proof/2026/January/16/mission_cdf251c1) by extension 'ignore_ament_install'
[0.810s] Level 1:colcon.colcon_core.package_identification:_identify(cstam-pkg/mission_proof/2026/January/16/mission_cdf251c1) by extensions ['colcon_pkg']
[0.810s] Level 1:colcon.colcon_core.package_identification:_identify(cstam-pkg/mission_proof/2026/January/16/mission_cdf251c1) by extension 'colcon_pkg'
[0.810s] Level 1:colcon.colcon_core.package_identification:_identify(cstam-pkg/mission_proof/2026/January/16/mission_cdf251c1) by extensions ['colcon_meta']
[0.810s] Level 1:colcon.colcon_core.package_identification:_identify(cstam-pkg/mission_proof/2026/January/16/mission_cdf251c1) by extension 'colcon_meta'
[0.810s] Level 1:colcon.colcon_core.package_identification:_identify(cstam-pkg/mission_proof/2026/January/16/mission_cdf251c1) by extensions ['ros']
[0.810s] Level 1:colcon.colcon_core.package_identification:_identify(cstam-pkg/mission_proof/2026/January/16/mission_cdf251c1) by extension 'ros'
[0.811s] Level 1:colcon.colcon_core.package_identification:_identify(cstam-pkg/mission_proof/2026/January/16/mission_cdf251c1) by extensions ['cmake', 'python']
[0.811s] Level 1:colcon.colcon_core.package_identification:_identify(cstam-pkg/mission_proof/2026/January/16/mission_cdf251c1) by extension 'cmake'
[0.811s] Level 1:colcon.colcon_core.package_identification:_identify(cstam-pkg/mission_proof/2026/January/16/mission_cdf251c1) by extension 'python'
[0.811s] Level 1:colcon.colcon_core.package_identification:_identify(cstam-pkg/mission_proof/2026/January/16/mission_cdf251c1) by extensions ['python_setup_py']
[0.811s] Level 1:colcon.colcon_core.package_identification:_identify(cstam-pkg/mission_proof/2026/January/16/mission_cdf251c1) by extension 'python_setup_py'
[0.811s] Level 1:colcon.colcon_core.package_identification:_identify(cstam-pkg/mission_proof/2026/January/16/mission_d05ed457) by extensions ['ignore', 'ignore_ament_install']
[0.811s] Level 1:colcon.colcon_core.package_identification:_identify(cstam-pkg/mission_proof/2026/January/16/mission_d05ed457) by extension 'ignore'
[0.811s] Level 1:colcon.colcon_core.package_identification:_identify(cstam-pkg/mission_proof/2026/January/16/mission_d05ed457) by extension 'ignore_ament_install'
[0.811s] Level 1:colcon.colcon_core.package_identification:_identify(cstam-pkg/mission_proof/2026/January/16/mission_d05ed457) by extensions ['colcon_pkg']
[0.811s] Level 1:colcon.colcon_core.package_identification:_identify(cstam-pkg/mission_proof/2026/January/16/mission_d05ed457) by extension 'colcon_pkg'
[0.811s] Level 1:colcon.colcon_core.package_identification:_identify(cstam-pkg/mission_proof/2026/January/16/mission_d05ed457) by extensions ['colcon_meta']
[0.811s] Level 1:colcon.colcon_core.package_identification:_identify(cstam-pkg/mission_proof/2026/January/16/mission_d05ed457) by extension 'colcon_meta'
[0.811s] Level 1:colcon.colcon_core.package_identification:_identify(cstam-pkg/mission_proof/2026/January/16/mission_d05ed457) by extensions ['ros']
[0.811s] Level 1:colcon.colcon_core.package_identification:_identify(cstam-pkg/mission_proof/2026/January/16/mission_d05ed457) by extension 'ros'
[0.811s] Level 1:colcon.colcon_core.package_identification:_identify(cstam-pkg/mission_proof/2026/January/16/mission_d05ed457) by extensions ['cmake', 'python']
[0.811s] Level 1:colcon.colcon_core.package_identification:_identify(cstam-pkg/mission_proof/2026/January/16/mission_d05ed457) by extension 'cmake'
[0.811s] Level 1:colcon.colcon_core.package_identification:_identify(cstam-pkg/mission_proof/2026/January/16/mission_d05ed457) by extension 'python'
[0.811s] Level 1:colcon.colcon_core.package_identification:_identify(cstam-pkg/mission_proof/2026/January/16/mission_d05ed457) by extensions ['python_setup_py']
[0.811s] Level 1:colcon.colcon_core.package_identification:_identify(cstam-pkg/mission_proof/2026/January/16/mission_d05ed457) by extension 'python_setup_py'
[0.811s] Level 1:colcon.colcon_core.package_identification:_identify(cstam-pkg/mission_proof/2026/January/16/mission_d0e71dbc) by extensions ['ignore', 'ignore_ament_install']
[0.811s] Level 1:colcon.colcon_core.package_identification:_identify(cstam-pkg/mission_proof/2026/January/16/mission_d0e71dbc) by extension 'ignore'
[0.811s] Level 1:colcon.colcon_core.package_identification:_identify(cstam-pkg/mission_proof/2026/January/16/mission_d0e71dbc) by extension 'ignore_ament_install'
[0.811s] Level 1:colcon.colcon_core.package_identification:_identify(cstam-pkg/mission_proof/2026/January/16/mission_d0e71dbc) by extensions ['colcon_pkg']
[0.811s] Level 1:colcon.colcon_core.package_identification:_identify(cstam-pkg/mission_proof/2026/January/16/mission_d0e71dbc) by extension 'colcon_pkg'
[0.811s] Level 1:colcon.colcon_core.package_identification:_identify(cstam-pkg/mission_proof/2026/January/16/mission_d0e71dbc) by extensions ['colcon_meta']
[0.811s] Level 1:colcon.colcon_core.package_identification:_identify(cstam-pkg/mission_proof/2026/January/16/mission_d0e71dbc) by extension 'colcon_meta'
[0.811s] Level 1:colcon.colcon_core.package_identification:_identify(cstam-pkg/mission_proof/2026/January/16/mission_d0e71dbc) by extensions ['ros']
[0.811s] Level 1:colcon.colcon_core.package_identification:_identify(cstam-pkg/mission_proof/2026/January/16/mission_d0e71dbc) by extension 'ros'
[0.811s] Level 1:colcon.colcon_core.package_identification:_identify(cstam-pkg/mission_proof/2026/January/16/mission_d0e71dbc) by extensions ['cmake', 'python']
[0.811s] Level 1:colcon.colcon_core.package_identification:_identify(cstam-pkg/mission_proof/2026/January/16/mission_d0e71dbc) by extension 'cmake'
[0.811s] Level 1:colcon.colcon_core.package_identification:_identify(cstam-pkg/mission_proof/2026/January/16/mission_d0e71dbc) by extension 'python'
[0.811s] Level 1:colcon.colcon_core.package_identification:_identify(cstam-pkg/mission_proof/2026/January/16/mission_d0e71dbc) by extensions ['python_setup_py']
[0.811s] Level 1:colcon.colcon_core.package_identification:_identify(cstam-pkg/mission_proof/2026/January/16/mission_d0e71dbc) by extension 'python_setup_py'
[0.811s] Level 1:colcon.colcon_core.package_identification:_identify(cstam-pkg/mission_proof/2026/January/16/mission_d66250b3) by extensions ['ignore', 'ignore_ament_install']
[0.812s] Level 1:colcon.colcon_core.package_identification:_identify(cstam-pkg/mission_proof/2026/January/16/mission_d66250b3) by extension 'ignore'
[0.812s] Level 1:colcon.colcon_core.package_identification:_identify(cstam-pkg/mission_proof/2026/January/16/mission_d66250b3) by extension 'ignore_ament_install'
[0.812s] Level 1:colcon.colcon_core.package_identification:_identify(cstam-pkg/mission_proof/2026/January/16/mission_d66250b3) by extensions ['colcon_pkg']
[0.812s] Level 1:colcon.colcon_core.package_identification:_identify(cstam-pkg/mission_proof/2026/January/16/mission_d66250b3) by extension 'colcon_pkg'
[0.812s] Level 1:colcon.colcon_core.package_identification:_identify(cstam-pkg/mission_proof/2026/January/16/mission_d66250b3) by extensions ['colcon_meta']
[0.812s] Level 1:colcon.colcon_core.package_identification:_identify(cstam-pkg/mission_proof/2026/January/16/mission_d66250b3) by extension 'colcon_meta'
[0.812s] Level 1:colcon.colcon_core.package_identification:_identify(cstam-pkg/mission_proof/2026/January/16/mission_d66250b3) by extensions ['ros']
[0.812s] Level 1:colcon.colcon_core.package_identification:_identify(cstam-pkg/mission_proof/2026/January/16/mission_d66250b3) by extension 'ros'
[0.812s] Level 1:colcon.colcon_core.package_identification:_identify(cstam-pkg/mission_proof/2026/January/16/mission_d66250b3) by extensions ['cmake', 'python']
[0.812s] Level 1:colcon.colcon_core.package_identification:_identify(cstam-pkg/mission_proof/2026/January/16/mission_d66250b3) by extension 'cmake'
[0.812s] Level 1:colcon.colcon_core.package_identification:_identify(cstam-pkg/mission_proof/2026/January/16/mission_d66250b3) by extension 'python'
[0.812s] Level 1:colcon.colcon_core.package_identification:_identify(cstam-pkg/mission_proof/2026/January/16/mission_d66250b3) by extensions ['python_setup_py']
[0.812s] Level 1:colcon.colcon_core.package_identification:_identify(cstam-pkg/mission_proof/2026/January/16/mission_d66250b3) by extension 'python_setup_py'
[0.812s] Level 1:colcon.colcon_core.package_identification:_identify(cstam-pkg/mission_proof/2026/January/16/mission_d7ff5588) by extensions ['ignore', 'ignore_ament_install']
[0.812s] Level 1:colcon.colcon_core.package_identification:_identify(cstam-pkg/mission_proof/2026/January/16/mission_d7ff5588) by extension 'ignore'
[0.812s] Level 1:colcon.colcon_core.package_identification:_identify(cstam-pkg/mission_proof/2026/January/16/mission_d7ff5588) by extension 'ignore_ament_install'
[0.812s] Level 1:colcon.colcon_core.package_identification:_identify(cstam-pkg/mission_proof/2026/January/16/mission_d7ff5588) by extensions ['colcon_pkg']
[0.812s] Level 1:colcon.colcon_core.package_identification:_identify(cstam-pkg/mission_proof/2026/January/16/mission_d7ff5588) by extension 'colcon_pkg'
[0.812s] Level 1:colcon.colcon_core.package_identification:_identify(cstam-pkg/mission_proof/2026/January/16/mission_d7ff5588) by extensions ['colcon_meta']
[0.812s] Level 1:colcon.colcon_core.package_identification:_identify(cstam-pkg/mission_proof/2026/January/16/mission_d7ff5588) by extension 'colcon_meta'
[0.812s] Level 1:colcon.colcon_core.package_identification:_identify(cstam-pkg/mission_proof/2026/January/16/mission_d7ff5588) by extensions ['ros']
[0.812s] Level 1:colcon.colcon_core.package_identification:_identify(cstam-pkg/mission_proof/2026/January/16/mission_d7ff5588) by extension 'ros'
[0.812s] Level 1:colcon.colcon_core.package_identification:_identify(cstam-pkg/mission_proof/2026/January/16/mission_d7ff5588) by extensions ['cmake', 'python']
[0.812s] Level 1:colcon.colcon_core.package_identification:_identify(cstam-pkg/mission_proof/2026/January/16/mission_d7ff5588) by extension 'cmake'
[0.812s] Level 1:colcon.colcon_core.package_identification:_identify(cstam-pkg/mission_proof/2026/January/16/mission_d7ff5588) by extension 'python'
[0.812s] Level 1:colcon.colcon_core.package_identification:_identify(cstam-pkg/mission_proof/2026/January/16/mission_d7ff5588) by extensions ['python_setup_py']
[0.812s] Level 1:colcon.colcon_core.package_identification:_identify(cstam-pkg/mission_proof/2026/January/16/mission_d7ff5588) by extension 'python_setup_py'
[0.812s] Level 1:colcon.colcon_core.package_identification:_identify(cstam-pkg/mission_proof/2026/January/16/mission_dbc422ff) by extensions ['ignore', 'ignore_ament_install']
[0.812s] Level 1:colcon.colcon_core.package_identification:_identify(cstam-pkg/mission_proof/2026/January/16/mission_dbc422ff) by extension 'ignore'
[0.812s] Level 1:colcon.colcon_core.package_identification:_identify(cstam-pkg/mission_proof/2026/January/16/mission_dbc422ff) by extension 'ignore_ament_install'
[0.812s] Level 1:colcon.colcon_core.package_identification:_identify(cstam-pkg/mission_proof/2026/January/16/mission_dbc422ff) by extensions ['colcon_pkg']
[0.812s] Level 1:colcon.colcon_core.package_identification:_identify(cstam-pkg/mission_proof/2026/January/16/mission_dbc422ff) by extension 'colcon_pkg'
[0.812s] Level 1:colcon.colcon_core.package_identification:_identify(cstam-pkg/mission_proof/2026/January/16/mission_dbc422ff) by extensions ['colcon_meta']
[0.812s] Level 1:colcon.colcon_core.package_identification:_identify(cstam-pkg/mission_proof/2026/January/16/mission_dbc422ff) by extension 'colcon_meta'
[0.812s] Level 1:colcon.colcon_core.package_identification:_identify(cstam-pkg/mission_proof/2026/January/16/mission_dbc422ff) by extensions ['ros']
[0.812s] Level 1:colcon.colcon_core.package_identification:_identify(cstam-pkg/mission_proof/2026/January/16/mission_dbc422ff) by extension 'ros'
[0.813s] Level 1:colcon.colcon_core.package_identification:_identify(cstam-pkg/mission_proof/2026/January/16/mission_dbc422ff) by extensions ['cmake', 'python']
[0.813s] Level 1:colcon.colcon_core.package_identification:_identify(cstam-pkg/mission_proof/2026/January/16/mission_dbc422ff) by extension 'cmake'
[0.813s] Level 1:colcon.colcon_core.package_identification:_identify(cstam-pkg/mission_proof/2026/January/16/mission_dbc422ff) by extension 'python'
[0.813s] Level 1:colcon.colcon_core.package_identification:_identify(cstam-pkg/mission_proof/2026/January/16/mission_dbc422ff) by extensions ['python_setup_py']
[0.813s] Level 1:colcon.colcon_core.package_identification:_identify(cstam-pkg/mission_proof/2026/January/16/mission_dbc422ff) by extension 'python_setup_py'
[0.813s] Level 1:colcon.colcon_core.package_identification:_identify(cstam-pkg/mission_proof/2026/January/16/mission_e30b5827) by extensions ['ignore', 'ignore_ament_install']
[0.813s] Level 1:colcon.colcon_core.package_identification:_identify(cstam-pkg/mission_proof/2026/January/16/mission_e30b5827) by extension 'ignore'
[0.813s] Level 1:colcon.colcon_core.package_identification:_identify(cstam-pkg/mission_proof/2026/January/16/mission_e30b5827) by extension 'ignore_ament_install'
[0.813s] Level 1:colcon.colcon_core.package_identification:_identify(cstam-pkg/mission_proof/2026/January/16/mission_e30b5827) by extensions ['colcon_pkg']
[0.813s] Level 1:colcon.colcon_core.package_identification:_identify(cstam-pkg/mission_proof/2026/January/16/mission_e30b5827) by extension 'colcon_pkg'
[0.813s] Level 1:colcon.colcon_core.package_identification:_identify(cstam-pkg/mission_proof/2026/January/16/mission_e30b5827) by extensions ['colcon_meta']
[0.813s] Level 1:colcon.colcon_core.package_identification:_identify(cstam-pkg/mission_proof/2026/January/16/mission_e30b5827) by extension 'colcon_meta'
[0.813s] Level 1:colcon.colcon_core.package_identification:_identify(cstam-pkg/mission_proof/2026/January/16/mission_e30b5827) by extensions ['ros']
[0.813s] Level 1:colcon.colcon_core.package_identification:_identify(cstam-pkg/mission_proof/2026/January/16/mission_e30b5827) by extension 'ros'
[0.813s] Level 1:colcon.colcon_core.package_identification:_identify(cstam-pkg/mission_proof/2026/January/16/mission_e30b5827) by extensions ['cmake', 'python']
[0.813s] Level 1:colcon.colcon_core.package_identification:_identify(cstam-pkg/mission_proof/2026/January/16/mission_e30b5827) by extension 'cmake'
[0.813s] Level 1:colcon.colcon_core.package_identification:_identify(cstam-pkg/mission_proof/2026/January/16/mission_e30b5827) by extension 'python'
[0.813s] Level 1:colcon.colcon_core.package_identification:_identify(cstam-pkg/mission_proof/2026/January/16/mission_e30b5827) by extensions ['python_setup_py']
[0.813s] Level 1:colcon.colcon_core.package_identification:_identify(cstam-pkg/mission_proof/2026/January/16/mission_e30b5827) by extension 'python_setup_py'
[0.813s] Level 1:colcon.colcon_core.package_identification:_identify(cstam-pkg/mission_proof/2026/January/16/mission_ee20c05b) by extensions ['ignore', 'ignore_ament_install']
[0.813s] Level 1:colcon.colcon_core.package_identification:_identify(cstam-pkg/mission_proof/2026/January/16/mission_ee20c05b) by extension 'ignore'
[0.813s] Level 1:colcon.colcon_core.package_identification:_identify(cstam-pkg/mission_proof/2026/January/16/mission_ee20c05b) by extension 'ignore_ament_install'
[0.813s] Level 1:colcon.colcon_core.package_identification:_identify(cstam-pkg/mission_proof/2026/January/16/mission_ee20c05b) by extensions ['colcon_pkg']
[0.813s] Level 1:colcon.colcon_core.package_identification:_identify(cstam-pkg/mission_proof/2026/January/16/mission_ee20c05b) by extension 'colcon_pkg'
[0.813s] Level 1:colcon.colcon_core.package_identification:_identify(cstam-pkg/mission_proof/2026/January/16/mission_ee20c05b) by extensions ['colcon_meta']
[0.813s] Level 1:colcon.colcon_core.package_identification:_identify(cstam-pkg/mission_proof/2026/January/16/mission_ee20c05b) by extension 'colcon_meta'
[0.813s] Level 1:colcon.colcon_core.package_identification:_identify(cstam-pkg/mission_proof/2026/January/16/mission_ee20c05b) by extensions ['ros']
[0.813s] Level 1:colcon.colcon_core.package_identification:_identify(cstam-pkg/mission_proof/2026/January/16/mission_ee20c05b) by extension 'ros'
[0.813s] Level 1:colcon.colcon_core.package_identification:_identify(cstam-pkg/mission_proof/2026/January/16/mission_ee20c05b) by extensions ['cmake', 'python']
[0.813s] Level 1:colcon.colcon_core.package_identification:_identify(cstam-pkg/mission_proof/2026/January/16/mission_ee20c05b) by extension 'cmake'
[0.813s] Level 1:colcon.colcon_core.package_identification:_identify(cstam-pkg/mission_proof/2026/January/16/mission_ee20c05b) by extension 'python'
[0.813s] Level 1:colcon.colcon_core.package_identification:_identify(cstam-pkg/mission_proof/2026/January/16/mission_ee20c05b) by extensions ['python_setup_py']
[0.813s] Level 1:colcon.colcon_core.package_identification:_identify(cstam-pkg/mission_proof/2026/January/16/mission_ee20c05b) by extension 'python_setup_py'
[0.813s] Level 1:colcon.colcon_core.package_identification:_identify(cstam-pkg/mission_proof/2026/January/16/mission_eedde021) by extensions ['ignore', 'ignore_ament_install']
[0.813s] Level 1:colcon.colcon_core.package_identification:_identify(cstam-pkg/mission_proof/2026/January/16/mission_eedde021) by extension 'ignore'
[0.813s] Level 1:colcon.colcon_core.package_identification:_identify(cstam-pkg/mission_proof/2026/January/16/mission_eedde021) by extension 'ignore_ament_install'
[0.814s] Level 1:colcon.colcon_core.package_identification:_identify(cstam-pkg/mission_proof/2026/January/16/mission_eedde021) by extensions ['colcon_pkg']
[0.814s] Level 1:colcon.colcon_core.package_identification:_identify(cstam-pkg/mission_proof/2026/January/16/mission_eedde021) by extension 'colcon_pkg'
[0.814s] Level 1:colcon.colcon_core.package_identification:_identify(cstam-pkg/mission_proof/2026/January/16/mission_eedde021) by extensions ['colcon_meta']
[0.814s] Level 1:colcon.colcon_core.package_identification:_identify(cstam-pkg/mission_proof/2026/January/16/mission_eedde021) by extension 'colcon_meta'
[0.814s] Level 1:colcon.colcon_core.package_identification:_identify(cstam-pkg/mission_proof/2026/January/16/mission_eedde021) by extensions ['ros']
[0.814s] Level 1:colcon.colcon_core.package_identification:_identify(cstam-pkg/mission_proof/2026/January/16/mission_eedde021) by extension 'ros'
[0.814s] Level 1:colcon.colcon_core.package_identification:_identify(cstam-pkg/mission_proof/2026/January/16/mission_eedde021) by extensions ['cmake', 'python']
[0.814s] Level 1:colcon.colcon_core.package_identification:_identify(cstam-pkg/mission_proof/2026/January/16/mission_eedde021) by extension 'cmake'
[0.814s] Level 1:colcon.colcon_core.package_identification:_identify(cstam-pkg/mission_proof/2026/January/16/mission_eedde021) by extension 'python'
[0.814s] Level 1:colcon.colcon_core.package_identification:_identify(cstam-pkg/mission_proof/2026/January/16/mission_eedde021) by extensions ['python_setup_py']
[0.814s] Level 1:colcon.colcon_core.package_identification:_identify(cstam-pkg/mission_proof/2026/January/16/mission_eedde021) by extension 'python_setup_py'
[0.814s] Level 1:colcon.colcon_core.package_identification:_identify(cstam-pkg/mission_proof/2026/January/16/mission_f1d3900e) by extensions ['ignore', 'ignore_ament_install']
[0.814s] Level 1:colcon.colcon_core.package_identification:_identify(cstam-pkg/mission_proof/2026/January/16/mission_f1d3900e) by extension 'ignore'
[0.814s] Level 1:colcon.colcon_core.package_identification:_identify(cstam-pkg/mission_proof/2026/January/16/mission_f1d3900e) by extension 'ignore_ament_install'
[0.814s] Level 1:colcon.colcon_core.package_identification:_identify(cstam-pkg/mission_proof/2026/January/16/mission_f1d3900e) by extensions ['colcon_pkg']
[0.814s] Level 1:colcon.colcon_core.package_identification:_identify(cstam-pkg/mission_proof/2026/January/16/mission_f1d3900e) by extension 'colcon_pkg'
[0.814s] Level 1:colcon.colcon_core.package_identification:_identify(cstam-pkg/mission_proof/2026/January/16/mission_f1d3900e) by extensions ['colcon_meta']
[0.814s] Level 1:colcon.colcon_core.package_identification:_identify(cstam-pkg/mission_proof/2026/January/16/mission_f1d3900e) by extension 'colcon_meta'
[0.814s] Level 1:colcon.colcon_core.package_identification:_identify(cstam-pkg/mission_proof/2026/January/16/mission_f1d3900e) by extensions ['ros']
[0.814s] Level 1:colcon.colcon_core.package_identification:_identify(cstam-pkg/mission_proof/2026/January/16/mission_f1d3900e) by extension 'ros'
[0.814s] Level 1:colcon.colcon_core.package_identification:_identify(cstam-pkg/mission_proof/2026/January/16/mission_f1d3900e) by extensions ['cmake', 'python']
[0.814s] Level 1:colcon.colcon_core.package_identification:_identify(cstam-pkg/mission_proof/2026/January/16/mission_f1d3900e) by extension 'cmake'
[0.814s] Level 1:colcon.colcon_core.package_identification:_identify(cstam-pkg/mission_proof/2026/January/16/mission_f1d3900e) by extension 'python'
[0.814s] Level 1:colcon.colcon_core.package_identification:_identify(cstam-pkg/mission_proof/2026/January/16/mission_f1d3900e) by extensions ['python_setup_py']
[0.814s] Level 1:colcon.colcon_core.package_identification:_identify(cstam-pkg/mission_proof/2026/January/16/mission_f1d3900e) by extension 'python_setup_py'
[0.814s] Level 1:colcon.colcon_core.package_identification:_identify(cstam-pkg/mission_proof/2026/January/16/mission_fce7dae1) by extensions ['ignore', 'ignore_ament_install']
[0.814s] Level 1:colcon.colcon_core.package_identification:_identify(cstam-pkg/mission_proof/2026/January/16/mission_fce7dae1) by extension 'ignore'
[0.814s] Level 1:colcon.colcon_core.package_identification:_identify(cstam-pkg/mission_proof/2026/January/16/mission_fce7dae1) by extension 'ignore_ament_install'
[0.814s] Level 1:colcon.colcon_core.package_identification:_identify(cstam-pkg/mission_proof/2026/January/16/mission_fce7dae1) by extensions ['colcon_pkg']
[0.814s] Level 1:colcon.colcon_core.package_identification:_identify(cstam-pkg/mission_proof/2026/January/16/mission_fce7dae1) by extension 'colcon_pkg'
[0.814s] Level 1:colcon.colcon_core.package_identification:_identify(cstam-pkg/mission_proof/2026/January/16/mission_fce7dae1) by extensions ['colcon_meta']
[0.814s] Level 1:colcon.colcon_core.package_identification:_identify(cstam-pkg/mission_proof/2026/January/16/mission_fce7dae1) by extension 'colcon_meta'
[0.814s] Level 1:colcon.colcon_core.package_identification:_identify(cstam-pkg/mission_proof/2026/January/16/mission_fce7dae1) by extensions ['ros']
[0.814s] Level 1:colcon.colcon_core.package_identification:_identify(cstam-pkg/mission_proof/2026/January/16/mission_fce7dae1) by extension 'ros'
[0.814s] Level 1:colcon.colcon_core.package_identification:_identify(cstam-pkg/mission_proof/2026/January/16/mission_fce7dae1) by extensions ['cmake', 'python']
[0.814s] Level 1:colcon.colcon_core.package_identification:_identify(cstam-pkg/mission_proof/2026/January/16/mission_fce7dae1) by extension 'cmake'
[0.814s] Level 1:colcon.colcon_core.package_identification:_identify(cstam-pkg/mission_proof/2026/January/16/mission_fce7dae1) by extension 'python'
[0.814s] Level 1:colcon.colcon_core.package_identification:_identify(cstam-pkg/mission_proof/2026/January/16/mission_fce7dae1) by extensions ['python_setup_py']
[0.814s] Level 1:colcon.colcon_core.package_identification:_identify(cstam-pkg/mission_proof/2026/January/16/mission_fce7dae1) by extension 'python_setup_py'
[0.815s] Level 1:colcon.colcon_core.package_identification:_identify(cstam-pkg/mission_proof/2026/January/17) by extensions ['ignore', 'ignore_ament_install']
[0.815s] Level 1:colcon.colcon_core.package_identification:_identify(cstam-pkg/mission_proof/2026/January/17) by extension 'ignore'
[0.815s] Level 1:colcon.colcon_core.package_identification:_identify(cstam-pkg/mission_proof/2026/January/17) by extension 'ignore_ament_install'
[0.815s] Level 1:colcon.colcon_core.package_identification:_identify(cstam-pkg/mission_proof/2026/January/17) by extensions ['colcon_pkg']
[0.815s] Level 1:colcon.colcon_core.package_identification:_identify(cstam-pkg/mission_proof/2026/January/17) by extension 'colcon_pkg'
[0.815s] Level 1:colcon.colcon_core.package_identification:_identify(cstam-pkg/mission_proof/2026/January/17) by extensions ['colcon_meta']
[0.815s] Level 1:colcon.colcon_core.package_identification:_identify(cstam-pkg/mission_proof/2026/January/17) by extension 'colcon_meta'
[0.815s] Level 1:colcon.colcon_core.package_identification:_identify(cstam-pkg/mission_proof/2026/January/17) by extensions ['ros']
[0.815s] Level 1:colcon.colcon_core.package_identification:_identify(cstam-pkg/mission_proof/2026/January/17) by extension 'ros'
[0.815s] Level 1:colcon.colcon_core.package_identification:_identify(cstam-pkg/mission_proof/2026/January/17) by extensions ['cmake', 'python']
[0.815s] Level 1:colcon.colcon_core.package_identification:_identify(cstam-pkg/mission_proof/2026/January/17) by extension 'cmake'
[0.815s] Level 1:colcon.colcon_core.package_identification:_identify(cstam-pkg/mission_proof/2026/January/17) by extension 'python'
[0.815s] Level 1:colcon.colcon_core.package_identification:_identify(cstam-pkg/mission_proof/2026/January/17) by extensions ['python_setup_py']
[0.815s] Level 1:colcon.colcon_core.package_identification:_identify(cstam-pkg/mission_proof/2026/January/17) by extension 'python_setup_py'
[0.815s] Level 1:colcon.colcon_core.package_identification:_identify(cstam-pkg/mission_proof/2026/January/17/mission_0107082d) by extensions ['ignore', 'ignore_ament_install']
[0.815s] Level 1:colcon.colcon_core.package_identification:_identify(cstam-pkg/mission_proof/2026/January/17/mission_0107082d) by extension 'ignore'
[0.815s] Level 1:colcon.colcon_core.package_identification:_identify(cstam-pkg/mission_proof/2026/January/17/mission_0107082d) by extension 'ignore_ament_install'
[0.815s] Level 1:colcon.colcon_core.package_identification:_identify(cstam-pkg/mission_proof/2026/January/17/mission_0107082d) by extensions ['colcon_pkg']
[0.815s] Level 1:colcon.colcon_core.package_identification:_identify(cstam-pkg/mission_proof/2026/January/17/mission_0107082d) by extension 'colcon_pkg'
[0.815s] Level 1:colcon.colcon_core.package_identification:_identify(cstam-pkg/mission_proof/2026/January/17/mission_0107082d) by extensions ['colcon_meta']
[0.815s] Level 1:colcon.colcon_core.package_identification:_identify(cstam-pkg/mission_proof/2026/January/17/mission_0107082d) by extension 'colcon_meta'
[0.815s] Level 1:colcon.colcon_core.package_identification:_identify(cstam-pkg/mission_proof/2026/January/17/mission_0107082d) by extensions ['ros']
[0.815s] Level 1:colcon.colcon_core.package_identification:_identify(cstam-pkg/mission_proof/2026/January/17/mission_0107082d) by extension 'ros'
[0.815s] Level 1:colcon.colcon_core.package_identification:_identify(cstam-pkg/mission_proof/2026/January/17/mission_0107082d) by extensions ['cmake', 'python']
[0.815s] Level 1:colcon.colcon_core.package_identification:_identify(cstam-pkg/mission_proof/2026/January/17/mission_0107082d) by extension 'cmake'
[0.815s] Level 1:colcon.colcon_core.package_identification:_identify(cstam-pkg/mission_proof/2026/January/17/mission_0107082d) by extension 'python'
[0.815s] Level 1:colcon.colcon_core.package_identification:_identify(cstam-pkg/mission_proof/2026/January/17/mission_0107082d) by extensions ['python_setup_py']
[0.815s] Level 1:colcon.colcon_core.package_identification:_identify(cstam-pkg/mission_proof/2026/January/17/mission_0107082d) by extension 'python_setup_py'
[0.815s] Level 1:colcon.colcon_core.package_identification:_identify(cstam-pkg/mission_proof/2026/January/17/mission_1dc8b131) by extensions ['ignore', 'ignore_ament_install']
[0.815s] Level 1:colcon.colcon_core.package_identification:_identify(cstam-pkg/mission_proof/2026/January/17/mission_1dc8b131) by extension 'ignore'
[0.815s] Level 1:colcon.colcon_core.package_identification:_identify(cstam-pkg/mission_proof/2026/January/17/mission_1dc8b131) by extension 'ignore_ament_install'
[0.815s] Level 1:colcon.colcon_core.package_identification:_identify(cstam-pkg/mission_proof/2026/January/17/mission_1dc8b131) by extensions ['colcon_pkg']
[0.815s] Level 1:colcon.colcon_core.package_identification:_identify(cstam-pkg/mission_proof/2026/January/17/mission_1dc8b131) by extension 'colcon_pkg'
[0.816s] Level 1:colcon.colcon_core.package_identification:_identify(cstam-pkg/mission_proof/2026/January/17/mission_1dc8b131) by extensions ['colcon_meta']
[0.816s] Level 1:colcon.colcon_core.package_identification:_identify(cstam-pkg/mission_proof/2026/January/17/mission_1dc8b131) by extension 'colcon_meta'
[0.816s] Level 1:colcon.colcon_core.package_identification:_identify(cstam-pkg/mission_proof/2026/January/17/mission_1dc8b131) by extensions ['ros']
[0.816s] Level 1:colcon.colcon_core.package_identification:_identify(cstam-pkg/mission_proof/2026/January/17/mission_1dc8b131) by extension 'ros'
[0.816s] Level 1:colcon.colcon_core.package_identification:_identify(cstam-pkg/mission_proof/2026/January/17/mission_1dc8b131) by extensions ['cmake', 'python']
[0.816s] Level 1:colcon.colcon_core.package_identification:_identify(cstam-pkg/mission_proof/2026/January/17/mission_1dc8b131) by extension 'cmake'
[0.816s] Level 1:colcon.colcon_core.package_identification:_identify(cstam-pkg/mission_proof/2026/January/17/mission_1dc8b131) by extension 'python'
[0.816s] Level 1:colcon.colcon_core.package_identification:_identify(cstam-pkg/mission_proof/2026/January/17/mission_1dc8b131) by extensions ['python_setup_py']
[0.816s] Level 1:colcon.colcon_core.package_identification:_identify(cstam-pkg/mission_proof/2026/January/17/mission_1dc8b131) by extension 'python_setup_py'
[0.816s] Level 1:colcon.colcon_core.package_identification:_identify(cstam-pkg/mission_proof/2026/January/17/mission_21b7fd94) by extensions ['ignore', 'ignore_ament_install']
[0.816s] Level 1:colcon.colcon_core.package_identification:_identify(cstam-pkg/mission_proof/2026/January/17/mission_21b7fd94) by extension 'ignore'
[0.816s] Level 1:colcon.colcon_core.package_identification:_identify(cstam-pkg/mission_proof/2026/January/17/mission_21b7fd94) by extension 'ignore_ament_install'
[0.816s] Level 1:colcon.colcon_core.package_identification:_identify(cstam-pkg/mission_proof/2026/January/17/mission_21b7fd94) by extensions ['colcon_pkg']
[0.816s] Level 1:colcon.colcon_core.package_identification:_identify(cstam-pkg/mission_proof/2026/January/17/mission_21b7fd94) by extension 'colcon_pkg'
[0.816s] Level 1:colcon.colcon_core.package_identification:_identify(cstam-pkg/mission_proof/2026/January/17/mission_21b7fd94) by extensions ['colcon_meta']
[0.816s] Level 1:colcon.colcon_core.package_identification:_identify(cstam-pkg/mission_proof/2026/January/17/mission_21b7fd94) by extension 'colcon_meta'
[0.816s] Level 1:colcon.colcon_core.package_identification:_identify(cstam-pkg/mission_proof/2026/January/17/mission_21b7fd94) by extensions ['ros']
[0.816s] Level 1:colcon.colcon_core.package_identification:_identify(cstam-pkg/mission_proof/2026/January/17/mission_21b7fd94) by extension 'ros'
[0.816s] Level 1:colcon.colcon_core.package_identification:_identify(cstam-pkg/mission_proof/2026/January/17/mission_21b7fd94) by extensions ['cmake', 'python']
[0.816s] Level 1:colcon.colcon_core.package_identification:_identify(cstam-pkg/mission_proof/2026/January/17/mission_21b7fd94) by extension 'cmake'
[0.816s] Level 1:colcon.colcon_core.package_identification:_identify(cstam-pkg/mission_proof/2026/January/17/mission_21b7fd94) by extension 'python'
[0.816s] Level 1:colcon.colcon_core.package_identification:_identify(cstam-pkg/mission_proof/2026/January/17/mission_21b7fd94) by extensions ['python_setup_py']
[0.816s] Level 1:colcon.colcon_core.package_identification:_identify(cstam-pkg/mission_proof/2026/January/17/mission_21b7fd94) by extension 'python_setup_py'
[0.816s] Level 1:colcon.colcon_core.package_identification:_identify(cstam-pkg/mission_proof/2026/January/17/mission_2EFFFDBF) by extensions ['ignore', 'ignore_ament_install']
[0.816s] Level 1:colcon.colcon_core.package_identification:_identify(cstam-pkg/mission_proof/2026/January/17/mission_2EFFFDBF) by extension 'ignore'
[0.816s] Level 1:colcon.colcon_core.package_identification:_identify(cstam-pkg/mission_proof/2026/January/17/mission_2EFFFDBF) by extension 'ignore_ament_install'
[0.816s] Level 1:colcon.colcon_core.package_identification:_identify(cstam-pkg/mission_proof/2026/January/17/mission_2EFFFDBF) by extensions ['colcon_pkg']
[0.816s] Level 1:colcon.colcon_core.package_identification:_identify(cstam-pkg/mission_proof/2026/January/17/mission_2EFFFDBF) by extension 'colcon_pkg'
[0.816s] Level 1:colcon.colcon_core.package_identification:_identify(cstam-pkg/mission_proof/2026/January/17/mission_2EFFFDBF) by extensions ['colcon_meta']
[0.816s] Level 1:colcon.colcon_core.package_identification:_identify(cstam-pkg/mission_proof/2026/January/17/mission_2EFFFDBF) by extension 'colcon_meta'
[0.816s] Level 1:colcon.colcon_core.package_identification:_identify(cstam-pkg/mission_proof/2026/January/17/mission_2EFFFDBF) by extensions ['ros']
[0.816s] Level 1:colcon.colcon_core.package_identification:_identify(cstam-pkg/mission_proof/2026/January/17/mission_2EFFFDBF) by extension 'ros'
[0.816s] Level 1:colcon.colcon_core.package_identification:_identify(cstam-pkg/mission_proof/2026/January/17/mission_2EFFFDBF) by extensions ['cmake', 'python']
[0.816s] Level 1:colcon.colcon_core.package_identification:_identify(cstam-pkg/mission_proof/2026/January/17/mission_2EFFFDBF) by extension 'cmake'
[0.816s] Level 1:colcon.colcon_core.package_identification:_identify(cstam-pkg/mission_proof/2026/January/17/mission_2EFFFDBF) by extension 'python'
[0.816s] Level 1:colcon.colcon_core.package_identification:_identify(cstam-pkg/mission_proof/2026/January/17/mission_2EFFFDBF) by extensions ['python_setup_py']
[0.816s] Level 1:colcon.colcon_core.package_identification:_identify(cstam-pkg/mission_proof/2026/January/17/mission_2EFFFDBF) by extension 'python_setup_py'
[0.816s] Level 1:colcon.colcon_core.package_identification:_identify(cstam-pkg/mission_proof/2026/January/17/mission_2c0f2136) by extensions ['ignore', 'ignore_ament_install']
[0.817s] Level 1:colcon.colcon_core.package_identification:_identify(cstam-pkg/mission_proof/2026/January/17/mission_2c0f2136) by extension 'ignore'
[0.817s] Level 1:colcon.colcon_core.package_identification:_identify(cstam-pkg/mission_proof/2026/January/17/mission_2c0f2136) by extension 'ignore_ament_install'
[0.817s] Level 1:colcon.colcon_core.package_identification:_identify(cstam-pkg/mission_proof/2026/January/17/mission_2c0f2136) by extensions ['colcon_pkg']
[0.817s] Level 1:colcon.colcon_core.package_identification:_identify(cstam-pkg/mission_proof/2026/January/17/mission_2c0f2136) by extension 'colcon_pkg'
[0.817s] Level 1:colcon.colcon_core.package_identification:_identify(cstam-pkg/mission_proof/2026/January/17/mission_2c0f2136) by extensions ['colcon_meta']
[0.817s] Level 1:colcon.colcon_core.package_identification:_identify(cstam-pkg/mission_proof/2026/January/17/mission_2c0f2136) by extension 'colcon_meta'
[0.817s] Level 1:colcon.colcon_core.package_identification:_identify(cstam-pkg/mission_proof/2026/January/17/mission_2c0f2136) by extensions ['ros']
[0.817s] Level 1:colcon.colcon_core.package_identification:_identify(cstam-pkg/mission_proof/2026/January/17/mission_2c0f2136) by extension 'ros'
[0.817s] Level 1:colcon.colcon_core.package_identification:_identify(cstam-pkg/mission_proof/2026/January/17/mission_2c0f2136) by extensions ['cmake', 'python']
[0.817s] Level 1:colcon.colcon_core.package_identification:_identify(cstam-pkg/mission_proof/2026/January/17/mission_2c0f2136) by extension 'cmake'
[0.817s] Level 1:colcon.colcon_core.package_identification:_identify(cstam-pkg/mission_proof/2026/January/17/mission_2c0f2136) by extension 'python'
[0.817s] Level 1:colcon.colcon_core.package_identification:_identify(cstam-pkg/mission_proof/2026/January/17/mission_2c0f2136) by extensions ['python_setup_py']
[0.817s] Level 1:colcon.colcon_core.package_identification:_identify(cstam-pkg/mission_proof/2026/January/17/mission_2c0f2136) by extension 'python_setup_py'
[0.817s] Level 1:colcon.colcon_core.package_identification:_identify(cstam-pkg/mission_proof/2026/January/17/mission_35f67a34) by extensions ['ignore', 'ignore_ament_install']
[0.817s] Level 1:colcon.colcon_core.package_identification:_identify(cstam-pkg/mission_proof/2026/January/17/mission_35f67a34) by extension 'ignore'
[0.817s] Level 1:colcon.colcon_core.package_identification:_identify(cstam-pkg/mission_proof/2026/January/17/mission_35f67a34) by extension 'ignore_ament_install'
[0.817s] Level 1:colcon.colcon_core.package_identification:_identify(cstam-pkg/mission_proof/2026/January/17/mission_35f67a34) by extensions ['colcon_pkg']
[0.817s] Level 1:colcon.colcon_core.package_identification:_identify(cstam-pkg/mission_proof/2026/January/17/mission_35f67a34) by extension 'colcon_pkg'
[0.817s] Level 1:colcon.colcon_core.package_identification:_identify(cstam-pkg/mission_proof/2026/January/17/mission_35f67a34) by extensions ['colcon_meta']
[0.817s] Level 1:colcon.colcon_core.package_identification:_identify(cstam-pkg/mission_proof/2026/January/17/mission_35f67a34) by extension 'colcon_meta'
[0.817s] Level 1:colcon.colcon_core.package_identification:_identify(cstam-pkg/mission_proof/2026/January/17/mission_35f67a34) by extensions ['ros']
[0.817s] Level 1:colcon.colcon_core.package_identification:_identify(cstam-pkg/mission_proof/2026/January/17/mission_35f67a34) by extension 'ros'
[0.817s] Level 1:colcon.colcon_core.package_identification:_identify(cstam-pkg/mission_proof/2026/January/17/mission_35f67a34) by extensions ['cmake', 'python']
[0.817s] Level 1:colcon.colcon_core.package_identification:_identify(cstam-pkg/mission_proof/2026/January/17/mission_35f67a34) by extension 'cmake'
[0.817s] Level 1:colcon.colcon_core.package_identification:_identify(cstam-pkg/mission_proof/2026/January/17/mission_35f67a34) by extension 'python'
[0.817s] Level 1:colcon.colcon_core.package_identification:_identify(cstam-pkg/mission_proof/2026/January/17/mission_35f67a34) by extensions ['python_setup_py']
[0.817s] Level 1:colcon.colcon_core.package_identification:_identify(cstam-pkg/mission_proof/2026/January/17/mission_35f67a34) by extension 'python_setup_py'
[0.817s] Level 1:colcon.colcon_core.package_identification:_identify(cstam-pkg/mission_proof/2026/January/17/mission_3C30825F) by extensions ['ignore', 'ignore_ament_install']
[0.817s] Level 1:colcon.colcon_core.package_identification:_identify(cstam-pkg/mission_proof/2026/January/17/mission_3C30825F) by extension 'ignore'
[0.817s] Level 1:colcon.colcon_core.package_identification:_identify(cstam-pkg/mission_proof/2026/January/17/mission_3C30825F) by extension 'ignore_ament_install'
[0.817s] Level 1:colcon.colcon_core.package_identification:_identify(cstam-pkg/mission_proof/2026/January/17/mission_3C30825F) by extensions ['colcon_pkg']
[0.817s] Level 1:colcon.colcon_core.package_identification:_identify(cstam-pkg/mission_proof/2026/January/17/mission_3C30825F) by extension 'colcon_pkg'
[0.817s] Level 1:colcon.colcon_core.package_identification:_identify(cstam-pkg/mission_proof/2026/January/17/mission_3C30825F) by extensions ['colcon_meta']
[0.817s] Level 1:colcon.colcon_core.package_identification:_identify(cstam-pkg/mission_proof/2026/January/17/mission_3C30825F) by extension 'colcon_meta'
[0.817s] Level 1:colcon.colcon_core.package_identification:_identify(cstam-pkg/mission_proof/2026/January/17/mission_3C30825F) by extensions ['ros']
[0.817s] Level 1:colcon.colcon_core.package_identification:_identify(cstam-pkg/mission_proof/2026/January/17/mission_3C30825F) by extension 'ros'
[0.817s] Level 1:colcon.colcon_core.package_identification:_identify(cstam-pkg/mission_proof/2026/January/17/mission_3C30825F) by extensions ['cmake', 'python']
[0.817s] Level 1:colcon.colcon_core.package_identification:_identify(cstam-pkg/mission_proof/2026/January/17/mission_3C30825F) by extension 'cmake'
[0.818s] Level 1:colcon.colcon_core.package_identification:_identify(cstam-pkg/mission_proof/2026/January/17/mission_3C30825F) by extension 'python'
[0.818s] Level 1:colcon.colcon_core.package_identification:_identify(cstam-pkg/mission_proof/2026/January/17/mission_3C30825F) by extensions ['python_setup_py']
[0.818s] Level 1:colcon.colcon_core.package_identification:_identify(cstam-pkg/mission_proof/2026/January/17/mission_3C30825F) by extension 'python_setup_py'
[0.818s] Level 1:colcon.colcon_core.package_identification:_identify(cstam-pkg/mission_proof/2026/January/17/mission_44f2a7c0) by extensions ['ignore', 'ignore_ament_install']
[0.818s] Level 1:colcon.colcon_core.package_identification:_identify(cstam-pkg/mission_proof/2026/January/17/mission_44f2a7c0) by extension 'ignore'
[0.818s] Level 1:colcon.colcon_core.package_identification:_identify(cstam-pkg/mission_proof/2026/January/17/mission_44f2a7c0) by extension 'ignore_ament_install'
[0.818s] Level 1:colcon.colcon_core.package_identification:_identify(cstam-pkg/mission_proof/2026/January/17/mission_44f2a7c0) by extensions ['colcon_pkg']
[0.818s] Level 1:colcon.colcon_core.package_identification:_identify(cstam-pkg/mission_proof/2026/January/17/mission_44f2a7c0) by extension 'colcon_pkg'
[0.818s] Level 1:colcon.colcon_core.package_identification:_identify(cstam-pkg/mission_proof/2026/January/17/mission_44f2a7c0) by extensions ['colcon_meta']
[0.818s] Level 1:colcon.colcon_core.package_identification:_identify(cstam-pkg/mission_proof/2026/January/17/mission_44f2a7c0) by extension 'colcon_meta'
[0.818s] Level 1:colcon.colcon_core.package_identification:_identify(cstam-pkg/mission_proof/2026/January/17/mission_44f2a7c0) by extensions ['ros']
[0.818s] Level 1:colcon.colcon_core.package_identification:_identify(cstam-pkg/mission_proof/2026/January/17/mission_44f2a7c0) by extension 'ros'
[0.818s] Level 1:colcon.colcon_core.package_identification:_identify(cstam-pkg/mission_proof/2026/January/17/mission_44f2a7c0) by extensions ['cmake', 'python']
[0.818s] Level 1:colcon.colcon_core.package_identification:_identify(cstam-pkg/mission_proof/2026/January/17/mission_44f2a7c0) by extension 'cmake'
[0.818s] Level 1:colcon.colcon_core.package_identification:_identify(cstam-pkg/mission_proof/2026/January/17/mission_44f2a7c0) by extension 'python'
[0.818s] Level 1:colcon.colcon_core.package_identification:_identify(cstam-pkg/mission_proof/2026/January/17/mission_44f2a7c0) by extensions ['python_setup_py']
[0.818s] Level 1:colcon.colcon_core.package_identification:_identify(cstam-pkg/mission_proof/2026/January/17/mission_44f2a7c0) by extension 'python_setup_py'
[0.818s] Level 1:colcon.colcon_core.package_identification:_identify(cstam-pkg/mission_proof/2026/January/17/mission_48faab39) by extensions ['ignore', 'ignore_ament_install']
[0.818s] Level 1:colcon.colcon_core.package_identification:_identify(cstam-pkg/mission_proof/2026/January/17/mission_48faab39) by extension 'ignore'
[0.818s] Level 1:colcon.colcon_core.package_identification:_identify(cstam-pkg/mission_proof/2026/January/17/mission_48faab39) by extension 'ignore_ament_install'
[0.818s] Level 1:colcon.colcon_core.package_identification:_identify(cstam-pkg/mission_proof/2026/January/17/mission_48faab39) by extensions ['colcon_pkg']
[0.818s] Level 1:colcon.colcon_core.package_identification:_identify(cstam-pkg/mission_proof/2026/January/17/mission_48faab39) by extension 'colcon_pkg'
[0.818s] Level 1:colcon.colcon_core.package_identification:_identify(cstam-pkg/mission_proof/2026/January/17/mission_48faab39) by extensions ['colcon_meta']
[0.818s] Level 1:colcon.colcon_core.package_identification:_identify(cstam-pkg/mission_proof/2026/January/17/mission_48faab39) by extension 'colcon_meta'
[0.818s] Level 1:colcon.colcon_core.package_identification:_identify(cstam-pkg/mission_proof/2026/January/17/mission_48faab39) by extensions ['ros']
[0.818s] Level 1:colcon.colcon_core.package_identification:_identify(cstam-pkg/mission_proof/2026/January/17/mission_48faab39) by extension 'ros'
[0.818s] Level 1:colcon.colcon_core.package_identification:_identify(cstam-pkg/mission_proof/2026/January/17/mission_48faab39) by extensions ['cmake', 'python']
[0.818s] Level 1:colcon.colcon_core.package_identification:_identify(cstam-pkg/mission_proof/2026/January/17/mission_48faab39) by extension 'cmake'
[0.818s] Level 1:colcon.colcon_core.package_identification:_identify(cstam-pkg/mission_proof/2026/January/17/mission_48faab39) by extension 'python'
[0.818s] Level 1:colcon.colcon_core.package_identification:_identify(cstam-pkg/mission_proof/2026/January/17/mission_48faab39) by extensions ['python_setup_py']
[0.818s] Level 1:colcon.colcon_core.package_identification:_identify(cstam-pkg/mission_proof/2026/January/17/mission_48faab39) by extension 'python_setup_py'
[0.818s] Level 1:colcon.colcon_core.package_identification:_identify(cstam-pkg/mission_proof/2026/January/17/mission_4cbe74cc) by extensions ['ignore', 'ignore_ament_install']
[0.818s] Level 1:colcon.colcon_core.package_identification:_identify(cstam-pkg/mission_proof/2026/January/17/mission_4cbe74cc) by extension 'ignore'
[0.818s] Level 1:colcon.colcon_core.package_identification:_identify(cstam-pkg/mission_proof/2026/January/17/mission_4cbe74cc) by extension 'ignore_ament_install'
[0.818s] Level 1:colcon.colcon_core.package_identification:_identify(cstam-pkg/mission_proof/2026/January/17/mission_4cbe74cc) by extensions ['colcon_pkg']
[0.819s] Level 1:colcon.colcon_core.package_identification:_identify(cstam-pkg/mission_proof/2026/January/17/mission_4cbe74cc) by extension 'colcon_pkg'
[0.819s] Level 1:colcon.colcon_core.package_identification:_identify(cstam-pkg/mission_proof/2026/January/17/mission_4cbe74cc) by extensions ['colcon_meta']
[0.819s] Level 1:colcon.colcon_core.package_identification:_identify(cstam-pkg/mission_proof/2026/January/17/mission_4cbe74cc) by extension 'colcon_meta'
[0.819s] Level 1:colcon.colcon_core.package_identification:_identify(cstam-pkg/mission_proof/2026/January/17/mission_4cbe74cc) by extensions ['ros']
[0.819s] Level 1:colcon.colcon_core.package_identification:_identify(cstam-pkg/mission_proof/2026/January/17/mission_4cbe74cc) by extension 'ros'
[0.819s] Level 1:colcon.colcon_core.package_identification:_identify(cstam-pkg/mission_proof/2026/January/17/mission_4cbe74cc) by extensions ['cmake', 'python']
[0.819s] Level 1:colcon.colcon_core.package_identification:_identify(cstam-pkg/mission_proof/2026/January/17/mission_4cbe74cc) by extension 'cmake'
[0.819s] Level 1:colcon.colcon_core.package_identification:_identify(cstam-pkg/mission_proof/2026/January/17/mission_4cbe74cc) by extension 'python'
[0.819s] Level 1:colcon.colcon_core.package_identification:_identify(cstam-pkg/mission_proof/2026/January/17/mission_4cbe74cc) by extensions ['python_setup_py']
[0.819s] Level 1:colcon.colcon_core.package_identification:_identify(cstam-pkg/mission_proof/2026/January/17/mission_4cbe74cc) by extension 'python_setup_py'
[0.819s] Level 1:colcon.colcon_core.package_identification:_identify(cstam-pkg/mission_proof/2026/January/17/mission_6bb4112a) by extensions ['ignore', 'ignore_ament_install']
[0.819s] Level 1:colcon.colcon_core.package_identification:_identify(cstam-pkg/mission_proof/2026/January/17/mission_6bb4112a) by extension 'ignore'
[0.819s] Level 1:colcon.colcon_core.package_identification:_identify(cstam-pkg/mission_proof/2026/January/17/mission_6bb4112a) by extension 'ignore_ament_install'
[0.819s] Level 1:colcon.colcon_core.package_identification:_identify(cstam-pkg/mission_proof/2026/January/17/mission_6bb4112a) by extensions ['colcon_pkg']
[0.819s] Level 1:colcon.colcon_core.package_identification:_identify(cstam-pkg/mission_proof/2026/January/17/mission_6bb4112a) by extension 'colcon_pkg'
[0.819s] Level 1:colcon.colcon_core.package_identification:_identify(cstam-pkg/mission_proof/2026/January/17/mission_6bb4112a) by extensions ['colcon_meta']
[0.819s] Level 1:colcon.colcon_core.package_identification:_identify(cstam-pkg/mission_proof/2026/January/17/mission_6bb4112a) by extension 'colcon_meta'
[0.819s] Level 1:colcon.colcon_core.package_identification:_identify(cstam-pkg/mission_proof/2026/January/17/mission_6bb4112a) by extensions ['ros']
[0.819s] Level 1:colcon.colcon_core.package_identification:_identify(cstam-pkg/mission_proof/2026/January/17/mission_6bb4112a) by extension 'ros'
[0.819s] Level 1:colcon.colcon_core.package_identification:_identify(cstam-pkg/mission_proof/2026/January/17/mission_6bb4112a) by extensions ['cmake', 'python']
[0.819s] Level 1:colcon.colcon_core.package_identification:_identify(cstam-pkg/mission_proof/2026/January/17/mission_6bb4112a) by extension 'cmake'
[0.819s] Level 1:colcon.colcon_core.package_identification:_identify(cstam-pkg/mission_proof/2026/January/17/mission_6bb4112a) by extension 'python'
[0.819s] Level 1:colcon.colcon_core.package_identification:_identify(cstam-pkg/mission_proof/2026/January/17/mission_6bb4112a) by extensions ['python_setup_py']
[0.819s] Level 1:colcon.colcon_core.package_identification:_identify(cstam-pkg/mission_proof/2026/January/17/mission_6bb4112a) by extension 'python_setup_py'
[0.819s] Level 1:colcon.colcon_core.package_identification:_identify(cstam-pkg/mission_proof/2026/January/17/mission_83944559) by extensions ['ignore', 'ignore_ament_install']
[0.819s] Level 1:colcon.colcon_core.package_identification:_identify(cstam-pkg/mission_proof/2026/January/17/mission_83944559) by extension 'ignore'
[0.819s] Level 1:colcon.colcon_core.package_identification:_identify(cstam-pkg/mission_proof/2026/January/17/mission_83944559) by extension 'ignore_ament_install'
[0.819s] Level 1:colcon.colcon_core.package_identification:_identify(cstam-pkg/mission_proof/2026/January/17/mission_83944559) by extensions ['colcon_pkg']
[0.819s] Level 1:colcon.colcon_core.package_identification:_identify(cstam-pkg/mission_proof/2026/January/17/mission_83944559) by extension 'colcon_pkg'
[0.819s] Level 1:colcon.colcon_core.package_identification:_identify(cstam-pkg/mission_proof/2026/January/17/mission_83944559) by extensions ['colcon_meta']
[0.819s] Level 1:colcon.colcon_core.package_identification:_identify(cstam-pkg/mission_proof/2026/January/17/mission_83944559) by extension 'colcon_meta'
[0.819s] Level 1:colcon.colcon_core.package_identification:_identify(cstam-pkg/mission_proof/2026/January/17/mission_83944559) by extensions ['ros']
[0.819s] Level 1:colcon.colcon_core.package_identification:_identify(cstam-pkg/mission_proof/2026/January/17/mission_83944559) by extension 'ros'
[0.819s] Level 1:colcon.colcon_core.package_identification:_identify(cstam-pkg/mission_proof/2026/January/17/mission_83944559) by extensions ['cmake', 'python']
[0.819s] Level 1:colcon.colcon_core.package_identification:_identify(cstam-pkg/mission_proof/2026/January/17/mission_83944559) by extension 'cmake'
[0.819s] Level 1:colcon.colcon_core.package_identification:_identify(cstam-pkg/mission_proof/2026/January/17/mission_83944559) by extension 'python'
[0.819s] Level 1:colcon.colcon_core.package_identification:_identify(cstam-pkg/mission_proof/2026/January/17/mission_83944559) by extensions ['python_setup_py']
[0.819s] Level 1:colcon.colcon_core.package_identification:_identify(cstam-pkg/mission_proof/2026/January/17/mission_83944559) by extension 'python_setup_py'
[0.820s] Level 1:colcon.colcon_core.package_identification:_identify(cstam-pkg/mission_proof/2026/January/17/mission_9e7f0aa9) by extensions ['ignore', 'ignore_ament_install']
[0.820s] Level 1:colcon.colcon_core.package_identification:_identify(cstam-pkg/mission_proof/2026/January/17/mission_9e7f0aa9) by extension 'ignore'
[0.820s] Level 1:colcon.colcon_core.package_identification:_identify(cstam-pkg/mission_proof/2026/January/17/mission_9e7f0aa9) by extension 'ignore_ament_install'
[0.820s] Level 1:colcon.colcon_core.package_identification:_identify(cstam-pkg/mission_proof/2026/January/17/mission_9e7f0aa9) by extensions ['colcon_pkg']
[0.820s] Level 1:colcon.colcon_core.package_identification:_identify(cstam-pkg/mission_proof/2026/January/17/mission_9e7f0aa9) by extension 'colcon_pkg'
[0.820s] Level 1:colcon.colcon_core.package_identification:_identify(cstam-pkg/mission_proof/2026/January/17/mission_9e7f0aa9) by extensions ['colcon_meta']
[0.820s] Level 1:colcon.colcon_core.package_identification:_identify(cstam-pkg/mission_proof/2026/January/17/mission_9e7f0aa9) by extension 'colcon_meta'
[0.820s] Level 1:colcon.colcon_core.package_identification:_identify(cstam-pkg/mission_proof/2026/January/17/mission_9e7f0aa9) by extensions ['ros']
[0.820s] Level 1:colcon.colcon_core.package_identification:_identify(cstam-pkg/mission_proof/2026/January/17/mission_9e7f0aa9) by extension 'ros'
[0.820s] Level 1:colcon.colcon_core.package_identification:_identify(cstam-pkg/mission_proof/2026/January/17/mission_9e7f0aa9) by extensions ['cmake', 'python']
[0.820s] Level 1:colcon.colcon_core.package_identification:_identify(cstam-pkg/mission_proof/2026/January/17/mission_9e7f0aa9) by extension 'cmake'
[0.820s] Level 1:colcon.colcon_core.package_identification:_identify(cstam-pkg/mission_proof/2026/January/17/mission_9e7f0aa9) by extension 'python'
[0.820s] Level 1:colcon.colcon_core.package_identification:_identify(cstam-pkg/mission_proof/2026/January/17/mission_9e7f0aa9) by extensions ['python_setup_py']
[0.820s] Level 1:colcon.colcon_core.package_identification:_identify(cstam-pkg/mission_proof/2026/January/17/mission_9e7f0aa9) by extension 'python_setup_py'
[0.820s] Level 1:colcon.colcon_core.package_identification:_identify(cstam-pkg/mission_proof/2026/January/17/mission_A61F81B8) by extensions ['ignore', 'ignore_ament_install']
[0.820s] Level 1:colcon.colcon_core.package_identification:_identify(cstam-pkg/mission_proof/2026/January/17/mission_A61F81B8) by extension 'ignore'
[0.820s] Level 1:colcon.colcon_core.package_identification:_identify(cstam-pkg/mission_proof/2026/January/17/mission_A61F81B8) by extension 'ignore_ament_install'
[0.820s] Level 1:colcon.colcon_core.package_identification:_identify(cstam-pkg/mission_proof/2026/January/17/mission_A61F81B8) by extensions ['colcon_pkg']
[0.820s] Level 1:colcon.colcon_core.package_identification:_identify(cstam-pkg/mission_proof/2026/January/17/mission_A61F81B8) by extension 'colcon_pkg'
[0.820s] Level 1:colcon.colcon_core.package_identification:_identify(cstam-pkg/mission_proof/2026/January/17/mission_A61F81B8) by extensions ['colcon_meta']
[0.820s] Level 1:colcon.colcon_core.package_identification:_identify(cstam-pkg/mission_proof/2026/January/17/mission_A61F81B8) by extension 'colcon_meta'
[0.820s] Level 1:colcon.colcon_core.package_identification:_identify(cstam-pkg/mission_proof/2026/January/17/mission_A61F81B8) by extensions ['ros']
[0.820s] Level 1:colcon.colcon_core.package_identification:_identify(cstam-pkg/mission_proof/2026/January/17/mission_A61F81B8) by extension 'ros'
[0.820s] Level 1:colcon.colcon_core.package_identification:_identify(cstam-pkg/mission_proof/2026/January/17/mission_A61F81B8) by extensions ['cmake', 'python']
[0.820s] Level 1:colcon.colcon_core.package_identification:_identify(cstam-pkg/mission_proof/2026/January/17/mission_A61F81B8) by extension 'cmake'
[0.820s] Level 1:colcon.colcon_core.package_identification:_identify(cstam-pkg/mission_proof/2026/January/17/mission_A61F81B8) by extension 'python'
[0.820s] Level 1:colcon.colcon_core.package_identification:_identify(cstam-pkg/mission_proof/2026/January/17/mission_A61F81B8) by extensions ['python_setup_py']
[0.820s] Level 1:colcon.colcon_core.package_identification:_identify(cstam-pkg/mission_proof/2026/January/17/mission_A61F81B8) by extension 'python_setup_py'
[0.820s] Level 1:colcon.colcon_core.package_identification:_identify(cstam-pkg/mission_proof/2026/January/17/mission_CF7E65C8) by extensions ['ignore', 'ignore_ament_install']
[0.820s] Level 1:colcon.colcon_core.package_identification:_identify(cstam-pkg/mission_proof/2026/January/17/mission_CF7E65C8) by extension 'ignore'
[0.820s] Level 1:colcon.colcon_core.package_identification:_identify(cstam-pkg/mission_proof/2026/January/17/mission_CF7E65C8) by extension 'ignore_ament_install'
[0.820s] Level 1:colcon.colcon_core.package_identification:_identify(cstam-pkg/mission_proof/2026/January/17/mission_CF7E65C8) by extensions ['colcon_pkg']
[0.820s] Level 1:colcon.colcon_core.package_identification:_identify(cstam-pkg/mission_proof/2026/January/17/mission_CF7E65C8) by extension 'colcon_pkg'
[0.820s] Level 1:colcon.colcon_core.package_identification:_identify(cstam-pkg/mission_proof/2026/January/17/mission_CF7E65C8) by extensions ['colcon_meta']
[0.820s] Level 1:colcon.colcon_core.package_identification:_identify(cstam-pkg/mission_proof/2026/January/17/mission_CF7E65C8) by extension 'colcon_meta'
[0.820s] Level 1:colcon.colcon_core.package_identification:_identify(cstam-pkg/mission_proof/2026/January/17/mission_CF7E65C8) by extensions ['ros']
[0.820s] Level 1:colcon.colcon_core.package_identification:_identify(cstam-pkg/mission_proof/2026/January/17/mission_CF7E65C8) by extension 'ros'
[0.821s] Level 1:colcon.colcon_core.package_identification:_identify(cstam-pkg/mission_proof/2026/January/17/mission_CF7E65C8) by extensions ['cmake', 'python']
[0.821s] Level 1:colcon.colcon_core.package_identification:_identify(cstam-pkg/mission_proof/2026/January/17/mission_CF7E65C8) by extension 'cmake'
[0.821s] Level 1:colcon.colcon_core.package_identification:_identify(cstam-pkg/mission_proof/2026/January/17/mission_CF7E65C8) by extension 'python'
[0.821s] Level 1:colcon.colcon_core.package_identification:_identify(cstam-pkg/mission_proof/2026/January/17/mission_CF7E65C8) by extensions ['python_setup_py']
[0.821s] Level 1:colcon.colcon_core.package_identification:_identify(cstam-pkg/mission_proof/2026/January/17/mission_CF7E65C8) by extension 'python_setup_py'
[0.821s] Level 1:colcon.colcon_core.package_identification:_identify(cstam-pkg/mission_proof/2026/January/17/mission_a87991e2) by extensions ['ignore', 'ignore_ament_install']
[0.821s] Level 1:colcon.colcon_core.package_identification:_identify(cstam-pkg/mission_proof/2026/January/17/mission_a87991e2) by extension 'ignore'
[0.821s] Level 1:colcon.colcon_core.package_identification:_identify(cstam-pkg/mission_proof/2026/January/17/mission_a87991e2) by extension 'ignore_ament_install'
[0.821s] Level 1:colcon.colcon_core.package_identification:_identify(cstam-pkg/mission_proof/2026/January/17/mission_a87991e2) by extensions ['colcon_pkg']
[0.821s] Level 1:colcon.colcon_core.package_identification:_identify(cstam-pkg/mission_proof/2026/January/17/mission_a87991e2) by extension 'colcon_pkg'
[0.821s] Level 1:colcon.colcon_core.package_identification:_identify(cstam-pkg/mission_proof/2026/January/17/mission_a87991e2) by extensions ['colcon_meta']
[0.821s] Level 1:colcon.colcon_core.package_identification:_identify(cstam-pkg/mission_proof/2026/January/17/mission_a87991e2) by extension 'colcon_meta'
[0.821s] Level 1:colcon.colcon_core.package_identification:_identify(cstam-pkg/mission_proof/2026/January/17/mission_a87991e2) by extensions ['ros']
[0.821s] Level 1:colcon.colcon_core.package_identification:_identify(cstam-pkg/mission_proof/2026/January/17/mission_a87991e2) by extension 'ros'
[0.821s] Level 1:colcon.colcon_core.package_identification:_identify(cstam-pkg/mission_proof/2026/January/17/mission_a87991e2) by extensions ['cmake', 'python']
[0.821s] Level 1:colcon.colcon_core.package_identification:_identify(cstam-pkg/mission_proof/2026/January/17/mission_a87991e2) by extension 'cmake'
[0.821s] Level 1:colcon.colcon_core.package_identification:_identify(cstam-pkg/mission_proof/2026/January/17/mission_a87991e2) by extension 'python'
[0.821s] Level 1:colcon.colcon_core.package_identification:_identify(cstam-pkg/mission_proof/2026/January/17/mission_a87991e2) by extensions ['python_setup_py']
[0.821s] Level 1:colcon.colcon_core.package_identification:_identify(cstam-pkg/mission_proof/2026/January/17/mission_a87991e2) by extension 'python_setup_py'
[0.821s] Level 1:colcon.colcon_core.package_identification:_identify(cstam-pkg/mission_proof/2026/January/17/mission_c32420c9) by extensions ['ignore', 'ignore_ament_install']
[0.821s] Level 1:colcon.colcon_core.package_identification:_identify(cstam-pkg/mission_proof/2026/January/17/mission_c32420c9) by extension 'ignore'
[0.821s] Level 1:colcon.colcon_core.package_identification:_identify(cstam-pkg/mission_proof/2026/January/17/mission_c32420c9) by extension 'ignore_ament_install'
[0.821s] Level 1:colcon.colcon_core.package_identification:_identify(cstam-pkg/mission_proof/2026/January/17/mission_c32420c9) by extensions ['colcon_pkg']
[0.821s] Level 1:colcon.colcon_core.package_identification:_identify(cstam-pkg/mission_proof/2026/January/17/mission_c32420c9) by extension 'colcon_pkg'
[0.821s] Level 1:colcon.colcon_core.package_identification:_identify(cstam-pkg/mission_proof/2026/January/17/mission_c32420c9) by extensions ['colcon_meta']
[0.821s] Level 1:colcon.colcon_core.package_identification:_identify(cstam-pkg/mission_proof/2026/January/17/mission_c32420c9) by extension 'colcon_meta'
[0.821s] Level 1:colcon.colcon_core.package_identification:_identify(cstam-pkg/mission_proof/2026/January/17/mission_c32420c9) by extensions ['ros']
[0.821s] Level 1:colcon.colcon_core.package_identification:_identify(cstam-pkg/mission_proof/2026/January/17/mission_c32420c9) by extension 'ros'
[0.821s] Level 1:colcon.colcon_core.package_identification:_identify(cstam-pkg/mission_proof/2026/January/17/mission_c32420c9) by extensions ['cmake', 'python']
[0.821s] Level 1:colcon.colcon_core.package_identification:_identify(cstam-pkg/mission_proof/2026/January/17/mission_c32420c9) by extension 'cmake'
[0.821s] Level 1:colcon.colcon_core.package_identification:_identify(cstam-pkg/mission_proof/2026/January/17/mission_c32420c9) by extension 'python'
[0.821s] Level 1:colcon.colcon_core.package_identification:_identify(cstam-pkg/mission_proof/2026/January/17/mission_c32420c9) by extensions ['python_setup_py']
[0.821s] Level 1:colcon.colcon_core.package_identification:_identify(cstam-pkg/mission_proof/2026/January/17/mission_c32420c9) by extension 'python_setup_py'
[0.821s] Level 1:colcon.colcon_core.package_identification:_identify(cstam-pkg/mission_proof/2026/January/17/mission_e0564923) by extensions ['ignore', 'ignore_ament_install']
[0.821s] Level 1:colcon.colcon_core.package_identification:_identify(cstam-pkg/mission_proof/2026/January/17/mission_e0564923) by extension 'ignore'
[0.821s] Level 1:colcon.colcon_core.package_identification:_identify(cstam-pkg/mission_proof/2026/January/17/mission_e0564923) by extension 'ignore_ament_install'
[0.822s] Level 1:colcon.colcon_core.package_identification:_identify(cstam-pkg/mission_proof/2026/January/17/mission_e0564923) by extensions ['colcon_pkg']
[0.822s] Level 1:colcon.colcon_core.package_identification:_identify(cstam-pkg/mission_proof/2026/January/17/mission_e0564923) by extension 'colcon_pkg'
[0.822s] Level 1:colcon.colcon_core.package_identification:_identify(cstam-pkg/mission_proof/2026/January/17/mission_e0564923) by extensions ['colcon_meta']
[0.822s] Level 1:colcon.colcon_core.package_identification:_identify(cstam-pkg/mission_proof/2026/January/17/mission_e0564923) by extension 'colcon_meta'
[0.822s] Level 1:colcon.colcon_core.package_identification:_identify(cstam-pkg/mission_proof/2026/January/17/mission_e0564923) by extensions ['ros']
[0.822s] Level 1:colcon.colcon_core.package_identification:_identify(cstam-pkg/mission_proof/2026/January/17/mission_e0564923) by extension 'ros'
[0.822s] Level 1:colcon.colcon_core.package_identification:_identify(cstam-pkg/mission_proof/2026/January/17/mission_e0564923) by extensions ['cmake', 'python']
[0.822s] Level 1:colcon.colcon_core.package_identification:_identify(cstam-pkg/mission_proof/2026/January/17/mission_e0564923) by extension 'cmake'
[0.822s] Level 1:colcon.colcon_core.package_identification:_identify(cstam-pkg/mission_proof/2026/January/17/mission_e0564923) by extension 'python'
[0.822s] Level 1:colcon.colcon_core.package_identification:_identify(cstam-pkg/mission_proof/2026/January/17/mission_e0564923) by extensions ['python_setup_py']
[0.822s] Level 1:colcon.colcon_core.package_identification:_identify(cstam-pkg/mission_proof/2026/January/17/mission_e0564923) by extension 'python_setup_py'
[0.822s] Level 1:colcon.colcon_core.package_identification:_identify(cstam-pkg/mission_proof/2026/January/17/mission_f5d48829) by extensions ['ignore', 'ignore_ament_install']
[0.822s] Level 1:colcon.colcon_core.package_identification:_identify(cstam-pkg/mission_proof/2026/January/17/mission_f5d48829) by extension 'ignore'
[0.822s] Level 1:colcon.colcon_core.package_identification:_identify(cstam-pkg/mission_proof/2026/January/17/mission_f5d48829) by extension 'ignore_ament_install'
[0.822s] Level 1:colcon.colcon_core.package_identification:_identify(cstam-pkg/mission_proof/2026/January/17/mission_f5d48829) by extensions ['colcon_pkg']
[0.822s] Level 1:colcon.colcon_core.package_identification:_identify(cstam-pkg/mission_proof/2026/January/17/mission_f5d48829) by extension 'colcon_pkg'
[0.822s] Level 1:colcon.colcon_core.package_identification:_identify(cstam-pkg/mission_proof/2026/January/17/mission_f5d48829) by extensions ['colcon_meta']
[0.822s] Level 1:colcon.colcon_core.package_identification:_identify(cstam-pkg/mission_proof/2026/January/17/mission_f5d48829) by extension 'colcon_meta'
[0.822s] Level 1:colcon.colcon_core.package_identification:_identify(cstam-pkg/mission_proof/2026/January/17/mission_f5d48829) by extensions ['ros']
[0.822s] Level 1:colcon.colcon_core.package_identification:_identify(cstam-pkg/mission_proof/2026/January/17/mission_f5d48829) by extension 'ros'
[0.822s] Level 1:colcon.colcon_core.package_identification:_identify(cstam-pkg/mission_proof/2026/January/17/mission_f5d48829) by extensions ['cmake', 'python']
[0.822s] Level 1:colcon.colcon_core.package_identification:_identify(cstam-pkg/mission_proof/2026/January/17/mission_f5d48829) by extension 'cmake'
[0.822s] Level 1:colcon.colcon_core.package_identification:_identify(cstam-pkg/mission_proof/2026/January/17/mission_f5d48829) by extension 'python'
[0.822s] Level 1:colcon.colcon_core.package_identification:_identify(cstam-pkg/mission_proof/2026/January/17/mission_f5d48829) by extensions ['python_setup_py']
[0.822s] Level 1:colcon.colcon_core.package_identification:_identify(cstam-pkg/mission_proof/2026/January/17/mission_f5d48829) by extension 'python_setup_py'
[0.822s] Level 1:colcon.colcon_core.package_identification:_identify(cstam-pkg/mission_proof/2026/January/17/mission_fde1d3b5) by extensions ['ignore', 'ignore_ament_install']
[0.822s] Level 1:colcon.colcon_core.package_identification:_identify(cstam-pkg/mission_proof/2026/January/17/mission_fde1d3b5) by extension 'ignore'
[0.822s] Level 1:colcon.colcon_core.package_identification:_identify(cstam-pkg/mission_proof/2026/January/17/mission_fde1d3b5) by extension 'ignore_ament_install'
[0.822s] Level 1:colcon.colcon_core.package_identification:_identify(cstam-pkg/mission_proof/2026/January/17/mission_fde1d3b5) by extensions ['colcon_pkg']
[0.822s] Level 1:colcon.colcon_core.package_identification:_identify(cstam-pkg/mission_proof/2026/January/17/mission_fde1d3b5) by extension 'colcon_pkg'
[0.822s] Level 1:colcon.colcon_core.package_identification:_identify(cstam-pkg/mission_proof/2026/January/17/mission_fde1d3b5) by extensions ['colcon_meta']
[0.822s] Level 1:colcon.colcon_core.package_identification:_identify(cstam-pkg/mission_proof/2026/January/17/mission_fde1d3b5) by extension 'colcon_meta'
[0.822s] Level 1:colcon.colcon_core.package_identification:_identify(cstam-pkg/mission_proof/2026/January/17/mission_fde1d3b5) by extensions ['ros']
[0.822s] Level 1:colcon.colcon_core.package_identification:_identify(cstam-pkg/mission_proof/2026/January/17/mission_fde1d3b5) by extension 'ros'
[0.822s] Level 1:colcon.colcon_core.package_identification:_identify(cstam-pkg/mission_proof/2026/January/17/mission_fde1d3b5) by extensions ['cmake', 'python']
[0.822s] Level 1:colcon.colcon_core.package_identification:_identify(cstam-pkg/mission_proof/2026/January/17/mission_fde1d3b5) by extension 'cmake'
[0.822s] Level 1:colcon.colcon_core.package_identification:_identify(cstam-pkg/mission_proof/2026/January/17/mission_fde1d3b5) by extension 'python'
[0.822s] Level 1:colcon.colcon_core.package_identification:_identify(cstam-pkg/mission_proof/2026/January/17/mission_fde1d3b5) by extensions ['python_setup_py']
[0.823s] Level 1:colcon.colcon_core.package_identification:_identify(cstam-pkg/mission_proof/2026/January/17/mission_fde1d3b5) by extension 'python_setup_py'
[0.823s] Level 1:colcon.colcon_core.package_identification:_identify(cstam-pkg/mission_proof/2026/January/18) by extensions ['ignore', 'ignore_ament_install']
[0.823s] Level 1:colcon.colcon_core.package_identification:_identify(cstam-pkg/mission_proof/2026/January/18) by extension 'ignore'
[0.823s] Level 1:colcon.colcon_core.package_identification:_identify(cstam-pkg/mission_proof/2026/January/18) by extension 'ignore_ament_install'
[0.823s] Level 1:colcon.colcon_core.package_identification:_identify(cstam-pkg/mission_proof/2026/January/18) by extensions ['colcon_pkg']
[0.823s] Level 1:colcon.colcon_core.package_identification:_identify(cstam-pkg/mission_proof/2026/January/18) by extension 'colcon_pkg'
[0.823s] Level 1:colcon.colcon_core.package_identification:_identify(cstam-pkg/mission_proof/2026/January/18) by extensions ['colcon_meta']
[0.823s] Level 1:colcon.colcon_core.package_identification:_identify(cstam-pkg/mission_proof/2026/January/18) by extension 'colcon_meta'
[0.823s] Level 1:colcon.colcon_core.package_identification:_identify(cstam-pkg/mission_proof/2026/January/18) by extensions ['ros']
[0.823s] Level 1:colcon.colcon_core.package_identification:_identify(cstam-pkg/mission_proof/2026/January/18) by extension 'ros'
[0.823s] Level 1:colcon.colcon_core.package_identification:_identify(cstam-pkg/mission_proof/2026/January/18) by extensions ['cmake', 'python']
[0.823s] Level 1:colcon.colcon_core.package_identification:_identify(cstam-pkg/mission_proof/2026/January/18) by extension 'cmake'
[0.823s] Level 1:colcon.colcon_core.package_identification:_identify(cstam-pkg/mission_proof/2026/January/18) by extension 'python'
[0.823s] Level 1:colcon.colcon_core.package_identification:_identify(cstam-pkg/mission_proof/2026/January/18) by extensions ['python_setup_py']
[0.823s] Level 1:colcon.colcon_core.package_identification:_identify(cstam-pkg/mission_proof/2026/January/18) by extension 'python_setup_py'
[0.823s] Level 1:colcon.colcon_core.package_identification:_identify(cstam-pkg/mission_proof/2026/January/18/mission_108A7333) by extensions ['ignore', 'ignore_ament_install']
[0.823s] Level 1:colcon.colcon_core.package_identification:_identify(cstam-pkg/mission_proof/2026/January/18/mission_108A7333) by extension 'ignore'
[0.823s] Level 1:colcon.colcon_core.package_identification:_identify(cstam-pkg/mission_proof/2026/January/18/mission_108A7333) by extension 'ignore_ament_install'
[0.823s] Level 1:colcon.colcon_core.package_identification:_identify(cstam-pkg/mission_proof/2026/January/18/mission_108A7333) by extensions ['colcon_pkg']
[0.823s] Level 1:colcon.colcon_core.package_identification:_identify(cstam-pkg/mission_proof/2026/January/18/mission_108A7333) by extension 'colcon_pkg'
[0.823s] Level 1:colcon.colcon_core.package_identification:_identify(cstam-pkg/mission_proof/2026/January/18/mission_108A7333) by extensions ['colcon_meta']
[0.823s] Level 1:colcon.colcon_core.package_identification:_identify(cstam-pkg/mission_proof/2026/January/18/mission_108A7333) by extension 'colcon_meta'
[0.823s] Level 1:colcon.colcon_core.package_identification:_identify(cstam-pkg/mission_proof/2026/January/18/mission_108A7333) by extensions ['ros']
[0.823s] Level 1:colcon.colcon_core.package_identification:_identify(cstam-pkg/mission_proof/2026/January/18/mission_108A7333) by extension 'ros'
[0.823s] Level 1:colcon.colcon_core.package_identification:_identify(cstam-pkg/mission_proof/2026/January/18/mission_108A7333) by extensions ['cmake', 'python']
[0.823s] Level 1:colcon.colcon_core.package_identification:_identify(cstam-pkg/mission_proof/2026/January/18/mission_108A7333) by extension 'cmake'
[0.823s] Level 1:colcon.colcon_core.package_identification:_identify(cstam-pkg/mission_proof/2026/January/18/mission_108A7333) by extension 'python'
[0.823s] Level 1:colcon.colcon_core.package_identification:_identify(cstam-pkg/mission_proof/2026/January/18/mission_108A7333) by extensions ['python_setup_py']
[0.823s] Level 1:colcon.colcon_core.package_identification:_identify(cstam-pkg/mission_proof/2026/January/18/mission_108A7333) by extension 'python_setup_py'
[0.823s] Level 1:colcon.colcon_core.package_identification:_identify(cstam-pkg/mission_proof/2026/January/18/mission_27741C44) by extensions ['ignore', 'ignore_ament_install']
[0.823s] Level 1:colcon.colcon_core.package_identification:_identify(cstam-pkg/mission_proof/2026/January/18/mission_27741C44) by extension 'ignore'
[0.823s] Level 1:colcon.colcon_core.package_identification:_identify(cstam-pkg/mission_proof/2026/January/18/mission_27741C44) by extension 'ignore_ament_install'
[0.823s] Level 1:colcon.colcon_core.package_identification:_identify(cstam-pkg/mission_proof/2026/January/18/mission_27741C44) by extensions ['colcon_pkg']
[0.823s] Level 1:colcon.colcon_core.package_identification:_identify(cstam-pkg/mission_proof/2026/January/18/mission_27741C44) by extension 'colcon_pkg'
[0.823s] Level 1:colcon.colcon_core.package_identification:_identify(cstam-pkg/mission_proof/2026/January/18/mission_27741C44) by extensions ['colcon_meta']
[0.823s] Level 1:colcon.colcon_core.package_identification:_identify(cstam-pkg/mission_proof/2026/January/18/mission_27741C44) by extension 'colcon_meta'
[0.824s] Level 1:colcon.colcon_core.package_identification:_identify(cstam-pkg/mission_proof/2026/January/18/mission_27741C44) by extensions ['ros']
[0.824s] Level 1:colcon.colcon_core.package_identification:_identify(cstam-pkg/mission_proof/2026/January/18/mission_27741C44) by extension 'ros'
[0.824s] Level 1:colcon.colcon_core.package_identification:_identify(cstam-pkg/mission_proof/2026/January/18/mission_27741C44) by extensions ['cmake', 'python']
[0.824s] Level 1:colcon.colcon_core.package_identification:_identify(cstam-pkg/mission_proof/2026/January/18/mission_27741C44) by extension 'cmake'
[0.824s] Level 1:colcon.colcon_core.package_identification:_identify(cstam-pkg/mission_proof/2026/January/18/mission_27741C44) by extension 'python'
[0.824s] Level 1:colcon.colcon_core.package_identification:_identify(cstam-pkg/mission_proof/2026/January/18/mission_27741C44) by extensions ['python_setup_py']
[0.824s] Level 1:colcon.colcon_core.package_identification:_identify(cstam-pkg/mission_proof/2026/January/18/mission_27741C44) by extension 'python_setup_py'
[0.824s] Level 1:colcon.colcon_core.package_identification:_identify(cstam-pkg/mission_proof/2026/January/18/mission_27AB4585) by extensions ['ignore', 'ignore_ament_install']
[0.824s] Level 1:colcon.colcon_core.package_identification:_identify(cstam-pkg/mission_proof/2026/January/18/mission_27AB4585) by extension 'ignore'
[0.824s] Level 1:colcon.colcon_core.package_identification:_identify(cstam-pkg/mission_proof/2026/January/18/mission_27AB4585) by extension 'ignore_ament_install'
[0.824s] Level 1:colcon.colcon_core.package_identification:_identify(cstam-pkg/mission_proof/2026/January/18/mission_27AB4585) by extensions ['colcon_pkg']
[0.824s] Level 1:colcon.colcon_core.package_identification:_identify(cstam-pkg/mission_proof/2026/January/18/mission_27AB4585) by extension 'colcon_pkg'
[0.824s] Level 1:colcon.colcon_core.package_identification:_identify(cstam-pkg/mission_proof/2026/January/18/mission_27AB4585) by extensions ['colcon_meta']
[0.824s] Level 1:colcon.colcon_core.package_identification:_identify(cstam-pkg/mission_proof/2026/January/18/mission_27AB4585) by extension 'colcon_meta'
[0.824s] Level 1:colcon.colcon_core.package_identification:_identify(cstam-pkg/mission_proof/2026/January/18/mission_27AB4585) by extensions ['ros']
[0.824s] Level 1:colcon.colcon_core.package_identification:_identify(cstam-pkg/mission_proof/2026/January/18/mission_27AB4585) by extension 'ros'
[0.824s] Level 1:colcon.colcon_core.package_identification:_identify(cstam-pkg/mission_proof/2026/January/18/mission_27AB4585) by extensions ['cmake', 'python']
[0.824s] Level 1:colcon.colcon_core.package_identification:_identify(cstam-pkg/mission_proof/2026/January/18/mission_27AB4585) by extension 'cmake'
[0.824s] Level 1:colcon.colcon_core.package_identification:_identify(cstam-pkg/mission_proof/2026/January/18/mission_27AB4585) by extension 'python'
[0.824s] Level 1:colcon.colcon_core.package_identification:_identify(cstam-pkg/mission_proof/2026/January/18/mission_27AB4585) by extensions ['python_setup_py']
[0.824s] Level 1:colcon.colcon_core.package_identification:_identify(cstam-pkg/mission_proof/2026/January/18/mission_27AB4585) by extension 'python_setup_py'
[0.824s] Level 1:colcon.colcon_core.package_identification:_identify(cstam-pkg/mission_proof/2026/January/18/mission_4975FAF9) by extensions ['ignore', 'ignore_ament_install']
[0.824s] Level 1:colcon.colcon_core.package_identification:_identify(cstam-pkg/mission_proof/2026/January/18/mission_4975FAF9) by extension 'ignore'
[0.824s] Level 1:colcon.colcon_core.package_identification:_identify(cstam-pkg/mission_proof/2026/January/18/mission_4975FAF9) by extension 'ignore_ament_install'
[0.824s] Level 1:colcon.colcon_core.package_identification:_identify(cstam-pkg/mission_proof/2026/January/18/mission_4975FAF9) by extensions ['colcon_pkg']
[0.824s] Level 1:colcon.colcon_core.package_identification:_identify(cstam-pkg/mission_proof/2026/January/18/mission_4975FAF9) by extension 'colcon_pkg'
[0.824s] Level 1:colcon.colcon_core.package_identification:_identify(cstam-pkg/mission_proof/2026/January/18/mission_4975FAF9) by extensions ['colcon_meta']
[0.824s] Level 1:colcon.colcon_core.package_identification:_identify(cstam-pkg/mission_proof/2026/January/18/mission_4975FAF9) by extension 'colcon_meta'
[0.824s] Level 1:colcon.colcon_core.package_identification:_identify(cstam-pkg/mission_proof/2026/January/18/mission_4975FAF9) by extensions ['ros']
[0.824s] Level 1:colcon.colcon_core.package_identification:_identify(cstam-pkg/mission_proof/2026/January/18/mission_4975FAF9) by extension 'ros'
[0.824s] Level 1:colcon.colcon_core.package_identification:_identify(cstam-pkg/mission_proof/2026/January/18/mission_4975FAF9) by extensions ['cmake', 'python']
[0.824s] Level 1:colcon.colcon_core.package_identification:_identify(cstam-pkg/mission_proof/2026/January/18/mission_4975FAF9) by extension 'cmake'
[0.824s] Level 1:colcon.colcon_core.package_identification:_identify(cstam-pkg/mission_proof/2026/January/18/mission_4975FAF9) by extension 'python'
[0.824s] Level 1:colcon.colcon_core.package_identification:_identify(cstam-pkg/mission_proof/2026/January/18/mission_4975FAF9) by extensions ['python_setup_py']
[0.824s] Level 1:colcon.colcon_core.package_identification:_identify(cstam-pkg/mission_proof/2026/January/18/mission_4975FAF9) by extension 'python_setup_py'
[0.824s] Level 1:colcon.colcon_core.package_identification:_identify(cstam-pkg/mission_proof/2026/January/18/mission_53284E70) by extensions ['ignore', 'ignore_ament_install']
[0.825s] Level 1:colcon.colcon_core.package_identification:_identify(cstam-pkg/mission_proof/2026/January/18/mission_53284E70) by extension 'ignore'
[0.825s] Level 1:colcon.colcon_core.package_identification:_identify(cstam-pkg/mission_proof/2026/January/18/mission_53284E70) by extension 'ignore_ament_install'
[0.825s] Level 1:colcon.colcon_core.package_identification:_identify(cstam-pkg/mission_proof/2026/January/18/mission_53284E70) by extensions ['colcon_pkg']
[0.825s] Level 1:colcon.colcon_core.package_identification:_identify(cstam-pkg/mission_proof/2026/January/18/mission_53284E70) by extension 'colcon_pkg'
[0.825s] Level 1:colcon.colcon_core.package_identification:_identify(cstam-pkg/mission_proof/2026/January/18/mission_53284E70) by extensions ['colcon_meta']
[0.825s] Level 1:colcon.colcon_core.package_identification:_identify(cstam-pkg/mission_proof/2026/January/18/mission_53284E70) by extension 'colcon_meta'
[0.825s] Level 1:colcon.colcon_core.package_identification:_identify(cstam-pkg/mission_proof/2026/January/18/mission_53284E70) by extensions ['ros']
[0.825s] Level 1:colcon.colcon_core.package_identification:_identify(cstam-pkg/mission_proof/2026/January/18/mission_53284E70) by extension 'ros'
[0.825s] Level 1:colcon.colcon_core.package_identification:_identify(cstam-pkg/mission_proof/2026/January/18/mission_53284E70) by extensions ['cmake', 'python']
[0.825s] Level 1:colcon.colcon_core.package_identification:_identify(cstam-pkg/mission_proof/2026/January/18/mission_53284E70) by extension 'cmake'
[0.825s] Level 1:colcon.colcon_core.package_identification:_identify(cstam-pkg/mission_proof/2026/January/18/mission_53284E70) by extension 'python'
[0.825s] Level 1:colcon.colcon_core.package_identification:_identify(cstam-pkg/mission_proof/2026/January/18/mission_53284E70) by extensions ['python_setup_py']
[0.825s] Level 1:colcon.colcon_core.package_identification:_identify(cstam-pkg/mission_proof/2026/January/18/mission_53284E70) by extension 'python_setup_py'
[0.825s] Level 1:colcon.colcon_core.package_identification:_identify(cstam-pkg/mission_proof/2026/January/18/mission_57E6D24B) by extensions ['ignore', 'ignore_ament_install']
[0.825s] Level 1:colcon.colcon_core.package_identification:_identify(cstam-pkg/mission_proof/2026/January/18/mission_57E6D24B) by extension 'ignore'
[0.825s] Level 1:colcon.colcon_core.package_identification:_identify(cstam-pkg/mission_proof/2026/January/18/mission_57E6D24B) by extension 'ignore_ament_install'
[0.825s] Level 1:colcon.colcon_core.package_identification:_identify(cstam-pkg/mission_proof/2026/January/18/mission_57E6D24B) by extensions ['colcon_pkg']
[0.825s] Level 1:colcon.colcon_core.package_identification:_identify(cstam-pkg/mission_proof/2026/January/18/mission_57E6D24B) by extension 'colcon_pkg'
[0.825s] Level 1:colcon.colcon_core.package_identification:_identify(cstam-pkg/mission_proof/2026/January/18/mission_57E6D24B) by extensions ['colcon_meta']
[0.825s] Level 1:colcon.colcon_core.package_identification:_identify(cstam-pkg/mission_proof/2026/January/18/mission_57E6D24B) by extension 'colcon_meta'
[0.825s] Level 1:colcon.colcon_core.package_identification:_identify(cstam-pkg/mission_proof/2026/January/18/mission_57E6D24B) by extensions ['ros']
[0.825s] Level 1:colcon.colcon_core.package_identification:_identify(cstam-pkg/mission_proof/2026/January/18/mission_57E6D24B) by extension 'ros'
[0.825s] Level 1:colcon.colcon_core.package_identification:_identify(cstam-pkg/mission_proof/2026/January/18/mission_57E6D24B) by extensions ['cmake', 'python']
[0.825s] Level 1:colcon.colcon_core.package_identification:_identify(cstam-pkg/mission_proof/2026/January/18/mission_57E6D24B) by extension 'cmake'
[0.825s] Level 1:colcon.colcon_core.package_identification:_identify(cstam-pkg/mission_proof/2026/January/18/mission_57E6D24B) by extension 'python'
[0.825s] Level 1:colcon.colcon_core.package_identification:_identify(cstam-pkg/mission_proof/2026/January/18/mission_57E6D24B) by extensions ['python_setup_py']
[0.825s] Level 1:colcon.colcon_core.package_identification:_identify(cstam-pkg/mission_proof/2026/January/18/mission_57E6D24B) by extension 'python_setup_py'
[0.825s] Level 1:colcon.colcon_core.package_identification:_identify(cstam-pkg/mission_proof/2026/January/18/mission_7360EAFB) by extensions ['ignore', 'ignore_ament_install']
[0.825s] Level 1:colcon.colcon_core.package_identification:_identify(cstam-pkg/mission_proof/2026/January/18/mission_7360EAFB) by extension 'ignore'
[0.825s] Level 1:colcon.colcon_core.package_identification:_identify(cstam-pkg/mission_proof/2026/January/18/mission_7360EAFB) by extension 'ignore_ament_install'
[0.825s] Level 1:colcon.colcon_core.package_identification:_identify(cstam-pkg/mission_proof/2026/January/18/mission_7360EAFB) by extensions ['colcon_pkg']
[0.825s] Level 1:colcon.colcon_core.package_identification:_identify(cstam-pkg/mission_proof/2026/January/18/mission_7360EAFB) by extension 'colcon_pkg'
[0.825s] Level 1:colcon.colcon_core.package_identification:_identify(cstam-pkg/mission_proof/2026/January/18/mission_7360EAFB) by extensions ['colcon_meta']
[0.825s] Level 1:colcon.colcon_core.package_identification:_identify(cstam-pkg/mission_proof/2026/January/18/mission_7360EAFB) by extension 'colcon_meta'
[0.825s] Level 1:colcon.colcon_core.package_identification:_identify(cstam-pkg/mission_proof/2026/January/18/mission_7360EAFB) by extensions ['ros']
[0.825s] Level 1:colcon.colcon_core.package_identification:_identify(cstam-pkg/mission_proof/2026/January/18/mission_7360EAFB) by extension 'ros'
[0.825s] Level 1:colcon.colcon_core.package_identification:_identify(cstam-pkg/mission_proof/2026/January/18/mission_7360EAFB) by extensions ['cmake', 'python']
[0.826s] Level 1:colcon.colcon_core.package_identification:_identify(cstam-pkg/mission_proof/2026/January/18/mission_7360EAFB) by extension 'cmake'
[0.826s] Level 1:colcon.colcon_core.package_identification:_identify(cstam-pkg/mission_proof/2026/January/18/mission_7360EAFB) by extension 'python'
[0.826s] Level 1:colcon.colcon_core.package_identification:_identify(cstam-pkg/mission_proof/2026/January/18/mission_7360EAFB) by extensions ['python_setup_py']
[0.826s] Level 1:colcon.colcon_core.package_identification:_identify(cstam-pkg/mission_proof/2026/January/18/mission_7360EAFB) by extension 'python_setup_py'
[0.826s] Level 1:colcon.colcon_core.package_identification:_identify(cstam-pkg/mission_proof/2026/January/18/mission_76D573FD) by extensions ['ignore', 'ignore_ament_install']
[0.826s] Level 1:colcon.colcon_core.package_identification:_identify(cstam-pkg/mission_proof/2026/January/18/mission_76D573FD) by extension 'ignore'
[0.826s] Level 1:colcon.colcon_core.package_identification:_identify(cstam-pkg/mission_proof/2026/January/18/mission_76D573FD) by extension 'ignore_ament_install'
[0.826s] Level 1:colcon.colcon_core.package_identification:_identify(cstam-pkg/mission_proof/2026/January/18/mission_76D573FD) by extensions ['colcon_pkg']
[0.826s] Level 1:colcon.colcon_core.package_identification:_identify(cstam-pkg/mission_proof/2026/January/18/mission_76D573FD) by extension 'colcon_pkg'
[0.826s] Level 1:colcon.colcon_core.package_identification:_identify(cstam-pkg/mission_proof/2026/January/18/mission_76D573FD) by extensions ['colcon_meta']
[0.826s] Level 1:colcon.colcon_core.package_identification:_identify(cstam-pkg/mission_proof/2026/January/18/mission_76D573FD) by extension 'colcon_meta'
[0.826s] Level 1:colcon.colcon_core.package_identification:_identify(cstam-pkg/mission_proof/2026/January/18/mission_76D573FD) by extensions ['ros']
[0.826s] Level 1:colcon.colcon_core.package_identification:_identify(cstam-pkg/mission_proof/2026/January/18/mission_76D573FD) by extension 'ros'
[0.826s] Level 1:colcon.colcon_core.package_identification:_identify(cstam-pkg/mission_proof/2026/January/18/mission_76D573FD) by extensions ['cmake', 'python']
[0.826s] Level 1:colcon.colcon_core.package_identification:_identify(cstam-pkg/mission_proof/2026/January/18/mission_76D573FD) by extension 'cmake'
[0.826s] Level 1:colcon.colcon_core.package_identification:_identify(cstam-pkg/mission_proof/2026/January/18/mission_76D573FD) by extension 'python'
[0.826s] Level 1:colcon.colcon_core.package_identification:_identify(cstam-pkg/mission_proof/2026/January/18/mission_76D573FD) by extensions ['python_setup_py']
[0.826s] Level 1:colcon.colcon_core.package_identification:_identify(cstam-pkg/mission_proof/2026/January/18/mission_76D573FD) by extension 'python_setup_py'
[0.826s] Level 1:colcon.colcon_core.package_identification:_identify(cstam-pkg/mission_proof/2026/January/18/mission_7F748A34) by extensions ['ignore', 'ignore_ament_install']
[0.826s] Level 1:colcon.colcon_core.package_identification:_identify(cstam-pkg/mission_proof/2026/January/18/mission_7F748A34) by extension 'ignore'
[0.826s] Level 1:colcon.colcon_core.package_identification:_identify(cstam-pkg/mission_proof/2026/January/18/mission_7F748A34) by extension 'ignore_ament_install'
[0.826s] Level 1:colcon.colcon_core.package_identification:_identify(cstam-pkg/mission_proof/2026/January/18/mission_7F748A34) by extensions ['colcon_pkg']
[0.826s] Level 1:colcon.colcon_core.package_identification:_identify(cstam-pkg/mission_proof/2026/January/18/mission_7F748A34) by extension 'colcon_pkg'
[0.826s] Level 1:colcon.colcon_core.package_identification:_identify(cstam-pkg/mission_proof/2026/January/18/mission_7F748A34) by extensions ['colcon_meta']
[0.826s] Level 1:colcon.colcon_core.package_identification:_identify(cstam-pkg/mission_proof/2026/January/18/mission_7F748A34) by extension 'colcon_meta'
[0.826s] Level 1:colcon.colcon_core.package_identification:_identify(cstam-pkg/mission_proof/2026/January/18/mission_7F748A34) by extensions ['ros']
[0.826s] Level 1:colcon.colcon_core.package_identification:_identify(cstam-pkg/mission_proof/2026/January/18/mission_7F748A34) by extension 'ros'
[0.826s] Level 1:colcon.colcon_core.package_identification:_identify(cstam-pkg/mission_proof/2026/January/18/mission_7F748A34) by extensions ['cmake', 'python']
[0.826s] Level 1:colcon.colcon_core.package_identification:_identify(cstam-pkg/mission_proof/2026/January/18/mission_7F748A34) by extension 'cmake'
[0.826s] Level 1:colcon.colcon_core.package_identification:_identify(cstam-pkg/mission_proof/2026/January/18/mission_7F748A34) by extension 'python'
[0.826s] Level 1:colcon.colcon_core.package_identification:_identify(cstam-pkg/mission_proof/2026/January/18/mission_7F748A34) by extensions ['python_setup_py']
[0.826s] Level 1:colcon.colcon_core.package_identification:_identify(cstam-pkg/mission_proof/2026/January/18/mission_7F748A34) by extension 'python_setup_py'
[0.826s] Level 1:colcon.colcon_core.package_identification:_identify(cstam-pkg/mission_proof/2026/January/18/mission_80437FF2) by extensions ['ignore', 'ignore_ament_install']
[0.826s] Level 1:colcon.colcon_core.package_identification:_identify(cstam-pkg/mission_proof/2026/January/18/mission_80437FF2) by extension 'ignore'
[0.826s] Level 1:colcon.colcon_core.package_identification:_identify(cstam-pkg/mission_proof/2026/January/18/mission_80437FF2) by extension 'ignore_ament_install'
[0.826s] Level 1:colcon.colcon_core.package_identification:_identify(cstam-pkg/mission_proof/2026/January/18/mission_80437FF2) by extensions ['colcon_pkg']
[0.826s] Level 1:colcon.colcon_core.package_identification:_identify(cstam-pkg/mission_proof/2026/January/18/mission_80437FF2) by extension 'colcon_pkg'
[0.827s] Level 1:colcon.colcon_core.package_identification:_identify(cstam-pkg/mission_proof/2026/January/18/mission_80437FF2) by extensions ['colcon_meta']
[0.827s] Level 1:colcon.colcon_core.package_identification:_identify(cstam-pkg/mission_proof/2026/January/18/mission_80437FF2) by extension 'colcon_meta'
[0.827s] Level 1:colcon.colcon_core.package_identification:_identify(cstam-pkg/mission_proof/2026/January/18/mission_80437FF2) by extensions ['ros']
[0.827s] Level 1:colcon.colcon_core.package_identification:_identify(cstam-pkg/mission_proof/2026/January/18/mission_80437FF2) by extension 'ros'
[0.827s] Level 1:colcon.colcon_core.package_identification:_identify(cstam-pkg/mission_proof/2026/January/18/mission_80437FF2) by extensions ['cmake', 'python']
[0.827s] Level 1:colcon.colcon_core.package_identification:_identify(cstam-pkg/mission_proof/2026/January/18/mission_80437FF2) by extension 'cmake'
[0.827s] Level 1:colcon.colcon_core.package_identification:_identify(cstam-pkg/mission_proof/2026/January/18/mission_80437FF2) by extension 'python'
[0.827s] Level 1:colcon.colcon_core.package_identification:_identify(cstam-pkg/mission_proof/2026/January/18/mission_80437FF2) by extensions ['python_setup_py']
[0.827s] Level 1:colcon.colcon_core.package_identification:_identify(cstam-pkg/mission_proof/2026/January/18/mission_80437FF2) by extension 'python_setup_py'
[0.827s] Level 1:colcon.colcon_core.package_identification:_identify(cstam-pkg/mission_proof/2026/January/18/mission_865837EE) by extensions ['ignore', 'ignore_ament_install']
[0.827s] Level 1:colcon.colcon_core.package_identification:_identify(cstam-pkg/mission_proof/2026/January/18/mission_865837EE) by extension 'ignore'
[0.827s] Level 1:colcon.colcon_core.package_identification:_identify(cstam-pkg/mission_proof/2026/January/18/mission_865837EE) by extension 'ignore_ament_install'
[0.827s] Level 1:colcon.colcon_core.package_identification:_identify(cstam-pkg/mission_proof/2026/January/18/mission_865837EE) by extensions ['colcon_pkg']
[0.827s] Level 1:colcon.colcon_core.package_identification:_identify(cstam-pkg/mission_proof/2026/January/18/mission_865837EE) by extension 'colcon_pkg'
[0.827s] Level 1:colcon.colcon_core.package_identification:_identify(cstam-pkg/mission_proof/2026/January/18/mission_865837EE) by extensions ['colcon_meta']
[0.827s] Level 1:colcon.colcon_core.package_identification:_identify(cstam-pkg/mission_proof/2026/January/18/mission_865837EE) by extension 'colcon_meta'
[0.827s] Level 1:colcon.colcon_core.package_identification:_identify(cstam-pkg/mission_proof/2026/January/18/mission_865837EE) by extensions ['ros']
[0.827s] Level 1:colcon.colcon_core.package_identification:_identify(cstam-pkg/mission_proof/2026/January/18/mission_865837EE) by extension 'ros'
[0.827s] Level 1:colcon.colcon_core.package_identification:_identify(cstam-pkg/mission_proof/2026/January/18/mission_865837EE) by extensions ['cmake', 'python']
[0.827s] Level 1:colcon.colcon_core.package_identification:_identify(cstam-pkg/mission_proof/2026/January/18/mission_865837EE) by extension 'cmake'
[0.827s] Level 1:colcon.colcon_core.package_identification:_identify(cstam-pkg/mission_proof/2026/January/18/mission_865837EE) by extension 'python'
[0.827s] Level 1:colcon.colcon_core.package_identification:_identify(cstam-pkg/mission_proof/2026/January/18/mission_865837EE) by extensions ['python_setup_py']
[0.827s] Level 1:colcon.colcon_core.package_identification:_identify(cstam-pkg/mission_proof/2026/January/18/mission_865837EE) by extension 'python_setup_py'
[0.827s] Level 1:colcon.colcon_core.package_identification:_identify(cstam-pkg/mission_proof/2026/January/18/mission_8D12E675) by extensions ['ignore', 'ignore_ament_install']
[0.827s] Level 1:colcon.colcon_core.package_identification:_identify(cstam-pkg/mission_proof/2026/January/18/mission_8D12E675) by extension 'ignore'
[0.827s] Level 1:colcon.colcon_core.package_identification:_identify(cstam-pkg/mission_proof/2026/January/18/mission_8D12E675) by extension 'ignore_ament_install'
[0.827s] Level 1:colcon.colcon_core.package_identification:_identify(cstam-pkg/mission_proof/2026/January/18/mission_8D12E675) by extensions ['colcon_pkg']
[0.827s] Level 1:colcon.colcon_core.package_identification:_identify(cstam-pkg/mission_proof/2026/January/18/mission_8D12E675) by extension 'colcon_pkg'
[0.827s] Level 1:colcon.colcon_core.package_identification:_identify(cstam-pkg/mission_proof/2026/January/18/mission_8D12E675) by extensions ['colcon_meta']
[0.827s] Level 1:colcon.colcon_core.package_identification:_identify(cstam-pkg/mission_proof/2026/January/18/mission_8D12E675) by extension 'colcon_meta'
[0.827s] Level 1:colcon.colcon_core.package_identification:_identify(cstam-pkg/mission_proof/2026/January/18/mission_8D12E675) by extensions ['ros']
[0.827s] Level 1:colcon.colcon_core.package_identification:_identify(cstam-pkg/mission_proof/2026/January/18/mission_8D12E675) by extension 'ros'
[0.827s] Level 1:colcon.colcon_core.package_identification:_identify(cstam-pkg/mission_proof/2026/January/18/mission_8D12E675) by extensions ['cmake', 'python']
[0.827s] Level 1:colcon.colcon_core.package_identification:_identify(cstam-pkg/mission_proof/2026/January/18/mission_8D12E675) by extension 'cmake'
[0.827s] Level 1:colcon.colcon_core.package_identification:_identify(cstam-pkg/mission_proof/2026/January/18/mission_8D12E675) by extension 'python'
[0.827s] Level 1:colcon.colcon_core.package_identification:_identify(cstam-pkg/mission_proof/2026/January/18/mission_8D12E675) by extensions ['python_setup_py']
[0.827s] Level 1:colcon.colcon_core.package_identification:_identify(cstam-pkg/mission_proof/2026/January/18/mission_8D12E675) by extension 'python_setup_py'
[0.828s] Level 1:colcon.colcon_core.package_identification:_identify(cstam-pkg/mission_proof/2026/January/18/mission_8D759A96) by extensions ['ignore', 'ignore_ament_install']
[0.828s] Level 1:colcon.colcon_core.package_identification:_identify(cstam-pkg/mission_proof/2026/January/18/mission_8D759A96) by extension 'ignore'
[0.828s] Level 1:colcon.colcon_core.package_identification:_identify(cstam-pkg/mission_proof/2026/January/18/mission_8D759A96) by extension 'ignore_ament_install'
[0.828s] Level 1:colcon.colcon_core.package_identification:_identify(cstam-pkg/mission_proof/2026/January/18/mission_8D759A96) by extensions ['colcon_pkg']
[0.828s] Level 1:colcon.colcon_core.package_identification:_identify(cstam-pkg/mission_proof/2026/January/18/mission_8D759A96) by extension 'colcon_pkg'
[0.828s] Level 1:colcon.colcon_core.package_identification:_identify(cstam-pkg/mission_proof/2026/January/18/mission_8D759A96) by extensions ['colcon_meta']
[0.828s] Level 1:colcon.colcon_core.package_identification:_identify(cstam-pkg/mission_proof/2026/January/18/mission_8D759A96) by extension 'colcon_meta'
[0.828s] Level 1:colcon.colcon_core.package_identification:_identify(cstam-pkg/mission_proof/2026/January/18/mission_8D759A96) by extensions ['ros']
[0.828s] Level 1:colcon.colcon_core.package_identification:_identify(cstam-pkg/mission_proof/2026/January/18/mission_8D759A96) by extension 'ros'
[0.828s] Level 1:colcon.colcon_core.package_identification:_identify(cstam-pkg/mission_proof/2026/January/18/mission_8D759A96) by extensions ['cmake', 'python']
[0.828s] Level 1:colcon.colcon_core.package_identification:_identify(cstam-pkg/mission_proof/2026/January/18/mission_8D759A96) by extension 'cmake'
[0.828s] Level 1:colcon.colcon_core.package_identification:_identify(cstam-pkg/mission_proof/2026/January/18/mission_8D759A96) by extension 'python'
[0.828s] Level 1:colcon.colcon_core.package_identification:_identify(cstam-pkg/mission_proof/2026/January/18/mission_8D759A96) by extensions ['python_setup_py']
[0.828s] Level 1:colcon.colcon_core.package_identification:_identify(cstam-pkg/mission_proof/2026/January/18/mission_8D759A96) by extension 'python_setup_py'
[0.828s] Level 1:colcon.colcon_core.package_identification:_identify(cstam-pkg/mission_proof/2026/January/18/mission_A3678A78) by extensions ['ignore', 'ignore_ament_install']
[0.828s] Level 1:colcon.colcon_core.package_identification:_identify(cstam-pkg/mission_proof/2026/January/18/mission_A3678A78) by extension 'ignore'
[0.828s] Level 1:colcon.colcon_core.package_identification:_identify(cstam-pkg/mission_proof/2026/January/18/mission_A3678A78) by extension 'ignore_ament_install'
[0.828s] Level 1:colcon.colcon_core.package_identification:_identify(cstam-pkg/mission_proof/2026/January/18/mission_A3678A78) by extensions ['colcon_pkg']
[0.828s] Level 1:colcon.colcon_core.package_identification:_identify(cstam-pkg/mission_proof/2026/January/18/mission_A3678A78) by extension 'colcon_pkg'
[0.828s] Level 1:colcon.colcon_core.package_identification:_identify(cstam-pkg/mission_proof/2026/January/18/mission_A3678A78) by extensions ['colcon_meta']
[0.828s] Level 1:colcon.colcon_core.package_identification:_identify(cstam-pkg/mission_proof/2026/January/18/mission_A3678A78) by extension 'colcon_meta'
[0.828s] Level 1:colcon.colcon_core.package_identification:_identify(cstam-pkg/mission_proof/2026/January/18/mission_A3678A78) by extensions ['ros']
[0.828s] Level 1:colcon.colcon_core.package_identification:_identify(cstam-pkg/mission_proof/2026/January/18/mission_A3678A78) by extension 'ros'
[0.828s] Level 1:colcon.colcon_core.package_identification:_identify(cstam-pkg/mission_proof/2026/January/18/mission_A3678A78) by extensions ['cmake', 'python']
[0.828s] Level 1:colcon.colcon_core.package_identification:_identify(cstam-pkg/mission_proof/2026/January/18/mission_A3678A78) by extension 'cmake'
[0.828s] Level 1:colcon.colcon_core.package_identification:_identify(cstam-pkg/mission_proof/2026/January/18/mission_A3678A78) by extension 'python'
[0.828s] Level 1:colcon.colcon_core.package_identification:_identify(cstam-pkg/mission_proof/2026/January/18/mission_A3678A78) by extensions ['python_setup_py']
[0.828s] Level 1:colcon.colcon_core.package_identification:_identify(cstam-pkg/mission_proof/2026/January/18/mission_A3678A78) by extension 'python_setup_py'
[0.828s] Level 1:colcon.colcon_core.package_identification:_identify(cstam-pkg/mission_proof/2026/January/18/mission_C6569172) by extensions ['ignore', 'ignore_ament_install']
[0.828s] Level 1:colcon.colcon_core.package_identification:_identify(cstam-pkg/mission_proof/2026/January/18/mission_C6569172) by extension 'ignore'
[0.828s] Level 1:colcon.colcon_core.package_identification:_identify(cstam-pkg/mission_proof/2026/January/18/mission_C6569172) by extension 'ignore_ament_install'
[0.828s] Level 1:colcon.colcon_core.package_identification:_identify(cstam-pkg/mission_proof/2026/January/18/mission_C6569172) by extensions ['colcon_pkg']
[0.828s] Level 1:colcon.colcon_core.package_identification:_identify(cstam-pkg/mission_proof/2026/January/18/mission_C6569172) by extension 'colcon_pkg'
[0.828s] Level 1:colcon.colcon_core.package_identification:_identify(cstam-pkg/mission_proof/2026/January/18/mission_C6569172) by extensions ['colcon_meta']
[0.828s] Level 1:colcon.colcon_core.package_identification:_identify(cstam-pkg/mission_proof/2026/January/18/mission_C6569172) by extension 'colcon_meta'
[0.828s] Level 1:colcon.colcon_core.package_identification:_identify(cstam-pkg/mission_proof/2026/January/18/mission_C6569172) by extensions ['ros']
[0.828s] Level 1:colcon.colcon_core.package_identification:_identify(cstam-pkg/mission_proof/2026/January/18/mission_C6569172) by extension 'ros'
[0.829s] Level 1:colcon.colcon_core.package_identification:_identify(cstam-pkg/mission_proof/2026/January/18/mission_C6569172) by extensions ['cmake', 'python']
[0.829s] Level 1:colcon.colcon_core.package_identification:_identify(cstam-pkg/mission_proof/2026/January/18/mission_C6569172) by extension 'cmake'
[0.829s] Level 1:colcon.colcon_core.package_identification:_identify(cstam-pkg/mission_proof/2026/January/18/mission_C6569172) by extension 'python'
[0.829s] Level 1:colcon.colcon_core.package_identification:_identify(cstam-pkg/mission_proof/2026/January/18/mission_C6569172) by extensions ['python_setup_py']
[0.829s] Level 1:colcon.colcon_core.package_identification:_identify(cstam-pkg/mission_proof/2026/January/18/mission_C6569172) by extension 'python_setup_py'
[0.829s] Level 1:colcon.colcon_core.package_identification:_identify(cstam-pkg/mission_proof/2026/January/18/mission_CFBF2BCB) by extensions ['ignore', 'ignore_ament_install']
[0.829s] Level 1:colcon.colcon_core.package_identification:_identify(cstam-pkg/mission_proof/2026/January/18/mission_CFBF2BCB) by extension 'ignore'
[0.829s] Level 1:colcon.colcon_core.package_identification:_identify(cstam-pkg/mission_proof/2026/January/18/mission_CFBF2BCB) by extension 'ignore_ament_install'
[0.829s] Level 1:colcon.colcon_core.package_identification:_identify(cstam-pkg/mission_proof/2026/January/18/mission_CFBF2BCB) by extensions ['colcon_pkg']
[0.829s] Level 1:colcon.colcon_core.package_identification:_identify(cstam-pkg/mission_proof/2026/January/18/mission_CFBF2BCB) by extension 'colcon_pkg'
[0.829s] Level 1:colcon.colcon_core.package_identification:_identify(cstam-pkg/mission_proof/2026/January/18/mission_CFBF2BCB) by extensions ['colcon_meta']
[0.829s] Level 1:colcon.colcon_core.package_identification:_identify(cstam-pkg/mission_proof/2026/January/18/mission_CFBF2BCB) by extension 'colcon_meta'
[0.829s] Level 1:colcon.colcon_core.package_identification:_identify(cstam-pkg/mission_proof/2026/January/18/mission_CFBF2BCB) by extensions ['ros']
[0.829s] Level 1:colcon.colcon_core.package_identification:_identify(cstam-pkg/mission_proof/2026/January/18/mission_CFBF2BCB) by extension 'ros'
[0.829s] Level 1:colcon.colcon_core.package_identification:_identify(cstam-pkg/mission_proof/2026/January/18/mission_CFBF2BCB) by extensions ['cmake', 'python']
[0.829s] Level 1:colcon.colcon_core.package_identification:_identify(cstam-pkg/mission_proof/2026/January/18/mission_CFBF2BCB) by extension 'cmake'
[0.829s] Level 1:colcon.colcon_core.package_identification:_identify(cstam-pkg/mission_proof/2026/January/18/mission_CFBF2BCB) by extension 'python'
[0.829s] Level 1:colcon.colcon_core.package_identification:_identify(cstam-pkg/mission_proof/2026/January/18/mission_CFBF2BCB) by extensions ['python_setup_py']
[0.829s] Level 1:colcon.colcon_core.package_identification:_identify(cstam-pkg/mission_proof/2026/January/18/mission_CFBF2BCB) by extension 'python_setup_py'
[0.829s] Level 1:colcon.colcon_core.package_identification:_identify(cstam-pkg/mission_proof/2026/January/19) by extensions ['ignore', 'ignore_ament_install']
[0.829s] Level 1:colcon.colcon_core.package_identification:_identify(cstam-pkg/mission_proof/2026/January/19) by extension 'ignore'
[0.829s] Level 1:colcon.colcon_core.package_identification:_identify(cstam-pkg/mission_proof/2026/January/19) by extension 'ignore_ament_install'
[0.829s] Level 1:colcon.colcon_core.package_identification:_identify(cstam-pkg/mission_proof/2026/January/19) by extensions ['colcon_pkg']
[0.829s] Level 1:colcon.colcon_core.package_identification:_identify(cstam-pkg/mission_proof/2026/January/19) by extension 'colcon_pkg'
[0.829s] Level 1:colcon.colcon_core.package_identification:_identify(cstam-pkg/mission_proof/2026/January/19) by extensions ['colcon_meta']
[0.829s] Level 1:colcon.colcon_core.package_identification:_identify(cstam-pkg/mission_proof/2026/January/19) by extension 'colcon_meta'
[0.829s] Level 1:colcon.colcon_core.package_identification:_identify(cstam-pkg/mission_proof/2026/January/19) by extensions ['ros']
[0.829s] Level 1:colcon.colcon_core.package_identification:_identify(cstam-pkg/mission_proof/2026/January/19) by extension 'ros'
[0.829s] Level 1:colcon.colcon_core.package_identification:_identify(cstam-pkg/mission_proof/2026/January/19) by extensions ['cmake', 'python']
[0.829s] Level 1:colcon.colcon_core.package_identification:_identify(cstam-pkg/mission_proof/2026/January/19) by extension 'cmake'
[0.829s] Level 1:colcon.colcon_core.package_identification:_identify(cstam-pkg/mission_proof/2026/January/19) by extension 'python'
[0.829s] Level 1:colcon.colcon_core.package_identification:_identify(cstam-pkg/mission_proof/2026/January/19) by extensions ['python_setup_py']
[0.829s] Level 1:colcon.colcon_core.package_identification:_identify(cstam-pkg/mission_proof/2026/January/19) by extension 'python_setup_py'
[0.829s] Level 1:colcon.colcon_core.package_identification:_identify(cstam-pkg/mission_proof/2026/January/19/mission_0D8DB3BE) by extensions ['ignore', 'ignore_ament_install']
[0.830s] Level 1:colcon.colcon_core.package_identification:_identify(cstam-pkg/mission_proof/2026/January/19/mission_0D8DB3BE) by extension 'ignore'
[0.830s] Level 1:colcon.colcon_core.package_identification:_identify(cstam-pkg/mission_proof/2026/January/19/mission_0D8DB3BE) by extension 'ignore_ament_install'
[0.830s] Level 1:colcon.colcon_core.package_identification:_identify(cstam-pkg/mission_proof/2026/January/19/mission_0D8DB3BE) by extensions ['colcon_pkg']
[0.830s] Level 1:colcon.colcon_core.package_identification:_identify(cstam-pkg/mission_proof/2026/January/19/mission_0D8DB3BE) by extension 'colcon_pkg'
[0.830s] Level 1:colcon.colcon_core.package_identification:_identify(cstam-pkg/mission_proof/2026/January/19/mission_0D8DB3BE) by extensions ['colcon_meta']
[0.830s] Level 1:colcon.colcon_core.package_identification:_identify(cstam-pkg/mission_proof/2026/January/19/mission_0D8DB3BE) by extension 'colcon_meta'
[0.830s] Level 1:colcon.colcon_core.package_identification:_identify(cstam-pkg/mission_proof/2026/January/19/mission_0D8DB3BE) by extensions ['ros']
[0.830s] Level 1:colcon.colcon_core.package_identification:_identify(cstam-pkg/mission_proof/2026/January/19/mission_0D8DB3BE) by extension 'ros'
[0.830s] Level 1:colcon.colcon_core.package_identification:_identify(cstam-pkg/mission_proof/2026/January/19/mission_0D8DB3BE) by extensions ['cmake', 'python']
[0.830s] Level 1:colcon.colcon_core.package_identification:_identify(cstam-pkg/mission_proof/2026/January/19/mission_0D8DB3BE) by extension 'cmake'
[0.830s] Level 1:colcon.colcon_core.package_identification:_identify(cstam-pkg/mission_proof/2026/January/19/mission_0D8DB3BE) by extension 'python'
[0.830s] Level 1:colcon.colcon_core.package_identification:_identify(cstam-pkg/mission_proof/2026/January/19/mission_0D8DB3BE) by extensions ['python_setup_py']
[0.830s] Level 1:colcon.colcon_core.package_identification:_identify(cstam-pkg/mission_proof/2026/January/19/mission_0D8DB3BE) by extension 'python_setup_py'
[0.830s] Level 1:colcon.colcon_core.package_identification:_identify(cstam-pkg/mission_proof/2026/January/19/mission_18D2D050) by extensions ['ignore', 'ignore_ament_install']
[0.830s] Level 1:colcon.colcon_core.package_identification:_identify(cstam-pkg/mission_proof/2026/January/19/mission_18D2D050) by extension 'ignore'
[0.830s] Level 1:colcon.colcon_core.package_identification:_identify(cstam-pkg/mission_proof/2026/January/19/mission_18D2D050) by extension 'ignore_ament_install'
[0.830s] Level 1:colcon.colcon_core.package_identification:_identify(cstam-pkg/mission_proof/2026/January/19/mission_18D2D050) by extensions ['colcon_pkg']
[0.830s] Level 1:colcon.colcon_core.package_identification:_identify(cstam-pkg/mission_proof/2026/January/19/mission_18D2D050) by extension 'colcon_pkg'
[0.830s] Level 1:colcon.colcon_core.package_identification:_identify(cstam-pkg/mission_proof/2026/January/19/mission_18D2D050) by extensions ['colcon_meta']
[0.830s] Level 1:colcon.colcon_core.package_identification:_identify(cstam-pkg/mission_proof/2026/January/19/mission_18D2D050) by extension 'colcon_meta'
[0.830s] Level 1:colcon.colcon_core.package_identification:_identify(cstam-pkg/mission_proof/2026/January/19/mission_18D2D050) by extensions ['ros']
[0.830s] Level 1:colcon.colcon_core.package_identification:_identify(cstam-pkg/mission_proof/2026/January/19/mission_18D2D050) by extension 'ros'
[0.830s] Level 1:colcon.colcon_core.package_identification:_identify(cstam-pkg/mission_proof/2026/January/19/mission_18D2D050) by extensions ['cmake', 'python']
[0.830s] Level 1:colcon.colcon_core.package_identification:_identify(cstam-pkg/mission_proof/2026/January/19/mission_18D2D050) by extension 'cmake'
[0.830s] Level 1:colcon.colcon_core.package_identification:_identify(cstam-pkg/mission_proof/2026/January/19/mission_18D2D050) by extension 'python'
[0.830s] Level 1:colcon.colcon_core.package_identification:_identify(cstam-pkg/mission_proof/2026/January/19/mission_18D2D050) by extensions ['python_setup_py']
[0.830s] Level 1:colcon.colcon_core.package_identification:_identify(cstam-pkg/mission_proof/2026/January/19/mission_18D2D050) by extension 'python_setup_py'
[0.830s] Level 1:colcon.colcon_core.package_identification:_identify(cstam-pkg/mission_proof/2026/January/19/mission_1C0FFE4F) by extensions ['ignore', 'ignore_ament_install']
[0.830s] Level 1:colcon.colcon_core.package_identification:_identify(cstam-pkg/mission_proof/2026/January/19/mission_1C0FFE4F) by extension 'ignore'
[0.830s] Level 1:colcon.colcon_core.package_identification:_identify(cstam-pkg/mission_proof/2026/January/19/mission_1C0FFE4F) by extension 'ignore_ament_install'
[0.830s] Level 1:colcon.colcon_core.package_identification:_identify(cstam-pkg/mission_proof/2026/January/19/mission_1C0FFE4F) by extensions ['colcon_pkg']
[0.830s] Level 1:colcon.colcon_core.package_identification:_identify(cstam-pkg/mission_proof/2026/January/19/mission_1C0FFE4F) by extension 'colcon_pkg'
[0.830s] Level 1:colcon.colcon_core.package_identification:_identify(cstam-pkg/mission_proof/2026/January/19/mission_1C0FFE4F) by extensions ['colcon_meta']
[0.830s] Level 1:colcon.colcon_core.package_identification:_identify(cstam-pkg/mission_proof/2026/January/19/mission_1C0FFE4F) by extension 'colcon_meta'
[0.830s] Level 1:colcon.colcon_core.package_identification:_identify(cstam-pkg/mission_proof/2026/January/19/mission_1C0FFE4F) by extensions ['ros']
[0.830s] Level 1:colcon.colcon_core.package_identification:_identify(cstam-pkg/mission_proof/2026/January/19/mission_1C0FFE4F) by extension 'ros'
[0.830s] Level 1:colcon.colcon_core.package_identification:_identify(cstam-pkg/mission_proof/2026/January/19/mission_1C0FFE4F) by extensions ['cmake', 'python']
[0.830s] Level 1:colcon.colcon_core.package_identification:_identify(cstam-pkg/mission_proof/2026/January/19/mission_1C0FFE4F) by extension 'cmake'
[0.831s] Level 1:colcon.colcon_core.package_identification:_identify(cstam-pkg/mission_proof/2026/January/19/mission_1C0FFE4F) by extension 'python'
[0.831s] Level 1:colcon.colcon_core.package_identification:_identify(cstam-pkg/mission_proof/2026/January/19/mission_1C0FFE4F) by extensions ['python_setup_py']
[0.831s] Level 1:colcon.colcon_core.package_identification:_identify(cstam-pkg/mission_proof/2026/January/19/mission_1C0FFE4F) by extension 'python_setup_py'
[0.831s] Level 1:colcon.colcon_core.package_identification:_identify(cstam-pkg/mission_proof/2026/January/19/mission_21DD897A) by extensions ['ignore', 'ignore_ament_install']
[0.831s] Level 1:colcon.colcon_core.package_identification:_identify(cstam-pkg/mission_proof/2026/January/19/mission_21DD897A) by extension 'ignore'
[0.831s] Level 1:colcon.colcon_core.package_identification:_identify(cstam-pkg/mission_proof/2026/January/19/mission_21DD897A) by extension 'ignore_ament_install'
[0.831s] Level 1:colcon.colcon_core.package_identification:_identify(cstam-pkg/mission_proof/2026/January/19/mission_21DD897A) by extensions ['colcon_pkg']
[0.831s] Level 1:colcon.colcon_core.package_identification:_identify(cstam-pkg/mission_proof/2026/January/19/mission_21DD897A) by extension 'colcon_pkg'
[0.831s] Level 1:colcon.colcon_core.package_identification:_identify(cstam-pkg/mission_proof/2026/January/19/mission_21DD897A) by extensions ['colcon_meta']
[0.831s] Level 1:colcon.colcon_core.package_identification:_identify(cstam-pkg/mission_proof/2026/January/19/mission_21DD897A) by extension 'colcon_meta'
[0.831s] Level 1:colcon.colcon_core.package_identification:_identify(cstam-pkg/mission_proof/2026/January/19/mission_21DD897A) by extensions ['ros']
[0.831s] Level 1:colcon.colcon_core.package_identification:_identify(cstam-pkg/mission_proof/2026/January/19/mission_21DD897A) by extension 'ros'
[0.831s] Level 1:colcon.colcon_core.package_identification:_identify(cstam-pkg/mission_proof/2026/January/19/mission_21DD897A) by extensions ['cmake', 'python']
[0.831s] Level 1:colcon.colcon_core.package_identification:_identify(cstam-pkg/mission_proof/2026/January/19/mission_21DD897A) by extension 'cmake'
[0.831s] Level 1:colcon.colcon_core.package_identification:_identify(cstam-pkg/mission_proof/2026/January/19/mission_21DD897A) by extension 'python'
[0.831s] Level 1:colcon.colcon_core.package_identification:_identify(cstam-pkg/mission_proof/2026/January/19/mission_21DD897A) by extensions ['python_setup_py']
[0.831s] Level 1:colcon.colcon_core.package_identification:_identify(cstam-pkg/mission_proof/2026/January/19/mission_21DD897A) by extension 'python_setup_py'
[0.831s] Level 1:colcon.colcon_core.package_identification:_identify(cstam-pkg/mission_proof/2026/January/19/mission_2BD0FBAF) by extensions ['ignore', 'ignore_ament_install']
[0.831s] Level 1:colcon.colcon_core.package_identification:_identify(cstam-pkg/mission_proof/2026/January/19/mission_2BD0FBAF) by extension 'ignore'
[0.831s] Level 1:colcon.colcon_core.package_identification:_identify(cstam-pkg/mission_proof/2026/January/19/mission_2BD0FBAF) by extension 'ignore_ament_install'
[0.831s] Level 1:colcon.colcon_core.package_identification:_identify(cstam-pkg/mission_proof/2026/January/19/mission_2BD0FBAF) by extensions ['colcon_pkg']
[0.831s] Level 1:colcon.colcon_core.package_identification:_identify(cstam-pkg/mission_proof/2026/January/19/mission_2BD0FBAF) by extension 'colcon_pkg'
[0.831s] Level 1:colcon.colcon_core.package_identification:_identify(cstam-pkg/mission_proof/2026/January/19/mission_2BD0FBAF) by extensions ['colcon_meta']
[0.831s] Level 1:colcon.colcon_core.package_identification:_identify(cstam-pkg/mission_proof/2026/January/19/mission_2BD0FBAF) by extension 'colcon_meta'
[0.831s] Level 1:colcon.colcon_core.package_identification:_identify(cstam-pkg/mission_proof/2026/January/19/mission_2BD0FBAF) by extensions ['ros']
[0.831s] Level 1:colcon.colcon_core.package_identification:_identify(cstam-pkg/mission_proof/2026/January/19/mission_2BD0FBAF) by extension 'ros'
[0.831s] Level 1:colcon.colcon_core.package_identification:_identify(cstam-pkg/mission_proof/2026/January/19/mission_2BD0FBAF) by extensions ['cmake', 'python']
[0.831s] Level 1:colcon.colcon_core.package_identification:_identify(cstam-pkg/mission_proof/2026/January/19/mission_2BD0FBAF) by extension 'cmake'
[0.831s] Level 1:colcon.colcon_core.package_identification:_identify(cstam-pkg/mission_proof/2026/January/19/mission_2BD0FBAF) by extension 'python'
[0.831s] Level 1:colcon.colcon_core.package_identification:_identify(cstam-pkg/mission_proof/2026/January/19/mission_2BD0FBAF) by extensions ['python_setup_py']
[0.831s] Level 1:colcon.colcon_core.package_identification:_identify(cstam-pkg/mission_proof/2026/January/19/mission_2BD0FBAF) by extension 'python_setup_py'
[0.831s] Level 1:colcon.colcon_core.package_identification:_identify(cstam-pkg/mission_proof/2026/January/19/mission_3116875B) by extensions ['ignore', 'ignore_ament_install']
[0.831s] Level 1:colcon.colcon_core.package_identification:_identify(cstam-pkg/mission_proof/2026/January/19/mission_3116875B) by extension 'ignore'
[0.831s] Level 1:colcon.colcon_core.package_identification:_identify(cstam-pkg/mission_proof/2026/January/19/mission_3116875B) by extension 'ignore_ament_install'
[0.831s] Level 1:colcon.colcon_core.package_identification:_identify(cstam-pkg/mission_proof/2026/January/19/mission_3116875B) by extensions ['colcon_pkg']
[0.831s] Level 1:colcon.colcon_core.package_identification:_identify(cstam-pkg/mission_proof/2026/January/19/mission_3116875B) by extension 'colcon_pkg'
[0.832s] Level 1:colcon.colcon_core.package_identification:_identify(cstam-pkg/mission_proof/2026/January/19/mission_3116875B) by extensions ['colcon_meta']
[0.832s] Level 1:colcon.colcon_core.package_identification:_identify(cstam-pkg/mission_proof/2026/January/19/mission_3116875B) by extension 'colcon_meta'
[0.832s] Level 1:colcon.colcon_core.package_identification:_identify(cstam-pkg/mission_proof/2026/January/19/mission_3116875B) by extensions ['ros']
[0.832s] Level 1:colcon.colcon_core.package_identification:_identify(cstam-pkg/mission_proof/2026/January/19/mission_3116875B) by extension 'ros'
[0.832s] Level 1:colcon.colcon_core.package_identification:_identify(cstam-pkg/mission_proof/2026/January/19/mission_3116875B) by extensions ['cmake', 'python']
[0.832s] Level 1:colcon.colcon_core.package_identification:_identify(cstam-pkg/mission_proof/2026/January/19/mission_3116875B) by extension 'cmake'
[0.832s] Level 1:colcon.colcon_core.package_identification:_identify(cstam-pkg/mission_proof/2026/January/19/mission_3116875B) by extension 'python'
[0.832s] Level 1:colcon.colcon_core.package_identification:_identify(cstam-pkg/mission_proof/2026/January/19/mission_3116875B) by extensions ['python_setup_py']
[0.832s] Level 1:colcon.colcon_core.package_identification:_identify(cstam-pkg/mission_proof/2026/January/19/mission_3116875B) by extension 'python_setup_py'
[0.832s] Level 1:colcon.colcon_core.package_identification:_identify(cstam-pkg/mission_proof/2026/January/19/mission_319BCAA9) by extensions ['ignore', 'ignore_ament_install']
[0.832s] Level 1:colcon.colcon_core.package_identification:_identify(cstam-pkg/mission_proof/2026/January/19/mission_319BCAA9) by extension 'ignore'
[0.832s] Level 1:colcon.colcon_core.package_identification:_identify(cstam-pkg/mission_proof/2026/January/19/mission_319BCAA9) by extension 'ignore_ament_install'
[0.832s] Level 1:colcon.colcon_core.package_identification:_identify(cstam-pkg/mission_proof/2026/January/19/mission_319BCAA9) by extensions ['colcon_pkg']
[0.832s] Level 1:colcon.colcon_core.package_identification:_identify(cstam-pkg/mission_proof/2026/January/19/mission_319BCAA9) by extension 'colcon_pkg'
[0.832s] Level 1:colcon.colcon_core.package_identification:_identify(cstam-pkg/mission_proof/2026/January/19/mission_319BCAA9) by extensions ['colcon_meta']
[0.832s] Level 1:colcon.colcon_core.package_identification:_identify(cstam-pkg/mission_proof/2026/January/19/mission_319BCAA9) by extension 'colcon_meta'
[0.832s] Level 1:colcon.colcon_core.package_identification:_identify(cstam-pkg/mission_proof/2026/January/19/mission_319BCAA9) by extensions ['ros']
[0.832s] Level 1:colcon.colcon_core.package_identification:_identify(cstam-pkg/mission_proof/2026/January/19/mission_319BCAA9) by extension 'ros'
[0.832s] Level 1:colcon.colcon_core.package_identification:_identify(cstam-pkg/mission_proof/2026/January/19/mission_319BCAA9) by extensions ['cmake', 'python']
[0.832s] Level 1:colcon.colcon_core.package_identification:_identify(cstam-pkg/mission_proof/2026/January/19/mission_319BCAA9) by extension 'cmake'
[0.832s] Level 1:colcon.colcon_core.package_identification:_identify(cstam-pkg/mission_proof/2026/January/19/mission_319BCAA9) by extension 'python'
[0.832s] Level 1:colcon.colcon_core.package_identification:_identify(cstam-pkg/mission_proof/2026/January/19/mission_319BCAA9) by extensions ['python_setup_py']
[0.832s] Level 1:colcon.colcon_core.package_identification:_identify(cstam-pkg/mission_proof/2026/January/19/mission_319BCAA9) by extension 'python_setup_py'
[0.832s] Level 1:colcon.colcon_core.package_identification:_identify(cstam-pkg/mission_proof/2026/January/19/mission_33A91D86) by extensions ['ignore', 'ignore_ament_install']
[0.832s] Level 1:colcon.colcon_core.package_identification:_identify(cstam-pkg/mission_proof/2026/January/19/mission_33A91D86) by extension 'ignore'
[0.832s] Level 1:colcon.colcon_core.package_identification:_identify(cstam-pkg/mission_proof/2026/January/19/mission_33A91D86) by extension 'ignore_ament_install'
[0.832s] Level 1:colcon.colcon_core.package_identification:_identify(cstam-pkg/mission_proof/2026/January/19/mission_33A91D86) by extensions ['colcon_pkg']
[0.832s] Level 1:colcon.colcon_core.package_identification:_identify(cstam-pkg/mission_proof/2026/January/19/mission_33A91D86) by extension 'colcon_pkg'
[0.832s] Level 1:colcon.colcon_core.package_identification:_identify(cstam-pkg/mission_proof/2026/January/19/mission_33A91D86) by extensions ['colcon_meta']
[0.832s] Level 1:colcon.colcon_core.package_identification:_identify(cstam-pkg/mission_proof/2026/January/19/mission_33A91D86) by extension 'colcon_meta'
[0.832s] Level 1:colcon.colcon_core.package_identification:_identify(cstam-pkg/mission_proof/2026/January/19/mission_33A91D86) by extensions ['ros']
[0.832s] Level 1:colcon.colcon_core.package_identification:_identify(cstam-pkg/mission_proof/2026/January/19/mission_33A91D86) by extension 'ros'
[0.832s] Level 1:colcon.colcon_core.package_identification:_identify(cstam-pkg/mission_proof/2026/January/19/mission_33A91D86) by extensions ['cmake', 'python']
[0.832s] Level 1:colcon.colcon_core.package_identification:_identify(cstam-pkg/mission_proof/2026/January/19/mission_33A91D86) by extension 'cmake'
[0.832s] Level 1:colcon.colcon_core.package_identification:_identify(cstam-pkg/mission_proof/2026/January/19/mission_33A91D86) by extension 'python'
[0.832s] Level 1:colcon.colcon_core.package_identification:_identify(cstam-pkg/mission_proof/2026/January/19/mission_33A91D86) by extensions ['python_setup_py']
[0.832s] Level 1:colcon.colcon_core.package_identification:_identify(cstam-pkg/mission_proof/2026/January/19/mission_33A91D86) by extension 'python_setup_py'
[0.833s] Level 1:colcon.colcon_core.package_identification:_identify(cstam-pkg/mission_proof/2026/January/19/mission_368B2750) by extensions ['ignore', 'ignore_ament_install']
[0.833s] Level 1:colcon.colcon_core.package_identification:_identify(cstam-pkg/mission_proof/2026/January/19/mission_368B2750) by extension 'ignore'
[0.833s] Level 1:colcon.colcon_core.package_identification:_identify(cstam-pkg/mission_proof/2026/January/19/mission_368B2750) by extension 'ignore_ament_install'
[0.833s] Level 1:colcon.colcon_core.package_identification:_identify(cstam-pkg/mission_proof/2026/January/19/mission_368B2750) by extensions ['colcon_pkg']
[0.833s] Level 1:colcon.colcon_core.package_identification:_identify(cstam-pkg/mission_proof/2026/January/19/mission_368B2750) by extension 'colcon_pkg'
[0.833s] Level 1:colcon.colcon_core.package_identification:_identify(cstam-pkg/mission_proof/2026/January/19/mission_368B2750) by extensions ['colcon_meta']
[0.833s] Level 1:colcon.colcon_core.package_identification:_identify(cstam-pkg/mission_proof/2026/January/19/mission_368B2750) by extension 'colcon_meta'
[0.833s] Level 1:colcon.colcon_core.package_identification:_identify(cstam-pkg/mission_proof/2026/January/19/mission_368B2750) by extensions ['ros']
[0.833s] Level 1:colcon.colcon_core.package_identification:_identify(cstam-pkg/mission_proof/2026/January/19/mission_368B2750) by extension 'ros'
[0.833s] Level 1:colcon.colcon_core.package_identification:_identify(cstam-pkg/mission_proof/2026/January/19/mission_368B2750) by extensions ['cmake', 'python']
[0.833s] Level 1:colcon.colcon_core.package_identification:_identify(cstam-pkg/mission_proof/2026/January/19/mission_368B2750) by extension 'cmake'
[0.833s] Level 1:colcon.colcon_core.package_identification:_identify(cstam-pkg/mission_proof/2026/January/19/mission_368B2750) by extension 'python'
[0.833s] Level 1:colcon.colcon_core.package_identification:_identify(cstam-pkg/mission_proof/2026/January/19/mission_368B2750) by extensions ['python_setup_py']
[0.833s] Level 1:colcon.colcon_core.package_identification:_identify(cstam-pkg/mission_proof/2026/January/19/mission_368B2750) by extension 'python_setup_py'
[0.833s] Level 1:colcon.colcon_core.package_identification:_identify(cstam-pkg/mission_proof/2026/January/19/mission_3FBC6C43) by extensions ['ignore', 'ignore_ament_install']
[0.833s] Level 1:colcon.colcon_core.package_identification:_identify(cstam-pkg/mission_proof/2026/January/19/mission_3FBC6C43) by extension 'ignore'
[0.833s] Level 1:colcon.colcon_core.package_identification:_identify(cstam-pkg/mission_proof/2026/January/19/mission_3FBC6C43) by extension 'ignore_ament_install'
[0.833s] Level 1:colcon.colcon_core.package_identification:_identify(cstam-pkg/mission_proof/2026/January/19/mission_3FBC6C43) by extensions ['colcon_pkg']
[0.833s] Level 1:colcon.colcon_core.package_identification:_identify(cstam-pkg/mission_proof/2026/January/19/mission_3FBC6C43) by extension 'colcon_pkg'
[0.833s] Level 1:colcon.colcon_core.package_identification:_identify(cstam-pkg/mission_proof/2026/January/19/mission_3FBC6C43) by extensions ['colcon_meta']
[0.833s] Level 1:colcon.colcon_core.package_identification:_identify(cstam-pkg/mission_proof/2026/January/19/mission_3FBC6C43) by extension 'colcon_meta'
[0.833s] Level 1:colcon.colcon_core.package_identification:_identify(cstam-pkg/mission_proof/2026/January/19/mission_3FBC6C43) by extensions ['ros']
[0.833s] Level 1:colcon.colcon_core.package_identification:_identify(cstam-pkg/mission_proof/2026/January/19/mission_3FBC6C43) by extension 'ros'
[0.833s] Level 1:colcon.colcon_core.package_identification:_identify(cstam-pkg/mission_proof/2026/January/19/mission_3FBC6C43) by extensions ['cmake', 'python']
[0.833s] Level 1:colcon.colcon_core.package_identification:_identify(cstam-pkg/mission_proof/2026/January/19/mission_3FBC6C43) by extension 'cmake'
[0.833s] Level 1:colcon.colcon_core.package_identification:_identify(cstam-pkg/mission_proof/2026/January/19/mission_3FBC6C43) by extension 'python'
[0.833s] Level 1:colcon.colcon_core.package_identification:_identify(cstam-pkg/mission_proof/2026/January/19/mission_3FBC6C43) by extensions ['python_setup_py']
[0.833s] Level 1:colcon.colcon_core.package_identification:_identify(cstam-pkg/mission_proof/2026/January/19/mission_3FBC6C43) by extension 'python_setup_py'
[0.833s] Level 1:colcon.colcon_core.package_identification:_identify(cstam-pkg/mission_proof/2026/January/19/mission_44D834A9) by extensions ['ignore', 'ignore_ament_install']
[0.833s] Level 1:colcon.colcon_core.package_identification:_identify(cstam-pkg/mission_proof/2026/January/19/mission_44D834A9) by extension 'ignore'
[0.833s] Level 1:colcon.colcon_core.package_identification:_identify(cstam-pkg/mission_proof/2026/January/19/mission_44D834A9) by extension 'ignore_ament_install'
[0.833s] Level 1:colcon.colcon_core.package_identification:_identify(cstam-pkg/mission_proof/2026/January/19/mission_44D834A9) by extensions ['colcon_pkg']
[0.833s] Level 1:colcon.colcon_core.package_identification:_identify(cstam-pkg/mission_proof/2026/January/19/mission_44D834A9) by extension 'colcon_pkg'
[0.833s] Level 1:colcon.colcon_core.package_identification:_identify(cstam-pkg/mission_proof/2026/January/19/mission_44D834A9) by extensions ['colcon_meta']
[0.833s] Level 1:colcon.colcon_core.package_identification:_identify(cstam-pkg/mission_proof/2026/January/19/mission_44D834A9) by extension 'colcon_meta'
[0.833s] Level 1:colcon.colcon_core.package_identification:_identify(cstam-pkg/mission_proof/2026/January/19/mission_44D834A9) by extensions ['ros']
[0.833s] Level 1:colcon.colcon_core.package_identification:_identify(cstam-pkg/mission_proof/2026/January/19/mission_44D834A9) by extension 'ros'
[0.834s] Level 1:colcon.colcon_core.package_identification:_identify(cstam-pkg/mission_proof/2026/January/19/mission_44D834A9) by extensions ['cmake', 'python']
[0.834s] Level 1:colcon.colcon_core.package_identification:_identify(cstam-pkg/mission_proof/2026/January/19/mission_44D834A9) by extension 'cmake'
[0.834s] Level 1:colcon.colcon_core.package_identification:_identify(cstam-pkg/mission_proof/2026/January/19/mission_44D834A9) by extension 'python'
[0.834s] Level 1:colcon.colcon_core.package_identification:_identify(cstam-pkg/mission_proof/2026/January/19/mission_44D834A9) by extensions ['python_setup_py']
[0.834s] Level 1:colcon.colcon_core.package_identification:_identify(cstam-pkg/mission_proof/2026/January/19/mission_44D834A9) by extension 'python_setup_py'
[0.834s] Level 1:colcon.colcon_core.package_identification:_identify(cstam-pkg/mission_proof/2026/January/19/mission_4528749c) by extensions ['ignore', 'ignore_ament_install']
[0.834s] Level 1:colcon.colcon_core.package_identification:_identify(cstam-pkg/mission_proof/2026/January/19/mission_4528749c) by extension 'ignore'
[0.834s] Level 1:colcon.colcon_core.package_identification:_identify(cstam-pkg/mission_proof/2026/January/19/mission_4528749c) by extension 'ignore_ament_install'
[0.834s] Level 1:colcon.colcon_core.package_identification:_identify(cstam-pkg/mission_proof/2026/January/19/mission_4528749c) by extensions ['colcon_pkg']
[0.834s] Level 1:colcon.colcon_core.package_identification:_identify(cstam-pkg/mission_proof/2026/January/19/mission_4528749c) by extension 'colcon_pkg'
[0.834s] Level 1:colcon.colcon_core.package_identification:_identify(cstam-pkg/mission_proof/2026/January/19/mission_4528749c) by extensions ['colcon_meta']
[0.834s] Level 1:colcon.colcon_core.package_identification:_identify(cstam-pkg/mission_proof/2026/January/19/mission_4528749c) by extension 'colcon_meta'
[0.834s] Level 1:colcon.colcon_core.package_identification:_identify(cstam-pkg/mission_proof/2026/January/19/mission_4528749c) by extensions ['ros']
[0.834s] Level 1:colcon.colcon_core.package_identification:_identify(cstam-pkg/mission_proof/2026/January/19/mission_4528749c) by extension 'ros'
[0.834s] Level 1:colcon.colcon_core.package_identification:_identify(cstam-pkg/mission_proof/2026/January/19/mission_4528749c) by extensions ['cmake', 'python']
[0.834s] Level 1:colcon.colcon_core.package_identification:_identify(cstam-pkg/mission_proof/2026/January/19/mission_4528749c) by extension 'cmake'
[0.834s] Level 1:colcon.colcon_core.package_identification:_identify(cstam-pkg/mission_proof/2026/January/19/mission_4528749c) by extension 'python'
[0.834s] Level 1:colcon.colcon_core.package_identification:_identify(cstam-pkg/mission_proof/2026/January/19/mission_4528749c) by extensions ['python_setup_py']
[0.834s] Level 1:colcon.colcon_core.package_identification:_identify(cstam-pkg/mission_proof/2026/January/19/mission_4528749c) by extension 'python_setup_py'
[0.834s] Level 1:colcon.colcon_core.package_identification:_identify(cstam-pkg/mission_proof/2026/January/19/mission_45D32C5B) by extensions ['ignore', 'ignore_ament_install']
[0.834s] Level 1:colcon.colcon_core.package_identification:_identify(cstam-pkg/mission_proof/2026/January/19/mission_45D32C5B) by extension 'ignore'
[0.834s] Level 1:colcon.colcon_core.package_identification:_identify(cstam-pkg/mission_proof/2026/January/19/mission_45D32C5B) by extension 'ignore_ament_install'
[0.834s] Level 1:colcon.colcon_core.package_identification:_identify(cstam-pkg/mission_proof/2026/January/19/mission_45D32C5B) by extensions ['colcon_pkg']
[0.834s] Level 1:colcon.colcon_core.package_identification:_identify(cstam-pkg/mission_proof/2026/January/19/mission_45D32C5B) by extension 'colcon_pkg'
[0.834s] Level 1:colcon.colcon_core.package_identification:_identify(cstam-pkg/mission_proof/2026/January/19/mission_45D32C5B) by extensions ['colcon_meta']
[0.834s] Level 1:colcon.colcon_core.package_identification:_identify(cstam-pkg/mission_proof/2026/January/19/mission_45D32C5B) by extension 'colcon_meta'
[0.834s] Level 1:colcon.colcon_core.package_identification:_identify(cstam-pkg/mission_proof/2026/January/19/mission_45D32C5B) by extensions ['ros']
[0.834s] Level 1:colcon.colcon_core.package_identification:_identify(cstam-pkg/mission_proof/2026/January/19/mission_45D32C5B) by extension 'ros'
[0.834s] Level 1:colcon.colcon_core.package_identification:_identify(cstam-pkg/mission_proof/2026/January/19/mission_45D32C5B) by extensions ['cmake', 'python']
[0.834s] Level 1:colcon.colcon_core.package_identification:_identify(cstam-pkg/mission_proof/2026/January/19/mission_45D32C5B) by extension 'cmake'
[0.834s] Level 1:colcon.colcon_core.package_identification:_identify(cstam-pkg/mission_proof/2026/January/19/mission_45D32C5B) by extension 'python'
[0.834s] Level 1:colcon.colcon_core.package_identification:_identify(cstam-pkg/mission_proof/2026/January/19/mission_45D32C5B) by extensions ['python_setup_py']
[0.834s] Level 1:colcon.colcon_core.package_identification:_identify(cstam-pkg/mission_proof/2026/January/19/mission_45D32C5B) by extension 'python_setup_py'
[0.834s] Level 1:colcon.colcon_core.package_identification:_identify(cstam-pkg/mission_proof/2026/January/19/mission_48803747) by extensions ['ignore', 'ignore_ament_install']
[0.834s] Level 1:colcon.colcon_core.package_identification:_identify(cstam-pkg/mission_proof/2026/January/19/mission_48803747) by extension 'ignore'
[0.834s] Level 1:colcon.colcon_core.package_identification:_identify(cstam-pkg/mission_proof/2026/January/19/mission_48803747) by extension 'ignore_ament_install'
[0.835s] Level 1:colcon.colcon_core.package_identification:_identify(cstam-pkg/mission_proof/2026/January/19/mission_48803747) by extensions ['colcon_pkg']
[0.835s] Level 1:colcon.colcon_core.package_identification:_identify(cstam-pkg/mission_proof/2026/January/19/mission_48803747) by extension 'colcon_pkg'
[0.835s] Level 1:colcon.colcon_core.package_identification:_identify(cstam-pkg/mission_proof/2026/January/19/mission_48803747) by extensions ['colcon_meta']
[0.835s] Level 1:colcon.colcon_core.package_identification:_identify(cstam-pkg/mission_proof/2026/January/19/mission_48803747) by extension 'colcon_meta'
[0.835s] Level 1:colcon.colcon_core.package_identification:_identify(cstam-pkg/mission_proof/2026/January/19/mission_48803747) by extensions ['ros']
[0.835s] Level 1:colcon.colcon_core.package_identification:_identify(cstam-pkg/mission_proof/2026/January/19/mission_48803747) by extension 'ros'
[0.835s] Level 1:colcon.colcon_core.package_identification:_identify(cstam-pkg/mission_proof/2026/January/19/mission_48803747) by extensions ['cmake', 'python']
[0.835s] Level 1:colcon.colcon_core.package_identification:_identify(cstam-pkg/mission_proof/2026/January/19/mission_48803747) by extension 'cmake'
[0.835s] Level 1:colcon.colcon_core.package_identification:_identify(cstam-pkg/mission_proof/2026/January/19/mission_48803747) by extension 'python'
[0.835s] Level 1:colcon.colcon_core.package_identification:_identify(cstam-pkg/mission_proof/2026/January/19/mission_48803747) by extensions ['python_setup_py']
[0.835s] Level 1:colcon.colcon_core.package_identification:_identify(cstam-pkg/mission_proof/2026/January/19/mission_48803747) by extension 'python_setup_py'
[0.835s] Level 1:colcon.colcon_core.package_identification:_identify(cstam-pkg/mission_proof/2026/January/19/mission_53B19F30) by extensions ['ignore', 'ignore_ament_install']
[0.835s] Level 1:colcon.colcon_core.package_identification:_identify(cstam-pkg/mission_proof/2026/January/19/mission_53B19F30) by extension 'ignore'
[0.835s] Level 1:colcon.colcon_core.package_identification:_identify(cstam-pkg/mission_proof/2026/January/19/mission_53B19F30) by extension 'ignore_ament_install'
[0.835s] Level 1:colcon.colcon_core.package_identification:_identify(cstam-pkg/mission_proof/2026/January/19/mission_53B19F30) by extensions ['colcon_pkg']
[0.835s] Level 1:colcon.colcon_core.package_identification:_identify(cstam-pkg/mission_proof/2026/January/19/mission_53B19F30) by extension 'colcon_pkg'
[0.835s] Level 1:colcon.colcon_core.package_identification:_identify(cstam-pkg/mission_proof/2026/January/19/mission_53B19F30) by extensions ['colcon_meta']
[0.835s] Level 1:colcon.colcon_core.package_identification:_identify(cstam-pkg/mission_proof/2026/January/19/mission_53B19F30) by extension 'colcon_meta'
[0.835s] Level 1:colcon.colcon_core.package_identification:_identify(cstam-pkg/mission_proof/2026/January/19/mission_53B19F30) by extensions ['ros']
[0.835s] Level 1:colcon.colcon_core.package_identification:_identify(cstam-pkg/mission_proof/2026/January/19/mission_53B19F30) by extension 'ros'
[0.835s] Level 1:colcon.colcon_core.package_identification:_identify(cstam-pkg/mission_proof/2026/January/19/mission_53B19F30) by extensions ['cmake', 'python']
[0.835s] Level 1:colcon.colcon_core.package_identification:_identify(cstam-pkg/mission_proof/2026/January/19/mission_53B19F30) by extension 'cmake'
[0.835s] Level 1:colcon.colcon_core.package_identification:_identify(cstam-pkg/mission_proof/2026/January/19/mission_53B19F30) by extension 'python'
[0.835s] Level 1:colcon.colcon_core.package_identification:_identify(cstam-pkg/mission_proof/2026/January/19/mission_53B19F30) by extensions ['python_setup_py']
[0.835s] Level 1:colcon.colcon_core.package_identification:_identify(cstam-pkg/mission_proof/2026/January/19/mission_53B19F30) by extension 'python_setup_py'
[0.835s] Level 1:colcon.colcon_core.package_identification:_identify(cstam-pkg/mission_proof/2026/January/19/mission_55615903) by extensions ['ignore', 'ignore_ament_install']
[0.835s] Level 1:colcon.colcon_core.package_identification:_identify(cstam-pkg/mission_proof/2026/January/19/mission_55615903) by extension 'ignore'
[0.835s] Level 1:colcon.colcon_core.package_identification:_identify(cstam-pkg/mission_proof/2026/January/19/mission_55615903) by extension 'ignore_ament_install'
[0.835s] Level 1:colcon.colcon_core.package_identification:_identify(cstam-pkg/mission_proof/2026/January/19/mission_55615903) by extensions ['colcon_pkg']
[0.835s] Level 1:colcon.colcon_core.package_identification:_identify(cstam-pkg/mission_proof/2026/January/19/mission_55615903) by extension 'colcon_pkg'
[0.835s] Level 1:colcon.colcon_core.package_identification:_identify(cstam-pkg/mission_proof/2026/January/19/mission_55615903) by extensions ['colcon_meta']
[0.835s] Level 1:colcon.colcon_core.package_identification:_identify(cstam-pkg/mission_proof/2026/January/19/mission_55615903) by extension 'colcon_meta'
[0.835s] Level 1:colcon.colcon_core.package_identification:_identify(cstam-pkg/mission_proof/2026/January/19/mission_55615903) by extensions ['ros']
[0.835s] Level 1:colcon.colcon_core.package_identification:_identify(cstam-pkg/mission_proof/2026/January/19/mission_55615903) by extension 'ros'
[0.835s] Level 1:colcon.colcon_core.package_identification:_identify(cstam-pkg/mission_proof/2026/January/19/mission_55615903) by extensions ['cmake', 'python']
[0.835s] Level 1:colcon.colcon_core.package_identification:_identify(cstam-pkg/mission_proof/2026/January/19/mission_55615903) by extension 'cmake'
[0.835s] Level 1:colcon.colcon_core.package_identification:_identify(cstam-pkg/mission_proof/2026/January/19/mission_55615903) by extension 'python'
[0.835s] Level 1:colcon.colcon_core.package_identification:_identify(cstam-pkg/mission_proof/2026/January/19/mission_55615903) by extensions ['python_setup_py']
[0.835s] Level 1:colcon.colcon_core.package_identification:_identify(cstam-pkg/mission_proof/2026/January/19/mission_55615903) by extension 'python_setup_py'
[0.836s] Level 1:colcon.colcon_core.package_identification:_identify(cstam-pkg/mission_proof/2026/January/19/mission_5A313541) by extensions ['ignore', 'ignore_ament_install']
[0.836s] Level 1:colcon.colcon_core.package_identification:_identify(cstam-pkg/mission_proof/2026/January/19/mission_5A313541) by extension 'ignore'
[0.836s] Level 1:colcon.colcon_core.package_identification:_identify(cstam-pkg/mission_proof/2026/January/19/mission_5A313541) by extension 'ignore_ament_install'
[0.836s] Level 1:colcon.colcon_core.package_identification:_identify(cstam-pkg/mission_proof/2026/January/19/mission_5A313541) by extensions ['colcon_pkg']
[0.836s] Level 1:colcon.colcon_core.package_identification:_identify(cstam-pkg/mission_proof/2026/January/19/mission_5A313541) by extension 'colcon_pkg'
[0.836s] Level 1:colcon.colcon_core.package_identification:_identify(cstam-pkg/mission_proof/2026/January/19/mission_5A313541) by extensions ['colcon_meta']
[0.836s] Level 1:colcon.colcon_core.package_identification:_identify(cstam-pkg/mission_proof/2026/January/19/mission_5A313541) by extension 'colcon_meta'
[0.836s] Level 1:colcon.colcon_core.package_identification:_identify(cstam-pkg/mission_proof/2026/January/19/mission_5A313541) by extensions ['ros']
[0.836s] Level 1:colcon.colcon_core.package_identification:_identify(cstam-pkg/mission_proof/2026/January/19/mission_5A313541) by extension 'ros'
[0.836s] Level 1:colcon.colcon_core.package_identification:_identify(cstam-pkg/mission_proof/2026/January/19/mission_5A313541) by extensions ['cmake', 'python']
[0.836s] Level 1:colcon.colcon_core.package_identification:_identify(cstam-pkg/mission_proof/2026/January/19/mission_5A313541) by extension 'cmake'
[0.836s] Level 1:colcon.colcon_core.package_identification:_identify(cstam-pkg/mission_proof/2026/January/19/mission_5A313541) by extension 'python'
[0.836s] Level 1:colcon.colcon_core.package_identification:_identify(cstam-pkg/mission_proof/2026/January/19/mission_5A313541) by extensions ['python_setup_py']
[0.836s] Level 1:colcon.colcon_core.package_identification:_identify(cstam-pkg/mission_proof/2026/January/19/mission_5A313541) by extension 'python_setup_py'
[0.836s] Level 1:colcon.colcon_core.package_identification:_identify(cstam-pkg/mission_proof/2026/January/19/mission_5F372782) by extensions ['ignore', 'ignore_ament_install']
[0.836s] Level 1:colcon.colcon_core.package_identification:_identify(cstam-pkg/mission_proof/2026/January/19/mission_5F372782) by extension 'ignore'
[0.836s] Level 1:colcon.colcon_core.package_identification:_identify(cstam-pkg/mission_proof/2026/January/19/mission_5F372782) by extension 'ignore_ament_install'
[0.836s] Level 1:colcon.colcon_core.package_identification:_identify(cstam-pkg/mission_proof/2026/January/19/mission_5F372782) by extensions ['colcon_pkg']
[0.836s] Level 1:colcon.colcon_core.package_identification:_identify(cstam-pkg/mission_proof/2026/January/19/mission_5F372782) by extension 'colcon_pkg'
[0.836s] Level 1:colcon.colcon_core.package_identification:_identify(cstam-pkg/mission_proof/2026/January/19/mission_5F372782) by extensions ['colcon_meta']
[0.836s] Level 1:colcon.colcon_core.package_identification:_identify(cstam-pkg/mission_proof/2026/January/19/mission_5F372782) by extension 'colcon_meta'
[0.836s] Level 1:colcon.colcon_core.package_identification:_identify(cstam-pkg/mission_proof/2026/January/19/mission_5F372782) by extensions ['ros']
[0.836s] Level 1:colcon.colcon_core.package_identification:_identify(cstam-pkg/mission_proof/2026/January/19/mission_5F372782) by extension 'ros'
[0.836s] Level 1:colcon.colcon_core.package_identification:_identify(cstam-pkg/mission_proof/2026/January/19/mission_5F372782) by extensions ['cmake', 'python']
[0.836s] Level 1:colcon.colcon_core.package_identification:_identify(cstam-pkg/mission_proof/2026/January/19/mission_5F372782) by extension 'cmake'
[0.836s] Level 1:colcon.colcon_core.package_identification:_identify(cstam-pkg/mission_proof/2026/January/19/mission_5F372782) by extension 'python'
[0.836s] Level 1:colcon.colcon_core.package_identification:_identify(cstam-pkg/mission_proof/2026/January/19/mission_5F372782) by extensions ['python_setup_py']
[0.836s] Level 1:colcon.colcon_core.package_identification:_identify(cstam-pkg/mission_proof/2026/January/19/mission_5F372782) by extension 'python_setup_py'
[0.836s] Level 1:colcon.colcon_core.package_identification:_identify(cstam-pkg/mission_proof/2026/January/19/mission_636f1563) by extensions ['ignore', 'ignore_ament_install']
[0.836s] Level 1:colcon.colcon_core.package_identification:_identify(cstam-pkg/mission_proof/2026/January/19/mission_636f1563) by extension 'ignore'
[0.836s] Level 1:colcon.colcon_core.package_identification:_identify(cstam-pkg/mission_proof/2026/January/19/mission_636f1563) by extension 'ignore_ament_install'
[0.836s] Level 1:colcon.colcon_core.package_identification:_identify(cstam-pkg/mission_proof/2026/January/19/mission_636f1563) by extensions ['colcon_pkg']
[0.836s] Level 1:colcon.colcon_core.package_identification:_identify(cstam-pkg/mission_proof/2026/January/19/mission_636f1563) by extension 'colcon_pkg'
[0.836s] Level 1:colcon.colcon_core.package_identification:_identify(cstam-pkg/mission_proof/2026/January/19/mission_636f1563) by extensions ['colcon_meta']
[0.836s] Level 1:colcon.colcon_core.package_identification:_identify(cstam-pkg/mission_proof/2026/January/19/mission_636f1563) by extension 'colcon_meta'
[0.837s] Level 1:colcon.colcon_core.package_identification:_identify(cstam-pkg/mission_proof/2026/January/19/mission_636f1563) by extensions ['ros']
[0.837s] Level 1:colcon.colcon_core.package_identification:_identify(cstam-pkg/mission_proof/2026/January/19/mission_636f1563) by extension 'ros'
[0.837s] Level 1:colcon.colcon_core.package_identification:_identify(cstam-pkg/mission_proof/2026/January/19/mission_636f1563) by extensions ['cmake', 'python']
[0.837s] Level 1:colcon.colcon_core.package_identification:_identify(cstam-pkg/mission_proof/2026/January/19/mission_636f1563) by extension 'cmake'
[0.837s] Level 1:colcon.colcon_core.package_identification:_identify(cstam-pkg/mission_proof/2026/January/19/mission_636f1563) by extension 'python'
[0.837s] Level 1:colcon.colcon_core.package_identification:_identify(cstam-pkg/mission_proof/2026/January/19/mission_636f1563) by extensions ['python_setup_py']
[0.837s] Level 1:colcon.colcon_core.package_identification:_identify(cstam-pkg/mission_proof/2026/January/19/mission_636f1563) by extension 'python_setup_py'
[0.837s] Level 1:colcon.colcon_core.package_identification:_identify(cstam-pkg/mission_proof/2026/January/19/mission_68222BAF) by extensions ['ignore', 'ignore_ament_install']
[0.837s] Level 1:colcon.colcon_core.package_identification:_identify(cstam-pkg/mission_proof/2026/January/19/mission_68222BAF) by extension 'ignore'
[0.837s] Level 1:colcon.colcon_core.package_identification:_identify(cstam-pkg/mission_proof/2026/January/19/mission_68222BAF) by extension 'ignore_ament_install'
[0.837s] Level 1:colcon.colcon_core.package_identification:_identify(cstam-pkg/mission_proof/2026/January/19/mission_68222BAF) by extensions ['colcon_pkg']
[0.837s] Level 1:colcon.colcon_core.package_identification:_identify(cstam-pkg/mission_proof/2026/January/19/mission_68222BAF) by extension 'colcon_pkg'
[0.837s] Level 1:colcon.colcon_core.package_identification:_identify(cstam-pkg/mission_proof/2026/January/19/mission_68222BAF) by extensions ['colcon_meta']
[0.837s] Level 1:colcon.colcon_core.package_identification:_identify(cstam-pkg/mission_proof/2026/January/19/mission_68222BAF) by extension 'colcon_meta'
[0.837s] Level 1:colcon.colcon_core.package_identification:_identify(cstam-pkg/mission_proof/2026/January/19/mission_68222BAF) by extensions ['ros']
[0.837s] Level 1:colcon.colcon_core.package_identification:_identify(cstam-pkg/mission_proof/2026/January/19/mission_68222BAF) by extension 'ros'
[0.837s] Level 1:colcon.colcon_core.package_identification:_identify(cstam-pkg/mission_proof/2026/January/19/mission_68222BAF) by extensions ['cmake', 'python']
[0.837s] Level 1:colcon.colcon_core.package_identification:_identify(cstam-pkg/mission_proof/2026/January/19/mission_68222BAF) by extension 'cmake'
[0.837s] Level 1:colcon.colcon_core.package_identification:_identify(cstam-pkg/mission_proof/2026/January/19/mission_68222BAF) by extension 'python'
[0.837s] Level 1:colcon.colcon_core.package_identification:_identify(cstam-pkg/mission_proof/2026/January/19/mission_68222BAF) by extensions ['python_setup_py']
[0.837s] Level 1:colcon.colcon_core.package_identification:_identify(cstam-pkg/mission_proof/2026/January/19/mission_68222BAF) by extension 'python_setup_py'
[0.837s] Level 1:colcon.colcon_core.package_identification:_identify(cstam-pkg/mission_proof/2026/January/19/mission_71A32B0F) by extensions ['ignore', 'ignore_ament_install']
[0.837s] Level 1:colcon.colcon_core.package_identification:_identify(cstam-pkg/mission_proof/2026/January/19/mission_71A32B0F) by extension 'ignore'
[0.837s] Level 1:colcon.colcon_core.package_identification:_identify(cstam-pkg/mission_proof/2026/January/19/mission_71A32B0F) by extension 'ignore_ament_install'
[0.837s] Level 1:colcon.colcon_core.package_identification:_identify(cstam-pkg/mission_proof/2026/January/19/mission_71A32B0F) by extensions ['colcon_pkg']
[0.837s] Level 1:colcon.colcon_core.package_identification:_identify(cstam-pkg/mission_proof/2026/January/19/mission_71A32B0F) by extension 'colcon_pkg'
[0.837s] Level 1:colcon.colcon_core.package_identification:_identify(cstam-pkg/mission_proof/2026/January/19/mission_71A32B0F) by extensions ['colcon_meta']
[0.837s] Level 1:colcon.colcon_core.package_identification:_identify(cstam-pkg/mission_proof/2026/January/19/mission_71A32B0F) by extension 'colcon_meta'
[0.837s] Level 1:colcon.colcon_core.package_identification:_identify(cstam-pkg/mission_proof/2026/January/19/mission_71A32B0F) by extensions ['ros']
[0.837s] Level 1:colcon.colcon_core.package_identification:_identify(cstam-pkg/mission_proof/2026/January/19/mission_71A32B0F) by extension 'ros'
[0.837s] Level 1:colcon.colcon_core.package_identification:_identify(cstam-pkg/mission_proof/2026/January/19/mission_71A32B0F) by extensions ['cmake', 'python']
[0.837s] Level 1:colcon.colcon_core.package_identification:_identify(cstam-pkg/mission_proof/2026/January/19/mission_71A32B0F) by extension 'cmake'
[0.837s] Level 1:colcon.colcon_core.package_identification:_identify(cstam-pkg/mission_proof/2026/January/19/mission_71A32B0F) by extension 'python'
[0.837s] Level 1:colcon.colcon_core.package_identification:_identify(cstam-pkg/mission_proof/2026/January/19/mission_71A32B0F) by extensions ['python_setup_py']
[0.837s] Level 1:colcon.colcon_core.package_identification:_identify(cstam-pkg/mission_proof/2026/January/19/mission_71A32B0F) by extension 'python_setup_py'
[0.837s] Level 1:colcon.colcon_core.package_identification:_identify(cstam-pkg/mission_proof/2026/January/19/mission_72253364) by extensions ['ignore', 'ignore_ament_install']
[0.838s] Level 1:colcon.colcon_core.package_identification:_identify(cstam-pkg/mission_proof/2026/January/19/mission_72253364) by extension 'ignore'
[0.838s] Level 1:colcon.colcon_core.package_identification:_identify(cstam-pkg/mission_proof/2026/January/19/mission_72253364) by extension 'ignore_ament_install'
[0.838s] Level 1:colcon.colcon_core.package_identification:_identify(cstam-pkg/mission_proof/2026/January/19/mission_72253364) by extensions ['colcon_pkg']
[0.838s] Level 1:colcon.colcon_core.package_identification:_identify(cstam-pkg/mission_proof/2026/January/19/mission_72253364) by extension 'colcon_pkg'
[0.838s] Level 1:colcon.colcon_core.package_identification:_identify(cstam-pkg/mission_proof/2026/January/19/mission_72253364) by extensions ['colcon_meta']
[0.838s] Level 1:colcon.colcon_core.package_identification:_identify(cstam-pkg/mission_proof/2026/January/19/mission_72253364) by extension 'colcon_meta'
[0.838s] Level 1:colcon.colcon_core.package_identification:_identify(cstam-pkg/mission_proof/2026/January/19/mission_72253364) by extensions ['ros']
[0.838s] Level 1:colcon.colcon_core.package_identification:_identify(cstam-pkg/mission_proof/2026/January/19/mission_72253364) by extension 'ros'
[0.838s] Level 1:colcon.colcon_core.package_identification:_identify(cstam-pkg/mission_proof/2026/January/19/mission_72253364) by extensions ['cmake', 'python']
[0.838s] Level 1:colcon.colcon_core.package_identification:_identify(cstam-pkg/mission_proof/2026/January/19/mission_72253364) by extension 'cmake'
[0.838s] Level 1:colcon.colcon_core.package_identification:_identify(cstam-pkg/mission_proof/2026/January/19/mission_72253364) by extension 'python'
[0.838s] Level 1:colcon.colcon_core.package_identification:_identify(cstam-pkg/mission_proof/2026/January/19/mission_72253364) by extensions ['python_setup_py']
[0.838s] Level 1:colcon.colcon_core.package_identification:_identify(cstam-pkg/mission_proof/2026/January/19/mission_72253364) by extension 'python_setup_py'
[0.838s] Level 1:colcon.colcon_core.package_identification:_identify(cstam-pkg/mission_proof/2026/January/19/mission_79CDD317) by extensions ['ignore', 'ignore_ament_install']
[0.838s] Level 1:colcon.colcon_core.package_identification:_identify(cstam-pkg/mission_proof/2026/January/19/mission_79CDD317) by extension 'ignore'
[0.838s] Level 1:colcon.colcon_core.package_identification:_identify(cstam-pkg/mission_proof/2026/January/19/mission_79CDD317) by extension 'ignore_ament_install'
[0.838s] Level 1:colcon.colcon_core.package_identification:_identify(cstam-pkg/mission_proof/2026/January/19/mission_79CDD317) by extensions ['colcon_pkg']
[0.838s] Level 1:colcon.colcon_core.package_identification:_identify(cstam-pkg/mission_proof/2026/January/19/mission_79CDD317) by extension 'colcon_pkg'
[0.838s] Level 1:colcon.colcon_core.package_identification:_identify(cstam-pkg/mission_proof/2026/January/19/mission_79CDD317) by extensions ['colcon_meta']
[0.838s] Level 1:colcon.colcon_core.package_identification:_identify(cstam-pkg/mission_proof/2026/January/19/mission_79CDD317) by extension 'colcon_meta'
[0.838s] Level 1:colcon.colcon_core.package_identification:_identify(cstam-pkg/mission_proof/2026/January/19/mission_79CDD317) by extensions ['ros']
[0.838s] Level 1:colcon.colcon_core.package_identification:_identify(cstam-pkg/mission_proof/2026/January/19/mission_79CDD317) by extension 'ros'
[0.838s] Level 1:colcon.colcon_core.package_identification:_identify(cstam-pkg/mission_proof/2026/January/19/mission_79CDD317) by extensions ['cmake', 'python']
[0.838s] Level 1:colcon.colcon_core.package_identification:_identify(cstam-pkg/mission_proof/2026/January/19/mission_79CDD317) by extension 'cmake'
[0.838s] Level 1:colcon.colcon_core.package_identification:_identify(cstam-pkg/mission_proof/2026/January/19/mission_79CDD317) by extension 'python'
[0.838s] Level 1:colcon.colcon_core.package_identification:_identify(cstam-pkg/mission_proof/2026/January/19/mission_79CDD317) by extensions ['python_setup_py']
[0.838s] Level 1:colcon.colcon_core.package_identification:_identify(cstam-pkg/mission_proof/2026/January/19/mission_79CDD317) by extension 'python_setup_py'
[0.838s] Level 1:colcon.colcon_core.package_identification:_identify(cstam-pkg/mission_proof/2026/January/19/mission_7F2E175D) by extensions ['ignore', 'ignore_ament_install']
[0.838s] Level 1:colcon.colcon_core.package_identification:_identify(cstam-pkg/mission_proof/2026/January/19/mission_7F2E175D) by extension 'ignore'
[0.838s] Level 1:colcon.colcon_core.package_identification:_identify(cstam-pkg/mission_proof/2026/January/19/mission_7F2E175D) by extension 'ignore_ament_install'
[0.838s] Level 1:colcon.colcon_core.package_identification:_identify(cstam-pkg/mission_proof/2026/January/19/mission_7F2E175D) by extensions ['colcon_pkg']
[0.838s] Level 1:colcon.colcon_core.package_identification:_identify(cstam-pkg/mission_proof/2026/January/19/mission_7F2E175D) by extension 'colcon_pkg'
[0.838s] Level 1:colcon.colcon_core.package_identification:_identify(cstam-pkg/mission_proof/2026/January/19/mission_7F2E175D) by extensions ['colcon_meta']
[0.838s] Level 1:colcon.colcon_core.package_identification:_identify(cstam-pkg/mission_proof/2026/January/19/mission_7F2E175D) by extension 'colcon_meta'
[0.838s] Level 1:colcon.colcon_core.package_identification:_identify(cstam-pkg/mission_proof/2026/January/19/mission_7F2E175D) by extensions ['ros']
[0.838s] Level 1:colcon.colcon_core.package_identification:_identify(cstam-pkg/mission_proof/2026/January/19/mission_7F2E175D) by extension 'ros'
[0.838s] Level 1:colcon.colcon_core.package_identification:_identify(cstam-pkg/mission_proof/2026/January/19/mission_7F2E175D) by extensions ['cmake', 'python']
[0.838s] Level 1:colcon.colcon_core.package_identification:_identify(cstam-pkg/mission_proof/2026/January/19/mission_7F2E175D) by extension 'cmake'
[0.839s] Level 1:colcon.colcon_core.package_identification:_identify(cstam-pkg/mission_proof/2026/January/19/mission_7F2E175D) by extension 'python'
[0.839s] Level 1:colcon.colcon_core.package_identification:_identify(cstam-pkg/mission_proof/2026/January/19/mission_7F2E175D) by extensions ['python_setup_py']
[0.839s] Level 1:colcon.colcon_core.package_identification:_identify(cstam-pkg/mission_proof/2026/January/19/mission_7F2E175D) by extension 'python_setup_py'
[0.839s] Level 1:colcon.colcon_core.package_identification:_identify(cstam-pkg/mission_proof/2026/January/19/mission_911D374C) by extensions ['ignore', 'ignore_ament_install']
[0.839s] Level 1:colcon.colcon_core.package_identification:_identify(cstam-pkg/mission_proof/2026/January/19/mission_911D374C) by extension 'ignore'
[0.839s] Level 1:colcon.colcon_core.package_identification:_identify(cstam-pkg/mission_proof/2026/January/19/mission_911D374C) by extension 'ignore_ament_install'
[0.839s] Level 1:colcon.colcon_core.package_identification:_identify(cstam-pkg/mission_proof/2026/January/19/mission_911D374C) by extensions ['colcon_pkg']
[0.839s] Level 1:colcon.colcon_core.package_identification:_identify(cstam-pkg/mission_proof/2026/January/19/mission_911D374C) by extension 'colcon_pkg'
[0.839s] Level 1:colcon.colcon_core.package_identification:_identify(cstam-pkg/mission_proof/2026/January/19/mission_911D374C) by extensions ['colcon_meta']
[0.839s] Level 1:colcon.colcon_core.package_identification:_identify(cstam-pkg/mission_proof/2026/January/19/mission_911D374C) by extension 'colcon_meta'
[0.839s] Level 1:colcon.colcon_core.package_identification:_identify(cstam-pkg/mission_proof/2026/January/19/mission_911D374C) by extensions ['ros']
[0.839s] Level 1:colcon.colcon_core.package_identification:_identify(cstam-pkg/mission_proof/2026/January/19/mission_911D374C) by extension 'ros'
[0.839s] Level 1:colcon.colcon_core.package_identification:_identify(cstam-pkg/mission_proof/2026/January/19/mission_911D374C) by extensions ['cmake', 'python']
[0.839s] Level 1:colcon.colcon_core.package_identification:_identify(cstam-pkg/mission_proof/2026/January/19/mission_911D374C) by extension 'cmake'
[0.839s] Level 1:colcon.colcon_core.package_identification:_identify(cstam-pkg/mission_proof/2026/January/19/mission_911D374C) by extension 'python'
[0.839s] Level 1:colcon.colcon_core.package_identification:_identify(cstam-pkg/mission_proof/2026/January/19/mission_911D374C) by extensions ['python_setup_py']
[0.839s] Level 1:colcon.colcon_core.package_identification:_identify(cstam-pkg/mission_proof/2026/January/19/mission_911D374C) by extension 'python_setup_py'
[0.839s] Level 1:colcon.colcon_core.package_identification:_identify(cstam-pkg/mission_proof/2026/January/19/mission_9160a40b) by extensions ['ignore', 'ignore_ament_install']
[0.839s] Level 1:colcon.colcon_core.package_identification:_identify(cstam-pkg/mission_proof/2026/January/19/mission_9160a40b) by extension 'ignore'
[0.839s] Level 1:colcon.colcon_core.package_identification:_identify(cstam-pkg/mission_proof/2026/January/19/mission_9160a40b) by extension 'ignore_ament_install'
[0.839s] Level 1:colcon.colcon_core.package_identification:_identify(cstam-pkg/mission_proof/2026/January/19/mission_9160a40b) by extensions ['colcon_pkg']
[0.839s] Level 1:colcon.colcon_core.package_identification:_identify(cstam-pkg/mission_proof/2026/January/19/mission_9160a40b) by extension 'colcon_pkg'
[0.839s] Level 1:colcon.colcon_core.package_identification:_identify(cstam-pkg/mission_proof/2026/January/19/mission_9160a40b) by extensions ['colcon_meta']
[0.839s] Level 1:colcon.colcon_core.package_identification:_identify(cstam-pkg/mission_proof/2026/January/19/mission_9160a40b) by extension 'colcon_meta'
[0.839s] Level 1:colcon.colcon_core.package_identification:_identify(cstam-pkg/mission_proof/2026/January/19/mission_9160a40b) by extensions ['ros']
[0.839s] Level 1:colcon.colcon_core.package_identification:_identify(cstam-pkg/mission_proof/2026/January/19/mission_9160a40b) by extension 'ros'
[0.839s] Level 1:colcon.colcon_core.package_identification:_identify(cstam-pkg/mission_proof/2026/January/19/mission_9160a40b) by extensions ['cmake', 'python']
[0.839s] Level 1:colcon.colcon_core.package_identification:_identify(cstam-pkg/mission_proof/2026/January/19/mission_9160a40b) by extension 'cmake'
[0.839s] Level 1:colcon.colcon_core.package_identification:_identify(cstam-pkg/mission_proof/2026/January/19/mission_9160a40b) by extension 'python'
[0.839s] Level 1:colcon.colcon_core.package_identification:_identify(cstam-pkg/mission_proof/2026/January/19/mission_9160a40b) by extensions ['python_setup_py']
[0.839s] Level 1:colcon.colcon_core.package_identification:_identify(cstam-pkg/mission_proof/2026/January/19/mission_9160a40b) by extension 'python_setup_py'
[0.839s] Level 1:colcon.colcon_core.package_identification:_identify(cstam-pkg/mission_proof/2026/January/19/mission_98869188) by extensions ['ignore', 'ignore_ament_install']
[0.839s] Level 1:colcon.colcon_core.package_identification:_identify(cstam-pkg/mission_proof/2026/January/19/mission_98869188) by extension 'ignore'
[0.839s] Level 1:colcon.colcon_core.package_identification:_identify(cstam-pkg/mission_proof/2026/January/19/mission_98869188) by extension 'ignore_ament_install'
[0.839s] Level 1:colcon.colcon_core.package_identification:_identify(cstam-pkg/mission_proof/2026/January/19/mission_98869188) by extensions ['colcon_pkg']
[0.839s] Level 1:colcon.colcon_core.package_identification:_identify(cstam-pkg/mission_proof/2026/January/19/mission_98869188) by extension 'colcon_pkg'
[0.840s] Level 1:colcon.colcon_core.package_identification:_identify(cstam-pkg/mission_proof/2026/January/19/mission_98869188) by extensions ['colcon_meta']
[0.840s] Level 1:colcon.colcon_core.package_identification:_identify(cstam-pkg/mission_proof/2026/January/19/mission_98869188) by extension 'colcon_meta'
[0.840s] Level 1:colcon.colcon_core.package_identification:_identify(cstam-pkg/mission_proof/2026/January/19/mission_98869188) by extensions ['ros']
[0.840s] Level 1:colcon.colcon_core.package_identification:_identify(cstam-pkg/mission_proof/2026/January/19/mission_98869188) by extension 'ros'
[0.840s] Level 1:colcon.colcon_core.package_identification:_identify(cstam-pkg/mission_proof/2026/January/19/mission_98869188) by extensions ['cmake', 'python']
[0.840s] Level 1:colcon.colcon_core.package_identification:_identify(cstam-pkg/mission_proof/2026/January/19/mission_98869188) by extension 'cmake'
[0.840s] Level 1:colcon.colcon_core.package_identification:_identify(cstam-pkg/mission_proof/2026/January/19/mission_98869188) by extension 'python'
[0.840s] Level 1:colcon.colcon_core.package_identification:_identify(cstam-pkg/mission_proof/2026/January/19/mission_98869188) by extensions ['python_setup_py']
[0.840s] Level 1:colcon.colcon_core.package_identification:_identify(cstam-pkg/mission_proof/2026/January/19/mission_98869188) by extension 'python_setup_py'
[0.840s] Level 1:colcon.colcon_core.package_identification:_identify(cstam-pkg/mission_proof/2026/January/19/mission_9FAC8D93) by extensions ['ignore', 'ignore_ament_install']
[0.840s] Level 1:colcon.colcon_core.package_identification:_identify(cstam-pkg/mission_proof/2026/January/19/mission_9FAC8D93) by extension 'ignore'
[0.840s] Level 1:colcon.colcon_core.package_identification:_identify(cstam-pkg/mission_proof/2026/January/19/mission_9FAC8D93) by extension 'ignore_ament_install'
[0.840s] Level 1:colcon.colcon_core.package_identification:_identify(cstam-pkg/mission_proof/2026/January/19/mission_9FAC8D93) by extensions ['colcon_pkg']
[0.840s] Level 1:colcon.colcon_core.package_identification:_identify(cstam-pkg/mission_proof/2026/January/19/mission_9FAC8D93) by extension 'colcon_pkg'
[0.840s] Level 1:colcon.colcon_core.package_identification:_identify(cstam-pkg/mission_proof/2026/January/19/mission_9FAC8D93) by extensions ['colcon_meta']
[0.840s] Level 1:colcon.colcon_core.package_identification:_identify(cstam-pkg/mission_proof/2026/January/19/mission_9FAC8D93) by extension 'colcon_meta'
[0.840s] Level 1:colcon.colcon_core.package_identification:_identify(cstam-pkg/mission_proof/2026/January/19/mission_9FAC8D93) by extensions ['ros']
[0.840s] Level 1:colcon.colcon_core.package_identification:_identify(cstam-pkg/mission_proof/2026/January/19/mission_9FAC8D93) by extension 'ros'
[0.840s] Level 1:colcon.colcon_core.package_identification:_identify(cstam-pkg/mission_proof/2026/January/19/mission_9FAC8D93) by extensions ['cmake', 'python']
[0.840s] Level 1:colcon.colcon_core.package_identification:_identify(cstam-pkg/mission_proof/2026/January/19/mission_9FAC8D93) by extension 'cmake'
[0.840s] Level 1:colcon.colcon_core.package_identification:_identify(cstam-pkg/mission_proof/2026/January/19/mission_9FAC8D93) by extension 'python'
[0.840s] Level 1:colcon.colcon_core.package_identification:_identify(cstam-pkg/mission_proof/2026/January/19/mission_9FAC8D93) by extensions ['python_setup_py']
[0.840s] Level 1:colcon.colcon_core.package_identification:_identify(cstam-pkg/mission_proof/2026/January/19/mission_9FAC8D93) by extension 'python_setup_py'
[0.840s] Level 1:colcon.colcon_core.package_identification:_identify(cstam-pkg/mission_proof/2026/January/19/mission_AB67C5F0) by extensions ['ignore', 'ignore_ament_install']
[0.840s] Level 1:colcon.colcon_core.package_identification:_identify(cstam-pkg/mission_proof/2026/January/19/mission_AB67C5F0) by extension 'ignore'
[0.840s] Level 1:colcon.colcon_core.package_identification:_identify(cstam-pkg/mission_proof/2026/January/19/mission_AB67C5F0) by extension 'ignore_ament_install'
[0.840s] Level 1:colcon.colcon_core.package_identification:_identify(cstam-pkg/mission_proof/2026/January/19/mission_AB67C5F0) by extensions ['colcon_pkg']
[0.840s] Level 1:colcon.colcon_core.package_identification:_identify(cstam-pkg/mission_proof/2026/January/19/mission_AB67C5F0) by extension 'colcon_pkg'
[0.840s] Level 1:colcon.colcon_core.package_identification:_identify(cstam-pkg/mission_proof/2026/January/19/mission_AB67C5F0) by extensions ['colcon_meta']
[0.840s] Level 1:colcon.colcon_core.package_identification:_identify(cstam-pkg/mission_proof/2026/January/19/mission_AB67C5F0) by extension 'colcon_meta'
[0.840s] Level 1:colcon.colcon_core.package_identification:_identify(cstam-pkg/mission_proof/2026/January/19/mission_AB67C5F0) by extensions ['ros']
[0.840s] Level 1:colcon.colcon_core.package_identification:_identify(cstam-pkg/mission_proof/2026/January/19/mission_AB67C5F0) by extension 'ros'
[0.840s] Level 1:colcon.colcon_core.package_identification:_identify(cstam-pkg/mission_proof/2026/January/19/mission_AB67C5F0) by extensions ['cmake', 'python']
[0.840s] Level 1:colcon.colcon_core.package_identification:_identify(cstam-pkg/mission_proof/2026/January/19/mission_AB67C5F0) by extension 'cmake'
[0.840s] Level 1:colcon.colcon_core.package_identification:_identify(cstam-pkg/mission_proof/2026/January/19/mission_AB67C5F0) by extension 'python'
[0.840s] Level 1:colcon.colcon_core.package_identification:_identify(cstam-pkg/mission_proof/2026/January/19/mission_AB67C5F0) by extensions ['python_setup_py']
[0.840s] Level 1:colcon.colcon_core.package_identification:_identify(cstam-pkg/mission_proof/2026/January/19/mission_AB67C5F0) by extension 'python_setup_py'
[0.841s] Level 1:colcon.colcon_core.package_identification:_identify(cstam-pkg/mission_proof/2026/January/19/mission_B7869984) by extensions ['ignore', 'ignore_ament_install']
[0.841s] Level 1:colcon.colcon_core.package_identification:_identify(cstam-pkg/mission_proof/2026/January/19/mission_B7869984) by extension 'ignore'
[0.841s] Level 1:colcon.colcon_core.package_identification:_identify(cstam-pkg/mission_proof/2026/January/19/mission_B7869984) by extension 'ignore_ament_install'
[0.841s] Level 1:colcon.colcon_core.package_identification:_identify(cstam-pkg/mission_proof/2026/January/19/mission_B7869984) by extensions ['colcon_pkg']
[0.841s] Level 1:colcon.colcon_core.package_identification:_identify(cstam-pkg/mission_proof/2026/January/19/mission_B7869984) by extension 'colcon_pkg'
[0.841s] Level 1:colcon.colcon_core.package_identification:_identify(cstam-pkg/mission_proof/2026/January/19/mission_B7869984) by extensions ['colcon_meta']
[0.841s] Level 1:colcon.colcon_core.package_identification:_identify(cstam-pkg/mission_proof/2026/January/19/mission_B7869984) by extension 'colcon_meta'
[0.841s] Level 1:colcon.colcon_core.package_identification:_identify(cstam-pkg/mission_proof/2026/January/19/mission_B7869984) by extensions ['ros']
[0.841s] Level 1:colcon.colcon_core.package_identification:_identify(cstam-pkg/mission_proof/2026/January/19/mission_B7869984) by extension 'ros'
[0.841s] Level 1:colcon.colcon_core.package_identification:_identify(cstam-pkg/mission_proof/2026/January/19/mission_B7869984) by extensions ['cmake', 'python']
[0.841s] Level 1:colcon.colcon_core.package_identification:_identify(cstam-pkg/mission_proof/2026/January/19/mission_B7869984) by extension 'cmake'
[0.841s] Level 1:colcon.colcon_core.package_identification:_identify(cstam-pkg/mission_proof/2026/January/19/mission_B7869984) by extension 'python'
[0.841s] Level 1:colcon.colcon_core.package_identification:_identify(cstam-pkg/mission_proof/2026/January/19/mission_B7869984) by extensions ['python_setup_py']
[0.841s] Level 1:colcon.colcon_core.package_identification:_identify(cstam-pkg/mission_proof/2026/January/19/mission_B7869984) by extension 'python_setup_py'
[0.841s] Level 1:colcon.colcon_core.package_identification:_identify(cstam-pkg/mission_proof/2026/January/19/mission_B9484EDC) by extensions ['ignore', 'ignore_ament_install']
[0.841s] Level 1:colcon.colcon_core.package_identification:_identify(cstam-pkg/mission_proof/2026/January/19/mission_B9484EDC) by extension 'ignore'
[0.841s] Level 1:colcon.colcon_core.package_identification:_identify(cstam-pkg/mission_proof/2026/January/19/mission_B9484EDC) by extension 'ignore_ament_install'
[0.841s] Level 1:colcon.colcon_core.package_identification:_identify(cstam-pkg/mission_proof/2026/January/19/mission_B9484EDC) by extensions ['colcon_pkg']
[0.841s] Level 1:colcon.colcon_core.package_identification:_identify(cstam-pkg/mission_proof/2026/January/19/mission_B9484EDC) by extension 'colcon_pkg'
[0.841s] Level 1:colcon.colcon_core.package_identification:_identify(cstam-pkg/mission_proof/2026/January/19/mission_B9484EDC) by extensions ['colcon_meta']
[0.841s] Level 1:colcon.colcon_core.package_identification:_identify(cstam-pkg/mission_proof/2026/January/19/mission_B9484EDC) by extension 'colcon_meta'
[0.841s] Level 1:colcon.colcon_core.package_identification:_identify(cstam-pkg/mission_proof/2026/January/19/mission_B9484EDC) by extensions ['ros']
[0.841s] Level 1:colcon.colcon_core.package_identification:_identify(cstam-pkg/mission_proof/2026/January/19/mission_B9484EDC) by extension 'ros'
[0.841s] Level 1:colcon.colcon_core.package_identification:_identify(cstam-pkg/mission_proof/2026/January/19/mission_B9484EDC) by extensions ['cmake', 'python']
[0.841s] Level 1:colcon.colcon_core.package_identification:_identify(cstam-pkg/mission_proof/2026/January/19/mission_B9484EDC) by extension 'cmake'
[0.841s] Level 1:colcon.colcon_core.package_identification:_identify(cstam-pkg/mission_proof/2026/January/19/mission_B9484EDC) by extension 'python'
[0.841s] Level 1:colcon.colcon_core.package_identification:_identify(cstam-pkg/mission_proof/2026/January/19/mission_B9484EDC) by extensions ['python_setup_py']
[0.841s] Level 1:colcon.colcon_core.package_identification:_identify(cstam-pkg/mission_proof/2026/January/19/mission_B9484EDC) by extension 'python_setup_py'
[0.841s] Level 1:colcon.colcon_core.package_identification:_identify(cstam-pkg/mission_proof/2026/January/19/mission_BEFC8281) by extensions ['ignore', 'ignore_ament_install']
[0.841s] Level 1:colcon.colcon_core.package_identification:_identify(cstam-pkg/mission_proof/2026/January/19/mission_BEFC8281) by extension 'ignore'
[0.841s] Level 1:colcon.colcon_core.package_identification:_identify(cstam-pkg/mission_proof/2026/January/19/mission_BEFC8281) by extension 'ignore_ament_install'
[0.841s] Level 1:colcon.colcon_core.package_identification:_identify(cstam-pkg/mission_proof/2026/January/19/mission_BEFC8281) by extensions ['colcon_pkg']
[0.841s] Level 1:colcon.colcon_core.package_identification:_identify(cstam-pkg/mission_proof/2026/January/19/mission_BEFC8281) by extension 'colcon_pkg'
[0.841s] Level 1:colcon.colcon_core.package_identification:_identify(cstam-pkg/mission_proof/2026/January/19/mission_BEFC8281) by extensions ['colcon_meta']
[0.841s] Level 1:colcon.colcon_core.package_identification:_identify(cstam-pkg/mission_proof/2026/January/19/mission_BEFC8281) by extension 'colcon_meta'
[0.841s] Level 1:colcon.colcon_core.package_identification:_identify(cstam-pkg/mission_proof/2026/January/19/mission_BEFC8281) by extensions ['ros']
[0.842s] Level 1:colcon.colcon_core.package_identification:_identify(cstam-pkg/mission_proof/2026/January/19/mission_BEFC8281) by extension 'ros'
[0.842s] Level 1:colcon.colcon_core.package_identification:_identify(cstam-pkg/mission_proof/2026/January/19/mission_BEFC8281) by extensions ['cmake', 'python']
[0.842s] Level 1:colcon.colcon_core.package_identification:_identify(cstam-pkg/mission_proof/2026/January/19/mission_BEFC8281) by extension 'cmake'
[0.842s] Level 1:colcon.colcon_core.package_identification:_identify(cstam-pkg/mission_proof/2026/January/19/mission_BEFC8281) by extension 'python'
[0.842s] Level 1:colcon.colcon_core.package_identification:_identify(cstam-pkg/mission_proof/2026/January/19/mission_BEFC8281) by extensions ['python_setup_py']
[0.842s] Level 1:colcon.colcon_core.package_identification:_identify(cstam-pkg/mission_proof/2026/January/19/mission_BEFC8281) by extension 'python_setup_py'
[0.842s] Level 1:colcon.colcon_core.package_identification:_identify(cstam-pkg/mission_proof/2026/January/19/mission_C362250A) by extensions ['ignore', 'ignore_ament_install']
[0.842s] Level 1:colcon.colcon_core.package_identification:_identify(cstam-pkg/mission_proof/2026/January/19/mission_C362250A) by extension 'ignore'
[0.842s] Level 1:colcon.colcon_core.package_identification:_identify(cstam-pkg/mission_proof/2026/January/19/mission_C362250A) by extension 'ignore_ament_install'
[0.842s] Level 1:colcon.colcon_core.package_identification:_identify(cstam-pkg/mission_proof/2026/January/19/mission_C362250A) by extensions ['colcon_pkg']
[0.842s] Level 1:colcon.colcon_core.package_identification:_identify(cstam-pkg/mission_proof/2026/January/19/mission_C362250A) by extension 'colcon_pkg'
[0.842s] Level 1:colcon.colcon_core.package_identification:_identify(cstam-pkg/mission_proof/2026/January/19/mission_C362250A) by extensions ['colcon_meta']
[0.842s] Level 1:colcon.colcon_core.package_identification:_identify(cstam-pkg/mission_proof/2026/January/19/mission_C362250A) by extension 'colcon_meta'
[0.842s] Level 1:colcon.colcon_core.package_identification:_identify(cstam-pkg/mission_proof/2026/January/19/mission_C362250A) by extensions ['ros']
[0.842s] Level 1:colcon.colcon_core.package_identification:_identify(cstam-pkg/mission_proof/2026/January/19/mission_C362250A) by extension 'ros'
[0.842s] Level 1:colcon.colcon_core.package_identification:_identify(cstam-pkg/mission_proof/2026/January/19/mission_C362250A) by extensions ['cmake', 'python']
[0.842s] Level 1:colcon.colcon_core.package_identification:_identify(cstam-pkg/mission_proof/2026/January/19/mission_C362250A) by extension 'cmake'
[0.842s] Level 1:colcon.colcon_core.package_identification:_identify(cstam-pkg/mission_proof/2026/January/19/mission_C362250A) by extension 'python'
[0.842s] Level 1:colcon.colcon_core.package_identification:_identify(cstam-pkg/mission_proof/2026/January/19/mission_C362250A) by extensions ['python_setup_py']
[0.842s] Level 1:colcon.colcon_core.package_identification:_identify(cstam-pkg/mission_proof/2026/January/19/mission_C362250A) by extension 'python_setup_py'
[0.842s] Level 1:colcon.colcon_core.package_identification:_identify(cstam-pkg/mission_proof/2026/January/19/mission_D3191AA4) by extensions ['ignore', 'ignore_ament_install']
[0.842s] Level 1:colcon.colcon_core.package_identification:_identify(cstam-pkg/mission_proof/2026/January/19/mission_D3191AA4) by extension 'ignore'
[0.842s] Level 1:colcon.colcon_core.package_identification:_identify(cstam-pkg/mission_proof/2026/January/19/mission_D3191AA4) by extension 'ignore_ament_install'
[0.842s] Level 1:colcon.colcon_core.package_identification:_identify(cstam-pkg/mission_proof/2026/January/19/mission_D3191AA4) by extensions ['colcon_pkg']
[0.842s] Level 1:colcon.colcon_core.package_identification:_identify(cstam-pkg/mission_proof/2026/January/19/mission_D3191AA4) by extension 'colcon_pkg'
[0.842s] Level 1:colcon.colcon_core.package_identification:_identify(cstam-pkg/mission_proof/2026/January/19/mission_D3191AA4) by extensions ['colcon_meta']
[0.842s] Level 1:colcon.colcon_core.package_identification:_identify(cstam-pkg/mission_proof/2026/January/19/mission_D3191AA4) by extension 'colcon_meta'
[0.842s] Level 1:colcon.colcon_core.package_identification:_identify(cstam-pkg/mission_proof/2026/January/19/mission_D3191AA4) by extensions ['ros']
[0.842s] Level 1:colcon.colcon_core.package_identification:_identify(cstam-pkg/mission_proof/2026/January/19/mission_D3191AA4) by extension 'ros'
[0.842s] Level 1:colcon.colcon_core.package_identification:_identify(cstam-pkg/mission_proof/2026/January/19/mission_D3191AA4) by extensions ['cmake', 'python']
[0.842s] Level 1:colcon.colcon_core.package_identification:_identify(cstam-pkg/mission_proof/2026/January/19/mission_D3191AA4) by extension 'cmake'
[0.842s] Level 1:colcon.colcon_core.package_identification:_identify(cstam-pkg/mission_proof/2026/January/19/mission_D3191AA4) by extension 'python'
[0.842s] Level 1:colcon.colcon_core.package_identification:_identify(cstam-pkg/mission_proof/2026/January/19/mission_D3191AA4) by extensions ['python_setup_py']
[0.842s] Level 1:colcon.colcon_core.package_identification:_identify(cstam-pkg/mission_proof/2026/January/19/mission_D3191AA4) by extension 'python_setup_py'
[0.842s] Level 1:colcon.colcon_core.package_identification:_identify(cstam-pkg/mission_proof/2026/January/19/mission_D8CA7F32) by extensions ['ignore', 'ignore_ament_install']
[0.843s] Level 1:colcon.colcon_core.package_identification:_identify(cstam-pkg/mission_proof/2026/January/19/mission_D8CA7F32) by extension 'ignore'
[0.843s] Level 1:colcon.colcon_core.package_identification:_identify(cstam-pkg/mission_proof/2026/January/19/mission_D8CA7F32) by extension 'ignore_ament_install'
[0.843s] Level 1:colcon.colcon_core.package_identification:_identify(cstam-pkg/mission_proof/2026/January/19/mission_D8CA7F32) by extensions ['colcon_pkg']
[0.843s] Level 1:colcon.colcon_core.package_identification:_identify(cstam-pkg/mission_proof/2026/January/19/mission_D8CA7F32) by extension 'colcon_pkg'
[0.843s] Level 1:colcon.colcon_core.package_identification:_identify(cstam-pkg/mission_proof/2026/January/19/mission_D8CA7F32) by extensions ['colcon_meta']
[0.843s] Level 1:colcon.colcon_core.package_identification:_identify(cstam-pkg/mission_proof/2026/January/19/mission_D8CA7F32) by extension 'colcon_meta'
[0.843s] Level 1:colcon.colcon_core.package_identification:_identify(cstam-pkg/mission_proof/2026/January/19/mission_D8CA7F32) by extensions ['ros']
[0.843s] Level 1:colcon.colcon_core.package_identification:_identify(cstam-pkg/mission_proof/2026/January/19/mission_D8CA7F32) by extension 'ros'
[0.843s] Level 1:colcon.colcon_core.package_identification:_identify(cstam-pkg/mission_proof/2026/January/19/mission_D8CA7F32) by extensions ['cmake', 'python']
[0.843s] Level 1:colcon.colcon_core.package_identification:_identify(cstam-pkg/mission_proof/2026/January/19/mission_D8CA7F32) by extension 'cmake'
[0.843s] Level 1:colcon.colcon_core.package_identification:_identify(cstam-pkg/mission_proof/2026/January/19/mission_D8CA7F32) by extension 'python'
[0.843s] Level 1:colcon.colcon_core.package_identification:_identify(cstam-pkg/mission_proof/2026/January/19/mission_D8CA7F32) by extensions ['python_setup_py']
[0.843s] Level 1:colcon.colcon_core.package_identification:_identify(cstam-pkg/mission_proof/2026/January/19/mission_D8CA7F32) by extension 'python_setup_py'
[0.843s] Level 1:colcon.colcon_core.package_identification:_identify(cstam-pkg/mission_proof/2026/January/19/mission_DD4F53C3) by extensions ['ignore', 'ignore_ament_install']
[0.843s] Level 1:colcon.colcon_core.package_identification:_identify(cstam-pkg/mission_proof/2026/January/19/mission_DD4F53C3) by extension 'ignore'
[0.843s] Level 1:colcon.colcon_core.package_identification:_identify(cstam-pkg/mission_proof/2026/January/19/mission_DD4F53C3) by extension 'ignore_ament_install'
[0.843s] Level 1:colcon.colcon_core.package_identification:_identify(cstam-pkg/mission_proof/2026/January/19/mission_DD4F53C3) by extensions ['colcon_pkg']
[0.843s] Level 1:colcon.colcon_core.package_identification:_identify(cstam-pkg/mission_proof/2026/January/19/mission_DD4F53C3) by extension 'colcon_pkg'
[0.843s] Level 1:colcon.colcon_core.package_identification:_identify(cstam-pkg/mission_proof/2026/January/19/mission_DD4F53C3) by extensions ['colcon_meta']
[0.843s] Level 1:colcon.colcon_core.package_identification:_identify(cstam-pkg/mission_proof/2026/January/19/mission_DD4F53C3) by extension 'colcon_meta'
[0.843s] Level 1:colcon.colcon_core.package_identification:_identify(cstam-pkg/mission_proof/2026/January/19/mission_DD4F53C3) by extensions ['ros']
[0.843s] Level 1:colcon.colcon_core.package_identification:_identify(cstam-pkg/mission_proof/2026/January/19/mission_DD4F53C3) by extension 'ros'
[0.843s] Level 1:colcon.colcon_core.package_identification:_identify(cstam-pkg/mission_proof/2026/January/19/mission_DD4F53C3) by extensions ['cmake', 'python']
[0.843s] Level 1:colcon.colcon_core.package_identification:_identify(cstam-pkg/mission_proof/2026/January/19/mission_DD4F53C3) by extension 'cmake'
[0.843s] Level 1:colcon.colcon_core.package_identification:_identify(cstam-pkg/mission_proof/2026/January/19/mission_DD4F53C3) by extension 'python'
[0.843s] Level 1:colcon.colcon_core.package_identification:_identify(cstam-pkg/mission_proof/2026/January/19/mission_DD4F53C3) by extensions ['python_setup_py']
[0.843s] Level 1:colcon.colcon_core.package_identification:_identify(cstam-pkg/mission_proof/2026/January/19/mission_DD4F53C3) by extension 'python_setup_py'
[0.843s] Level 1:colcon.colcon_core.package_identification:_identify(cstam-pkg/mission_proof/2026/January/19/mission_E2F48C06) by extensions ['ignore', 'ignore_ament_install']
[0.843s] Level 1:colcon.colcon_core.package_identification:_identify(cstam-pkg/mission_proof/2026/January/19/mission_E2F48C06) by extension 'ignore'
[0.843s] Level 1:colcon.colcon_core.package_identification:_identify(cstam-pkg/mission_proof/2026/January/19/mission_E2F48C06) by extension 'ignore_ament_install'
[0.843s] Level 1:colcon.colcon_core.package_identification:_identify(cstam-pkg/mission_proof/2026/January/19/mission_E2F48C06) by extensions ['colcon_pkg']
[0.843s] Level 1:colcon.colcon_core.package_identification:_identify(cstam-pkg/mission_proof/2026/January/19/mission_E2F48C06) by extension 'colcon_pkg'
[0.844s] Level 1:colcon.colcon_core.package_identification:_identify(cstam-pkg/mission_proof/2026/January/19/mission_E2F48C06) by extensions ['colcon_meta']
[0.844s] Level 1:colcon.colcon_core.package_identification:_identify(cstam-pkg/mission_proof/2026/January/19/mission_E2F48C06) by extension 'colcon_meta'
[0.844s] Level 1:colcon.colcon_core.package_identification:_identify(cstam-pkg/mission_proof/2026/January/19/mission_E2F48C06) by extensions ['ros']
[0.844s] Level 1:colcon.colcon_core.package_identification:_identify(cstam-pkg/mission_proof/2026/January/19/mission_E2F48C06) by extension 'ros'
[0.844s] Level 1:colcon.colcon_core.package_identification:_identify(cstam-pkg/mission_proof/2026/January/19/mission_E2F48C06) by extensions ['cmake', 'python']
[0.844s] Level 1:colcon.colcon_core.package_identification:_identify(cstam-pkg/mission_proof/2026/January/19/mission_E2F48C06) by extension 'cmake'
[0.844s] Level 1:colcon.colcon_core.package_identification:_identify(cstam-pkg/mission_proof/2026/January/19/mission_E2F48C06) by extension 'python'
[0.844s] Level 1:colcon.colcon_core.package_identification:_identify(cstam-pkg/mission_proof/2026/January/19/mission_E2F48C06) by extensions ['python_setup_py']
[0.844s] Level 1:colcon.colcon_core.package_identification:_identify(cstam-pkg/mission_proof/2026/January/19/mission_E2F48C06) by extension 'python_setup_py'
[0.844s] Level 1:colcon.colcon_core.package_identification:_identify(cstam-pkg/mission_proof/2026/January/19/mission_F01002CF) by extensions ['ignore', 'ignore_ament_install']
[0.844s] Level 1:colcon.colcon_core.package_identification:_identify(cstam-pkg/mission_proof/2026/January/19/mission_F01002CF) by extension 'ignore'
[0.844s] Level 1:colcon.colcon_core.package_identification:_identify(cstam-pkg/mission_proof/2026/January/19/mission_F01002CF) by extension 'ignore_ament_install'
[0.844s] Level 1:colcon.colcon_core.package_identification:_identify(cstam-pkg/mission_proof/2026/January/19/mission_F01002CF) by extensions ['colcon_pkg']
[0.844s] Level 1:colcon.colcon_core.package_identification:_identify(cstam-pkg/mission_proof/2026/January/19/mission_F01002CF) by extension 'colcon_pkg'
[0.844s] Level 1:colcon.colcon_core.package_identification:_identify(cstam-pkg/mission_proof/2026/January/19/mission_F01002CF) by extensions ['colcon_meta']
[0.844s] Level 1:colcon.colcon_core.package_identification:_identify(cstam-pkg/mission_proof/2026/January/19/mission_F01002CF) by extension 'colcon_meta'
[0.844s] Level 1:colcon.colcon_core.package_identification:_identify(cstam-pkg/mission_proof/2026/January/19/mission_F01002CF) by extensions ['ros']
[0.844s] Level 1:colcon.colcon_core.package_identification:_identify(cstam-pkg/mission_proof/2026/January/19/mission_F01002CF) by extension 'ros'
[0.844s] Level 1:colcon.colcon_core.package_identification:_identify(cstam-pkg/mission_proof/2026/January/19/mission_F01002CF) by extensions ['cmake', 'python']
[0.844s] Level 1:colcon.colcon_core.package_identification:_identify(cstam-pkg/mission_proof/2026/January/19/mission_F01002CF) by extension 'cmake'
[0.844s] Level 1:colcon.colcon_core.package_identification:_identify(cstam-pkg/mission_proof/2026/January/19/mission_F01002CF) by extension 'python'
[0.844s] Level 1:colcon.colcon_core.package_identification:_identify(cstam-pkg/mission_proof/2026/January/19/mission_F01002CF) by extensions ['python_setup_py']
[0.844s] Level 1:colcon.colcon_core.package_identification:_identify(cstam-pkg/mission_proof/2026/January/19/mission_F01002CF) by extension 'python_setup_py'
[0.844s] Level 1:colcon.colcon_core.package_identification:_identify(cstam-pkg/mission_proof/2026/January/19/mission_F73A85E5) by extensions ['ignore', 'ignore_ament_install']
[0.844s] Level 1:colcon.colcon_core.package_identification:_identify(cstam-pkg/mission_proof/2026/January/19/mission_F73A85E5) by extension 'ignore'
[0.844s] Level 1:colcon.colcon_core.package_identification:_identify(cstam-pkg/mission_proof/2026/January/19/mission_F73A85E5) by extension 'ignore_ament_install'
[0.844s] Level 1:colcon.colcon_core.package_identification:_identify(cstam-pkg/mission_proof/2026/January/19/mission_F73A85E5) by extensions ['colcon_pkg']
[0.844s] Level 1:colcon.colcon_core.package_identification:_identify(cstam-pkg/mission_proof/2026/January/19/mission_F73A85E5) by extension 'colcon_pkg'
[0.844s] Level 1:colcon.colcon_core.package_identification:_identify(cstam-pkg/mission_proof/2026/January/19/mission_F73A85E5) by extensions ['colcon_meta']
[0.844s] Level 1:colcon.colcon_core.package_identification:_identify(cstam-pkg/mission_proof/2026/January/19/mission_F73A85E5) by extension 'colcon_meta'
[0.844s] Level 1:colcon.colcon_core.package_identification:_identify(cstam-pkg/mission_proof/2026/January/19/mission_F73A85E5) by extensions ['ros']
[0.844s] Level 1:colcon.colcon_core.package_identification:_identify(cstam-pkg/mission_proof/2026/January/19/mission_F73A85E5) by extension 'ros'
[0.844s] Level 1:colcon.colcon_core.package_identification:_identify(cstam-pkg/mission_proof/2026/January/19/mission_F73A85E5) by extensions ['cmake', 'python']
[0.844s] Level 1:colcon.colcon_core.package_identification:_identify(cstam-pkg/mission_proof/2026/January/19/mission_F73A85E5) by extension 'cmake'
[0.844s] Level 1:colcon.colcon_core.package_identification:_identify(cstam-pkg/mission_proof/2026/January/19/mission_F73A85E5) by extension 'python'
[0.845s] Level 1:colcon.colcon_core.package_identification:_identify(cstam-pkg/mission_proof/2026/January/19/mission_F73A85E5) by extensions ['python_setup_py']
[0.845s] Level 1:colcon.colcon_core.package_identification:_identify(cstam-pkg/mission_proof/2026/January/19/mission_F73A85E5) by extension 'python_setup_py'
[0.845s] Level 1:colcon.colcon_core.package_identification:_identify(cstam-pkg/mission_proof/2026/January/19/mission_F75E404D) by extensions ['ignore', 'ignore_ament_install']
[0.845s] Level 1:colcon.colcon_core.package_identification:_identify(cstam-pkg/mission_proof/2026/January/19/mission_F75E404D) by extension 'ignore'
[0.845s] Level 1:colcon.colcon_core.package_identification:_identify(cstam-pkg/mission_proof/2026/January/19/mission_F75E404D) by extension 'ignore_ament_install'
[0.845s] Level 1:colcon.colcon_core.package_identification:_identify(cstam-pkg/mission_proof/2026/January/19/mission_F75E404D) by extensions ['colcon_pkg']
[0.845s] Level 1:colcon.colcon_core.package_identification:_identify(cstam-pkg/mission_proof/2026/January/19/mission_F75E404D) by extension 'colcon_pkg'
[0.845s] Level 1:colcon.colcon_core.package_identification:_identify(cstam-pkg/mission_proof/2026/January/19/mission_F75E404D) by extensions ['colcon_meta']
[0.845s] Level 1:colcon.colcon_core.package_identification:_identify(cstam-pkg/mission_proof/2026/January/19/mission_F75E404D) by extension 'colcon_meta'
[0.845s] Level 1:colcon.colcon_core.package_identification:_identify(cstam-pkg/mission_proof/2026/January/19/mission_F75E404D) by extensions ['ros']
[0.845s] Level 1:colcon.colcon_core.package_identification:_identify(cstam-pkg/mission_proof/2026/January/19/mission_F75E404D) by extension 'ros'
[0.845s] Level 1:colcon.colcon_core.package_identification:_identify(cstam-pkg/mission_proof/2026/January/19/mission_F75E404D) by extensions ['cmake', 'python']
[0.845s] Level 1:colcon.colcon_core.package_identification:_identify(cstam-pkg/mission_proof/2026/January/19/mission_F75E404D) by extension 'cmake'
[0.845s] Level 1:colcon.colcon_core.package_identification:_identify(cstam-pkg/mission_proof/2026/January/19/mission_F75E404D) by extension 'python'
[0.845s] Level 1:colcon.colcon_core.package_identification:_identify(cstam-pkg/mission_proof/2026/January/19/mission_F75E404D) by extensions ['python_setup_py']
[0.845s] Level 1:colcon.colcon_core.package_identification:_identify(cstam-pkg/mission_proof/2026/January/19/mission_F75E404D) by extension 'python_setup_py'
[0.845s] Level 1:colcon.colcon_core.package_identification:_identify(cstam-pkg/mission_proof/2026/January/19/mission_F9E8ECCF) by extensions ['ignore', 'ignore_ament_install']
[0.845s] Level 1:colcon.colcon_core.package_identification:_identify(cstam-pkg/mission_proof/2026/January/19/mission_F9E8ECCF) by extension 'ignore'
[0.845s] Level 1:colcon.colcon_core.package_identification:_identify(cstam-pkg/mission_proof/2026/January/19/mission_F9E8ECCF) by extension 'ignore_ament_install'
[0.845s] Level 1:colcon.colcon_core.package_identification:_identify(cstam-pkg/mission_proof/2026/January/19/mission_F9E8ECCF) by extensions ['colcon_pkg']
[0.845s] Level 1:colcon.colcon_core.package_identification:_identify(cstam-pkg/mission_proof/2026/January/19/mission_F9E8ECCF) by extension 'colcon_pkg'
[0.845s] Level 1:colcon.colcon_core.package_identification:_identify(cstam-pkg/mission_proof/2026/January/19/mission_F9E8ECCF) by extensions ['colcon_meta']
[0.845s] Level 1:colcon.colcon_core.package_identification:_identify(cstam-pkg/mission_proof/2026/January/19/mission_F9E8ECCF) by extension 'colcon_meta'
[0.845s] Level 1:colcon.colcon_core.package_identification:_identify(cstam-pkg/mission_proof/2026/January/19/mission_F9E8ECCF) by extensions ['ros']
[0.845s] Level 1:colcon.colcon_core.package_identification:_identify(cstam-pkg/mission_proof/2026/January/19/mission_F9E8ECCF) by extension 'ros'
[0.845s] Level 1:colcon.colcon_core.package_identification:_identify(cstam-pkg/mission_proof/2026/January/19/mission_F9E8ECCF) by extensions ['cmake', 'python']
[0.845s] Level 1:colcon.colcon_core.package_identification:_identify(cstam-pkg/mission_proof/2026/January/19/mission_F9E8ECCF) by extension 'cmake'
[0.845s] Level 1:colcon.colcon_core.package_identification:_identify(cstam-pkg/mission_proof/2026/January/19/mission_F9E8ECCF) by extension 'python'
[0.845s] Level 1:colcon.colcon_core.package_identification:_identify(cstam-pkg/mission_proof/2026/January/19/mission_F9E8ECCF) by extensions ['python_setup_py']
[0.845s] Level 1:colcon.colcon_core.package_identification:_identify(cstam-pkg/mission_proof/2026/January/19/mission_F9E8ECCF) by extension 'python_setup_py'
[0.845s] Level 1:colcon.colcon_core.package_identification:_identify(cstam-pkg/mission_proof/2026/January/19/mission_FED07BA1) by extensions ['ignore', 'ignore_ament_install']
[0.845s] Level 1:colcon.colcon_core.package_identification:_identify(cstam-pkg/mission_proof/2026/January/19/mission_FED07BA1) by extension 'ignore'
[0.845s] Level 1:colcon.colcon_core.package_identification:_identify(cstam-pkg/mission_proof/2026/January/19/mission_FED07BA1) by extension 'ignore_ament_install'
[0.846s] Level 1:colcon.colcon_core.package_identification:_identify(cstam-pkg/mission_proof/2026/January/19/mission_FED07BA1) by extensions ['colcon_pkg']
[0.846s] Level 1:colcon.colcon_core.package_identification:_identify(cstam-pkg/mission_proof/2026/January/19/mission_FED07BA1) by extension 'colcon_pkg'
[0.846s] Level 1:colcon.colcon_core.package_identification:_identify(cstam-pkg/mission_proof/2026/January/19/mission_FED07BA1) by extensions ['colcon_meta']
[0.846s] Level 1:colcon.colcon_core.package_identification:_identify(cstam-pkg/mission_proof/2026/January/19/mission_FED07BA1) by extension 'colcon_meta'
[0.846s] Level 1:colcon.colcon_core.package_identification:_identify(cstam-pkg/mission_proof/2026/January/19/mission_FED07BA1) by extensions ['ros']
[0.846s] Level 1:colcon.colcon_core.package_identification:_identify(cstam-pkg/mission_proof/2026/January/19/mission_FED07BA1) by extension 'ros'
[0.846s] Level 1:colcon.colcon_core.package_identification:_identify(cstam-pkg/mission_proof/2026/January/19/mission_FED07BA1) by extensions ['cmake', 'python']
[0.846s] Level 1:colcon.colcon_core.package_identification:_identify(cstam-pkg/mission_proof/2026/January/19/mission_FED07BA1) by extension 'cmake'
[0.846s] Level 1:colcon.colcon_core.package_identification:_identify(cstam-pkg/mission_proof/2026/January/19/mission_FED07BA1) by extension 'python'
[0.846s] Level 1:colcon.colcon_core.package_identification:_identify(cstam-pkg/mission_proof/2026/January/19/mission_FED07BA1) by extensions ['python_setup_py']
[0.846s] Level 1:colcon.colcon_core.package_identification:_identify(cstam-pkg/mission_proof/2026/January/19/mission_FED07BA1) by extension 'python_setup_py'
[0.846s] Level 1:colcon.colcon_core.package_identification:_identify(cstam-pkg/mission_proof/2026/January/19/mission_ca93ed14) by extensions ['ignore', 'ignore_ament_install']
[0.846s] Level 1:colcon.colcon_core.package_identification:_identify(cstam-pkg/mission_proof/2026/January/19/mission_ca93ed14) by extension 'ignore'
[0.846s] Level 1:colcon.colcon_core.package_identification:_identify(cstam-pkg/mission_proof/2026/January/19/mission_ca93ed14) by extension 'ignore_ament_install'
[0.846s] Level 1:colcon.colcon_core.package_identification:_identify(cstam-pkg/mission_proof/2026/January/19/mission_ca93ed14) by extensions ['colcon_pkg']
[0.846s] Level 1:colcon.colcon_core.package_identification:_identify(cstam-pkg/mission_proof/2026/January/19/mission_ca93ed14) by extension 'colcon_pkg'
[0.846s] Level 1:colcon.colcon_core.package_identification:_identify(cstam-pkg/mission_proof/2026/January/19/mission_ca93ed14) by extensions ['colcon_meta']
[0.846s] Level 1:colcon.colcon_core.package_identification:_identify(cstam-pkg/mission_proof/2026/January/19/mission_ca93ed14) by extension 'colcon_meta'
[0.846s] Level 1:colcon.colcon_core.package_identification:_identify(cstam-pkg/mission_proof/2026/January/19/mission_ca93ed14) by extensions ['ros']
[0.846s] Level 1:colcon.colcon_core.package_identification:_identify(cstam-pkg/mission_proof/2026/January/19/mission_ca93ed14) by extension 'ros'
[0.846s] Level 1:colcon.colcon_core.package_identification:_identify(cstam-pkg/mission_proof/2026/January/19/mission_ca93ed14) by extensions ['cmake', 'python']
[0.846s] Level 1:colcon.colcon_core.package_identification:_identify(cstam-pkg/mission_proof/2026/January/19/mission_ca93ed14) by extension 'cmake'
[0.846s] Level 1:colcon.colcon_core.package_identification:_identify(cstam-pkg/mission_proof/2026/January/19/mission_ca93ed14) by extension 'python'
[0.846s] Level 1:colcon.colcon_core.package_identification:_identify(cstam-pkg/mission_proof/2026/January/19/mission_ca93ed14) by extensions ['python_setup_py']
[0.846s] Level 1:colcon.colcon_core.package_identification:_identify(cstam-pkg/mission_proof/2026/January/19/mission_ca93ed14) by extension 'python_setup_py'
[0.846s] Level 1:colcon.colcon_core.package_identification:_identify(cstam-pkg/mission_proof/2026/January/19/mission_d8676ca9) by extensions ['ignore', 'ignore_ament_install']
[0.846s] Level 1:colcon.colcon_core.package_identification:_identify(cstam-pkg/mission_proof/2026/January/19/mission_d8676ca9) by extension 'ignore'
[0.846s] Level 1:colcon.colcon_core.package_identification:_identify(cstam-pkg/mission_proof/2026/January/19/mission_d8676ca9) by extension 'ignore_ament_install'
[0.846s] Level 1:colcon.colcon_core.package_identification:_identify(cstam-pkg/mission_proof/2026/January/19/mission_d8676ca9) by extensions ['colcon_pkg']
[0.846s] Level 1:colcon.colcon_core.package_identification:_identify(cstam-pkg/mission_proof/2026/January/19/mission_d8676ca9) by extension 'colcon_pkg'
[0.846s] Level 1:colcon.colcon_core.package_identification:_identify(cstam-pkg/mission_proof/2026/January/19/mission_d8676ca9) by extensions ['colcon_meta']
[0.846s] Level 1:colcon.colcon_core.package_identification:_identify(cstam-pkg/mission_proof/2026/January/19/mission_d8676ca9) by extension 'colcon_meta'
[0.846s] Level 1:colcon.colcon_core.package_identification:_identify(cstam-pkg/mission_proof/2026/January/19/mission_d8676ca9) by extensions ['ros']
[0.846s] Level 1:colcon.colcon_core.package_identification:_identify(cstam-pkg/mission_proof/2026/January/19/mission_d8676ca9) by extension 'ros'
[0.846s] Level 1:colcon.colcon_core.package_identification:_identify(cstam-pkg/mission_proof/2026/January/19/mission_d8676ca9) by extensions ['cmake', 'python']
[0.846s] Level 1:colcon.colcon_core.package_identification:_identify(cstam-pkg/mission_proof/2026/January/19/mission_d8676ca9) by extension 'cmake'
[0.846s] Level 1:colcon.colcon_core.package_identification:_identify(cstam-pkg/mission_proof/2026/January/19/mission_d8676ca9) by extension 'python'
[0.846s] Level 1:colcon.colcon_core.package_identification:_identify(cstam-pkg/mission_proof/2026/January/19/mission_d8676ca9) by extensions ['python_setup_py']
[0.847s] Level 1:colcon.colcon_core.package_identification:_identify(cstam-pkg/mission_proof/2026/January/19/mission_d8676ca9) by extension 'python_setup_py'
[0.847s] Level 1:colcon.colcon_core.package_identification:_identify(cstam-pkg/mission_proof/2026/January/19/mission_f7a29a6f) by extensions ['ignore', 'ignore_ament_install']
[0.847s] Level 1:colcon.colcon_core.package_identification:_identify(cstam-pkg/mission_proof/2026/January/19/mission_f7a29a6f) by extension 'ignore'
[0.847s] Level 1:colcon.colcon_core.package_identification:_identify(cstam-pkg/mission_proof/2026/January/19/mission_f7a29a6f) by extension 'ignore_ament_install'
[0.847s] Level 1:colcon.colcon_core.package_identification:_identify(cstam-pkg/mission_proof/2026/January/19/mission_f7a29a6f) by extensions ['colcon_pkg']
[0.847s] Level 1:colcon.colcon_core.package_identification:_identify(cstam-pkg/mission_proof/2026/January/19/mission_f7a29a6f) by extension 'colcon_pkg'
[0.847s] Level 1:colcon.colcon_core.package_identification:_identify(cstam-pkg/mission_proof/2026/January/19/mission_f7a29a6f) by extensions ['colcon_meta']
[0.847s] Level 1:colcon.colcon_core.package_identification:_identify(cstam-pkg/mission_proof/2026/January/19/mission_f7a29a6f) by extension 'colcon_meta'
[0.847s] Level 1:colcon.colcon_core.package_identification:_identify(cstam-pkg/mission_proof/2026/January/19/mission_f7a29a6f) by extensions ['ros']
[0.847s] Level 1:colcon.colcon_core.package_identification:_identify(cstam-pkg/mission_proof/2026/January/19/mission_f7a29a6f) by extension 'ros'
[0.847s] Level 1:colcon.colcon_core.package_identification:_identify(cstam-pkg/mission_proof/2026/January/19/mission_f7a29a6f) by extensions ['cmake', 'python']
[0.847s] Level 1:colcon.colcon_core.package_identification:_identify(cstam-pkg/mission_proof/2026/January/19/mission_f7a29a6f) by extension 'cmake'
[0.847s] Level 1:colcon.colcon_core.package_identification:_identify(cstam-pkg/mission_proof/2026/January/19/mission_f7a29a6f) by extension 'python'
[0.847s] Level 1:colcon.colcon_core.package_identification:_identify(cstam-pkg/mission_proof/2026/January/19/mission_f7a29a6f) by extensions ['python_setup_py']
[0.847s] Level 1:colcon.colcon_core.package_identification:_identify(cstam-pkg/mission_proof/2026/January/19/mission_f7a29a6f) by extension 'python_setup_py'
[0.847s] Level 1:colcon.colcon_core.package_identification:_identify(cstam-pkg/mission_proof/2026/January/21) by extensions ['ignore', 'ignore_ament_install']
[0.847s] Level 1:colcon.colcon_core.package_identification:_identify(cstam-pkg/mission_proof/2026/January/21) by extension 'ignore'
[0.847s] Level 1:colcon.colcon_core.package_identification:_identify(cstam-pkg/mission_proof/2026/January/21) by extension 'ignore_ament_install'
[0.847s] Level 1:colcon.colcon_core.package_identification:_identify(cstam-pkg/mission_proof/2026/January/21) by extensions ['colcon_pkg']
[0.847s] Level 1:colcon.colcon_core.package_identification:_identify(cstam-pkg/mission_proof/2026/January/21) by extension 'colcon_pkg'
[0.847s] Level 1:colcon.colcon_core.package_identification:_identify(cstam-pkg/mission_proof/2026/January/21) by extensions ['colcon_meta']
[0.847s] Level 1:colcon.colcon_core.package_identification:_identify(cstam-pkg/mission_proof/2026/January/21) by extension 'colcon_meta'
[0.847s] Level 1:colcon.colcon_core.package_identification:_identify(cstam-pkg/mission_proof/2026/January/21) by extensions ['ros']
[0.847s] Level 1:colcon.colcon_core.package_identification:_identify(cstam-pkg/mission_proof/2026/January/21) by extension 'ros'
[0.847s] Level 1:colcon.colcon_core.package_identification:_identify(cstam-pkg/mission_proof/2026/January/21) by extensions ['cmake', 'python']
[0.847s] Level 1:colcon.colcon_core.package_identification:_identify(cstam-pkg/mission_proof/2026/January/21) by extension 'cmake'
[0.847s] Level 1:colcon.colcon_core.package_identification:_identify(cstam-pkg/mission_proof/2026/January/21) by extension 'python'
[0.847s] Level 1:colcon.colcon_core.package_identification:_identify(cstam-pkg/mission_proof/2026/January/21) by extensions ['python_setup_py']
[0.847s] Level 1:colcon.colcon_core.package_identification:_identify(cstam-pkg/mission_proof/2026/January/21) by extension 'python_setup_py'
[0.847s] Level 1:colcon.colcon_core.package_identification:_identify(cstam-pkg/mission_proof/2026/January/21/mission_A09FB3E6) by extensions ['ignore', 'ignore_ament_install']
[0.847s] Level 1:colcon.colcon_core.package_identification:_identify(cstam-pkg/mission_proof/2026/January/21/mission_A09FB3E6) by extension 'ignore'
[0.847s] Level 1:colcon.colcon_core.package_identification:_identify(cstam-pkg/mission_proof/2026/January/21/mission_A09FB3E6) by extension 'ignore_ament_install'
[0.847s] Level 1:colcon.colcon_core.package_identification:_identify(cstam-pkg/mission_proof/2026/January/21/mission_A09FB3E6) by extensions ['colcon_pkg']
[0.847s] Level 1:colcon.colcon_core.package_identification:_identify(cstam-pkg/mission_proof/2026/January/21/mission_A09FB3E6) by extension 'colcon_pkg'
[0.848s] Level 1:colcon.colcon_core.package_identification:_identify(cstam-pkg/mission_proof/2026/January/21/mission_A09FB3E6) by extensions ['colcon_meta']
[0.848s] Level 1:colcon.colcon_core.package_identification:_identify(cstam-pkg/mission_proof/2026/January/21/mission_A09FB3E6) by extension 'colcon_meta'
[0.848s] Level 1:colcon.colcon_core.package_identification:_identify(cstam-pkg/mission_proof/2026/January/21/mission_A09FB3E6) by extensions ['ros']
[0.848s] Level 1:colcon.colcon_core.package_identification:_identify(cstam-pkg/mission_proof/2026/January/21/mission_A09FB3E6) by extension 'ros'
[0.848s] Level 1:colcon.colcon_core.package_identification:_identify(cstam-pkg/mission_proof/2026/January/21/mission_A09FB3E6) by extensions ['cmake', 'python']
[0.848s] Level 1:colcon.colcon_core.package_identification:_identify(cstam-pkg/mission_proof/2026/January/21/mission_A09FB3E6) by extension 'cmake'
[0.848s] Level 1:colcon.colcon_core.package_identification:_identify(cstam-pkg/mission_proof/2026/January/21/mission_A09FB3E6) by extension 'python'
[0.848s] Level 1:colcon.colcon_core.package_identification:_identify(cstam-pkg/mission_proof/2026/January/21/mission_A09FB3E6) by extensions ['python_setup_py']
[0.848s] Level 1:colcon.colcon_core.package_identification:_identify(cstam-pkg/mission_proof/2026/January/21/mission_A09FB3E6) by extension 'python_setup_py'
[0.848s] Level 1:colcon.colcon_core.package_identification:_identify(cstam-pkg/mission_proof/2026/January/21/mission_C087C108) by extensions ['ignore', 'ignore_ament_install']
[0.848s] Level 1:colcon.colcon_core.package_identification:_identify(cstam-pkg/mission_proof/2026/January/21/mission_C087C108) by extension 'ignore'
[0.848s] Level 1:colcon.colcon_core.package_identification:_identify(cstam-pkg/mission_proof/2026/January/21/mission_C087C108) by extension 'ignore_ament_install'
[0.848s] Level 1:colcon.colcon_core.package_identification:_identify(cstam-pkg/mission_proof/2026/January/21/mission_C087C108) by extensions ['colcon_pkg']
[0.848s] Level 1:colcon.colcon_core.package_identification:_identify(cstam-pkg/mission_proof/2026/January/21/mission_C087C108) by extension 'colcon_pkg'
[0.848s] Level 1:colcon.colcon_core.package_identification:_identify(cstam-pkg/mission_proof/2026/January/21/mission_C087C108) by extensions ['colcon_meta']
[0.848s] Level 1:colcon.colcon_core.package_identification:_identify(cstam-pkg/mission_proof/2026/January/21/mission_C087C108) by extension 'colcon_meta'
[0.848s] Level 1:colcon.colcon_core.package_identification:_identify(cstam-pkg/mission_proof/2026/January/21/mission_C087C108) by extensions ['ros']
[0.848s] Level 1:colcon.colcon_core.package_identification:_identify(cstam-pkg/mission_proof/2026/January/21/mission_C087C108) by extension 'ros'
[0.848s] Level 1:colcon.colcon_core.package_identification:_identify(cstam-pkg/mission_proof/2026/January/21/mission_C087C108) by extensions ['cmake', 'python']
[0.848s] Level 1:colcon.colcon_core.package_identification:_identify(cstam-pkg/mission_proof/2026/January/21/mission_C087C108) by extension 'cmake'
[0.848s] Level 1:colcon.colcon_core.package_identification:_identify(cstam-pkg/mission_proof/2026/January/21/mission_C087C108) by extension 'python'
[0.848s] Level 1:colcon.colcon_core.package_identification:_identify(cstam-pkg/mission_proof/2026/January/21/mission_C087C108) by extensions ['python_setup_py']
[0.848s] Level 1:colcon.colcon_core.package_identification:_identify(cstam-pkg/mission_proof/2026/January/21/mission_C087C108) by extension 'python_setup_py'
[0.848s] Level 1:colcon.colcon_core.package_identification:_identify(cstam-pkg/mobile) by extensions ['ignore', 'ignore_ament_install']
[0.848s] Level 1:colcon.colcon_core.package_identification:_identify(cstam-pkg/mobile) by extension 'ignore'
[0.848s] Level 1:colcon.colcon_core.package_identification:_identify(cstam-pkg/mobile) ignored
[0.848s] Level 1:colcon.colcon_core.package_identification:_identify(cstam-pkg/src) by extensions ['ignore', 'ignore_ament_install']
[0.848s] Level 1:colcon.colcon_core.package_identification:_identify(cstam-pkg/src) by extension 'ignore'
[0.848s] Level 1:colcon.colcon_core.package_identification:_identify(cstam-pkg/src) by extension 'ignore_ament_install'
[0.848s] Level 1:colcon.colcon_core.package_identification:_identify(cstam-pkg/src) by extensions ['colcon_pkg']
[0.848s] Level 1:colcon.colcon_core.package_identification:_identify(cstam-pkg/src) by extension 'colcon_pkg'
[0.848s] Level 1:colcon.colcon_core.package_identification:_identify(cstam-pkg/src) by extensions ['colcon_meta']
[0.848s] Level 1:colcon.colcon_core.package_identification:_identify(cstam-pkg/src) by extension 'colcon_meta'
[0.849s] Level 1:colcon.colcon_core.package_identification:_identify(cstam-pkg/src) by extensions ['ros']
[0.849s] Level 1:colcon.colcon_core.package_identification:_identify(cstam-pkg/src) by extension 'ros'
[0.849s] Level 1:colcon.colcon_core.package_identification:_identify(cstam-pkg/src) by extensions ['cmake', 'python']
[0.849s] Level 1:colcon.colcon_core.package_identification:_identify(cstam-pkg/src) by extension 'cmake'
[0.849s] Level 1:colcon.colcon_core.package_identification:_identify(cstam-pkg/src) by extension 'python'
[0.849s] Level 1:colcon.colcon_core.package_identification:_identify(cstam-pkg/src) by extensions ['python_setup_py']
[0.849s] Level 1:colcon.colcon_core.package_identification:_identify(cstam-pkg/src) by extension 'python_setup_py'
[0.849s] Level 1:colcon.colcon_core.package_identification:_identify(cstam-pkg/src/App) by extensions ['ignore', 'ignore_ament_install']
[0.849s] Level 1:colcon.colcon_core.package_identification:_identify(cstam-pkg/src/App) by extension 'ignore'
[0.849s] Level 1:colcon.colcon_core.package_identification:_identify(cstam-pkg/src/App) by extension 'ignore_ament_install'
[0.849s] Level 1:colcon.colcon_core.package_identification:_identify(cstam-pkg/src/App) by extensions ['colcon_pkg']
[0.849s] Level 1:colcon.colcon_core.package_identification:_identify(cstam-pkg/src/App) by extension 'colcon_pkg'
[0.849s] Level 1:colcon.colcon_core.package_identification:_identify(cstam-pkg/src/App) by extensions ['colcon_meta']
[0.849s] Level 1:colcon.colcon_core.package_identification:_identify(cstam-pkg/src/App) by extension 'colcon_meta'
[0.849s] Level 1:colcon.colcon_core.package_identification:_identify(cstam-pkg/src/App) by extensions ['ros']
[0.849s] Level 1:colcon.colcon_core.package_identification:_identify(cstam-pkg/src/App) by extension 'ros'
[0.849s] Level 1:colcon.colcon_core.package_identification:_identify(cstam-pkg/src/App) by extensions ['cmake', 'python']
[0.849s] Level 1:colcon.colcon_core.package_identification:_identify(cstam-pkg/src/App) by extension 'cmake'
[0.849s] Level 1:colcon.colcon_core.package_identification:_identify(cstam-pkg/src/App) by extension 'python'
[0.849s] Level 1:colcon.colcon_core.package_identification:_identify(cstam-pkg/src/App) by extensions ['python_setup_py']
[0.849s] Level 1:colcon.colcon_core.package_identification:_identify(cstam-pkg/src/App) by extension 'python_setup_py'
[0.849s] Level 1:colcon.colcon_core.package_identification:_identify(cstam-pkg/src/App/andino_mobile_bridge) by extensions ['ignore', 'ignore_ament_install']
[0.849s] Level 1:colcon.colcon_core.package_identification:_identify(cstam-pkg/src/App/andino_mobile_bridge) by extension 'ignore'
[0.849s] Level 1:colcon.colcon_core.package_identification:_identify(cstam-pkg/src/App/andino_mobile_bridge) by extension 'ignore_ament_install'
[0.849s] Level 1:colcon.colcon_core.package_identification:_identify(cstam-pkg/src/App/andino_mobile_bridge) by extensions ['colcon_pkg']
[0.849s] Level 1:colcon.colcon_core.package_identification:_identify(cstam-pkg/src/App/andino_mobile_bridge) by extension 'colcon_pkg'
[0.849s] Level 1:colcon.colcon_core.package_identification:_identify(cstam-pkg/src/App/andino_mobile_bridge) by extensions ['colcon_meta']
[0.849s] Level 1:colcon.colcon_core.package_identification:_identify(cstam-pkg/src/App/andino_mobile_bridge) by extension 'colcon_meta'
[0.849s] Level 1:colcon.colcon_core.package_identification:_identify(cstam-pkg/src/App/andino_mobile_bridge) by extensions ['ros']
[0.849s] Level 1:colcon.colcon_core.package_identification:_identify(cstam-pkg/src/App/andino_mobile_bridge) by extension 'ros'
[0.855s] DEBUG:colcon.colcon_core.package_identification:Package 'cstam-pkg/src/App/andino_mobile_bridge' with type 'ros.ament_python' and name 'andino_mobile_bridge'
[0.855s] Level 1:colcon.colcon_core.package_identification:_identify(cstam-pkg/src/App/audio_assets) by extensions ['ignore', 'ignore_ament_install']
[0.855s] Level 1:colcon.colcon_core.package_identification:_identify(cstam-pkg/src/App/audio_assets) by extension 'ignore'
[0.855s] Level 1:colcon.colcon_core.package_identification:_identify(cstam-pkg/src/App/audio_assets) by extension 'ignore_ament_install'
[0.855s] Level 1:colcon.colcon_core.package_identification:_identify(cstam-pkg/src/App/audio_assets) by extensions ['colcon_pkg']
[0.855s] Level 1:colcon.colcon_core.package_identification:_identify(cstam-pkg/src/App/audio_assets) by extension 'colcon_pkg'
[0.855s] Level 1:colcon.colcon_core.package_identification:_identify(cstam-pkg/src/App/audio_assets) by extensions ['colcon_meta']
[0.855s] Level 1:colcon.colcon_core.package_identification:_identify(cstam-pkg/src/App/audio_assets) by extension 'colcon_meta'
[0.855s] Level 1:colcon.colcon_core.package_identification:_identify(cstam-pkg/src/App/audio_assets) by extensions ['ros']
[0.855s] Level 1:colcon.colcon_core.package_identification:_identify(cstam-pkg/src/App/audio_assets) by extension 'ros'
[0.855s] Level 1:colcon.colcon_core.package_identification:_identify(cstam-pkg/src/App/audio_assets) by extensions ['cmake', 'python']
[0.855s] Level 1:colcon.colcon_core.package_identification:_identify(cstam-pkg/src/App/audio_assets) by extension 'cmake'
[0.855s] Level 1:colcon.colcon_core.package_identification:_identify(cstam-pkg/src/App/audio_assets) by extension 'python'
[0.855s] Level 1:colcon.colcon_core.package_identification:_identify(cstam-pkg/src/App/audio_assets) by extensions ['python_setup_py']
[0.855s] Level 1:colcon.colcon_core.package_identification:_identify(cstam-pkg/src/App/audio_assets) by extension 'python_setup_py'
[0.855s] Level 1:colcon.colcon_core.package_identification:_identify(cstam-pkg/src/App/audio_assets/samples) by extensions ['ignore', 'ignore_ament_install']
[0.855s] Level 1:colcon.colcon_core.package_identification:_identify(cstam-pkg/src/App/audio_assets/samples) by extension 'ignore'
[0.856s] Level 1:colcon.colcon_core.package_identification:_identify(cstam-pkg/src/App/audio_assets/samples) by extension 'ignore_ament_install'
[0.856s] Level 1:colcon.colcon_core.package_identification:_identify(cstam-pkg/src/App/audio_assets/samples) by extensions ['colcon_pkg']
[0.856s] Level 1:colcon.colcon_core.package_identification:_identify(cstam-pkg/src/App/audio_assets/samples) by extension 'colcon_pkg'
[0.856s] Level 1:colcon.colcon_core.package_identification:_identify(cstam-pkg/src/App/audio_assets/samples) by extensions ['colcon_meta']
[0.856s] Level 1:colcon.colcon_core.package_identification:_identify(cstam-pkg/src/App/audio_assets/samples) by extension 'colcon_meta'
[0.856s] Level 1:colcon.colcon_core.package_identification:_identify(cstam-pkg/src/App/audio_assets/samples) by extensions ['ros']
[0.856s] Level 1:colcon.colcon_core.package_identification:_identify(cstam-pkg/src/App/audio_assets/samples) by extension 'ros'
[0.856s] Level 1:colcon.colcon_core.package_identification:_identify(cstam-pkg/src/App/audio_assets/samples) by extensions ['cmake', 'python']
[0.856s] Level 1:colcon.colcon_core.package_identification:_identify(cstam-pkg/src/App/audio_assets/samples) by extension 'cmake'
[0.856s] Level 1:colcon.colcon_core.package_identification:_identify(cstam-pkg/src/App/audio_assets/samples) by extension 'python'
[0.856s] Level 1:colcon.colcon_core.package_identification:_identify(cstam-pkg/src/App/audio_assets/samples) by extensions ['python_setup_py']
[0.856s] Level 1:colcon.colcon_core.package_identification:_identify(cstam-pkg/src/App/audio_assets/samples) by extension 'python_setup_py'
[0.856s] Level 1:colcon.colcon_core.package_identification:_identify(cstam-pkg/src/App/chatbot) by extensions ['ignore', 'ignore_ament_install']
[0.856s] Level 1:colcon.colcon_core.package_identification:_identify(cstam-pkg/src/App/chatbot) by extension 'ignore'
[0.856s] Level 1:colcon.colcon_core.package_identification:_identify(cstam-pkg/src/App/chatbot) by extension 'ignore_ament_install'
[0.856s] Level 1:colcon.colcon_core.package_identification:_identify(cstam-pkg/src/App/chatbot) by extensions ['colcon_pkg']
[0.856s] Level 1:colcon.colcon_core.package_identification:_identify(cstam-pkg/src/App/chatbot) by extension 'colcon_pkg'
[0.856s] Level 1:colcon.colcon_core.package_identification:_identify(cstam-pkg/src/App/chatbot) by extensions ['colcon_meta']
[0.856s] Level 1:colcon.colcon_core.package_identification:_identify(cstam-pkg/src/App/chatbot) by extension 'colcon_meta'
[0.856s] Level 1:colcon.colcon_core.package_identification:_identify(cstam-pkg/src/App/chatbot) by extensions ['ros']
[0.856s] Level 1:colcon.colcon_core.package_identification:_identify(cstam-pkg/src/App/chatbot) by extension 'ros'
[0.856s] Level 1:colcon.colcon_core.package_identification:_identify(cstam-pkg/src/App/chatbot) by extensions ['cmake', 'python']
[0.856s] Level 1:colcon.colcon_core.package_identification:_identify(cstam-pkg/src/App/chatbot) by extension 'cmake'
[0.856s] Level 1:colcon.colcon_core.package_identification:_identify(cstam-pkg/src/App/chatbot) by extension 'python'
[0.856s] Level 1:colcon.colcon_core.package_identification:_identify(cstam-pkg/src/App/chatbot) by extensions ['python_setup_py']
[0.856s] Level 1:colcon.colcon_core.package_identification:_identify(cstam-pkg/src/App/chatbot) by extension 'python_setup_py'
[0.856s] Level 1:colcon.colcon_core.package_identification:_identify(cstam-pkg/src/App/chatbot/audio_common) by extensions ['ignore', 'ignore_ament_install']
[0.856s] Level 1:colcon.colcon_core.package_identification:_identify(cstam-pkg/src/App/chatbot/audio_common) by extension 'ignore'
[0.856s] Level 1:colcon.colcon_core.package_identification:_identify(cstam-pkg/src/App/chatbot/audio_common) by extension 'ignore_ament_install'
[0.856s] Level 1:colcon.colcon_core.package_identification:_identify(cstam-pkg/src/App/chatbot/audio_common) by extensions ['colcon_pkg']
[0.856s] Level 1:colcon.colcon_core.package_identification:_identify(cstam-pkg/src/App/chatbot/audio_common) by extension 'colcon_pkg'
[0.857s] Level 1:colcon.colcon_core.package_identification:_identify(cstam-pkg/src/App/chatbot/audio_common) by extensions ['colcon_meta']
[0.857s] Level 1:colcon.colcon_core.package_identification:_identify(cstam-pkg/src/App/chatbot/audio_common) by extension 'colcon_meta'
[0.857s] Level 1:colcon.colcon_core.package_identification:_identify(cstam-pkg/src/App/chatbot/audio_common) by extensions ['ros']
[0.857s] Level 1:colcon.colcon_core.package_identification:_identify(cstam-pkg/src/App/chatbot/audio_common) by extension 'ros'
[0.857s] Level 1:colcon.colcon_core.package_identification:_identify(cstam-pkg/src/App/chatbot/audio_common) by extensions ['cmake', 'python']
[0.857s] Level 1:colcon.colcon_core.package_identification:_identify(cstam-pkg/src/App/chatbot/audio_common) by extension 'cmake'
[0.857s] Level 1:colcon.colcon_core.package_identification:_identify(cstam-pkg/src/App/chatbot/audio_common) by extension 'python'
[0.857s] Level 1:colcon.colcon_core.package_identification:_identify(cstam-pkg/src/App/chatbot/audio_common) by extensions ['python_setup_py']
[0.857s] Level 1:colcon.colcon_core.package_identification:_identify(cstam-pkg/src/App/chatbot/audio_common) by extension 'python_setup_py'
[0.857s] Level 1:colcon.colcon_core.package_identification:_identify(cstam-pkg/src/App/chatbot/audio_common/audio_common) by extensions ['ignore', 'ignore_ament_install']
[0.857s] Level 1:colcon.colcon_core.package_identification:_identify(cstam-pkg/src/App/chatbot/audio_common/audio_common) by extension 'ignore'
[0.857s] Level 1:colcon.colcon_core.package_identification:_identify(cstam-pkg/src/App/chatbot/audio_common/audio_common) by extension 'ignore_ament_install'
[0.857s] Level 1:colcon.colcon_core.package_identification:_identify(cstam-pkg/src/App/chatbot/audio_common/audio_common) by extensions ['colcon_pkg']
[0.857s] Level 1:colcon.colcon_core.package_identification:_identify(cstam-pkg/src/App/chatbot/audio_common/audio_common) by extension 'colcon_pkg'
[0.857s] Level 1:colcon.colcon_core.package_identification:_identify(cstam-pkg/src/App/chatbot/audio_common/audio_common) by extensions ['colcon_meta']
[0.857s] Level 1:colcon.colcon_core.package_identification:_identify(cstam-pkg/src/App/chatbot/audio_common/audio_common) by extension 'colcon_meta'
[0.857s] Level 1:colcon.colcon_core.package_identification:_identify(cstam-pkg/src/App/chatbot/audio_common/audio_common) by extensions ['ros']
[0.857s] Level 1:colcon.colcon_core.package_identification:_identify(cstam-pkg/src/App/chatbot/audio_common/audio_common) by extension 'ros'
[0.858s] DEBUG:colcon.colcon_core.package_identification:Package 'cstam-pkg/src/App/chatbot/audio_common/audio_common' with type 'ros.ament_cmake' and name 'audio_common'
[0.858s] Level 1:colcon.colcon_core.package_identification:_identify(cstam-pkg/src/App/chatbot/audio_common/audio_common_msgs) by extensions ['ignore', 'ignore_ament_install']
[0.858s] Level 1:colcon.colcon_core.package_identification:_identify(cstam-pkg/src/App/chatbot/audio_common/audio_common_msgs) by extension 'ignore'
[0.858s] Level 1:colcon.colcon_core.package_identification:_identify(cstam-pkg/src/App/chatbot/audio_common/audio_common_msgs) by extension 'ignore_ament_install'
[0.858s] Level 1:colcon.colcon_core.package_identification:_identify(cstam-pkg/src/App/chatbot/audio_common/audio_common_msgs) by extensions ['colcon_pkg']
[0.858s] Level 1:colcon.colcon_core.package_identification:_identify(cstam-pkg/src/App/chatbot/audio_common/audio_common_msgs) by extension 'colcon_pkg'
[0.858s] Level 1:colcon.colcon_core.package_identification:_identify(cstam-pkg/src/App/chatbot/audio_common/audio_common_msgs) by extensions ['colcon_meta']
[0.858s] Level 1:colcon.colcon_core.package_identification:_identify(cstam-pkg/src/App/chatbot/audio_common/audio_common_msgs) by extension 'colcon_meta'
[0.858s] Level 1:colcon.colcon_core.package_identification:_identify(cstam-pkg/src/App/chatbot/audio_common/audio_common_msgs) by extensions ['ros']
[0.858s] Level 1:colcon.colcon_core.package_identification:_identify(cstam-pkg/src/App/chatbot/audio_common/audio_common_msgs) by extension 'ros'
[0.859s] DEBUG:colcon.colcon_core.package_identification:Package 'cstam-pkg/src/App/chatbot/audio_common/audio_common_msgs' with type 'ros.ament_cmake' and name 'audio_common_msgs'
[0.859s] Level 1:colcon.colcon_core.package_identification:_identify(cstam-pkg/src/App/chatbot/chatbot_ros) by extensions ['ignore', 'ignore_ament_install']
[0.859s] Level 1:colcon.colcon_core.package_identification:_identify(cstam-pkg/src/App/chatbot/chatbot_ros) by extension 'ignore'
[0.859s] Level 1:colcon.colcon_core.package_identification:_identify(cstam-pkg/src/App/chatbot/chatbot_ros) by extension 'ignore_ament_install'
[0.860s] Level 1:colcon.colcon_core.package_identification:_identify(cstam-pkg/src/App/chatbot/chatbot_ros) by extensions ['colcon_pkg']
[0.860s] Level 1:colcon.colcon_core.package_identification:_identify(cstam-pkg/src/App/chatbot/chatbot_ros) by extension 'colcon_pkg'
[0.860s] Level 1:colcon.colcon_core.package_identification:_identify(cstam-pkg/src/App/chatbot/chatbot_ros) by extensions ['colcon_meta']
[0.860s] Level 1:colcon.colcon_core.package_identification:_identify(cstam-pkg/src/App/chatbot/chatbot_ros) by extension 'colcon_meta'
[0.860s] Level 1:colcon.colcon_core.package_identification:_identify(cstam-pkg/src/App/chatbot/chatbot_ros) by extensions ['ros']
[0.860s] Level 1:colcon.colcon_core.package_identification:_identify(cstam-pkg/src/App/chatbot/chatbot_ros) by extension 'ros'
[0.861s] DEBUG:colcon.colcon_core.package_identification:Package 'cstam-pkg/src/App/chatbot/chatbot_ros' with type 'ros.ament_python' and name 'chatbot_ros'
[0.861s] Level 1:colcon.colcon_core.package_identification:_identify(cstam-pkg/src/App/chatbot/edge_tts_ros) by extensions ['ignore', 'ignore_ament_install']
[0.861s] Level 1:colcon.colcon_core.package_identification:_identify(cstam-pkg/src/App/chatbot/edge_tts_ros) by extension 'ignore'
[0.861s] Level 1:colcon.colcon_core.package_identification:_identify(cstam-pkg/src/App/chatbot/edge_tts_ros) by extension 'ignore_ament_install'
[0.861s] Level 1:colcon.colcon_core.package_identification:_identify(cstam-pkg/src/App/chatbot/edge_tts_ros) by extensions ['colcon_pkg']
[0.861s] Level 1:colcon.colcon_core.package_identification:_identify(cstam-pkg/src/App/chatbot/edge_tts_ros) by extension 'colcon_pkg'
[0.861s] Level 1:colcon.colcon_core.package_identification:_identify(cstam-pkg/src/App/chatbot/edge_tts_ros) by extensions ['colcon_meta']
[0.861s] Level 1:colcon.colcon_core.package_identification:_identify(cstam-pkg/src/App/chatbot/edge_tts_ros) by extension 'colcon_meta'
[0.861s] Level 1:colcon.colcon_core.package_identification:_identify(cstam-pkg/src/App/chatbot/edge_tts_ros) by extensions ['ros']
[0.861s] Level 1:colcon.colcon_core.package_identification:_identify(cstam-pkg/src/App/chatbot/edge_tts_ros) by extension 'ros'
[0.862s] DEBUG:colcon.colcon_core.package_identification:Package 'cstam-pkg/src/App/chatbot/edge_tts_ros' with type 'ros.ament_python' and name 'edge_tts_ros'
[0.862s] Level 1:colcon.colcon_core.package_identification:_identify(cstam-pkg/src/App/chatbot/llama_ros) by extensions ['ignore', 'ignore_ament_install']
[0.862s] Level 1:colcon.colcon_core.package_identification:_identify(cstam-pkg/src/App/chatbot/llama_ros) by extension 'ignore'
[0.862s] Level 1:colcon.colcon_core.package_identification:_identify(cstam-pkg/src/App/chatbot/llama_ros) by extension 'ignore_ament_install'
[0.862s] Level 1:colcon.colcon_core.package_identification:_identify(cstam-pkg/src/App/chatbot/llama_ros) by extensions ['colcon_pkg']
[0.862s] Level 1:colcon.colcon_core.package_identification:_identify(cstam-pkg/src/App/chatbot/llama_ros) by extension 'colcon_pkg'
[0.862s] Level 1:colcon.colcon_core.package_identification:_identify(cstam-pkg/src/App/chatbot/llama_ros) by extensions ['colcon_meta']
[0.862s] Level 1:colcon.colcon_core.package_identification:_identify(cstam-pkg/src/App/chatbot/llama_ros) by extension 'colcon_meta'
[0.862s] Level 1:colcon.colcon_core.package_identification:_identify(cstam-pkg/src/App/chatbot/llama_ros) by extensions ['ros']
[0.862s] Level 1:colcon.colcon_core.package_identification:_identify(cstam-pkg/src/App/chatbot/llama_ros) by extension 'ros'
[0.862s] Level 1:colcon.colcon_core.package_identification:_identify(cstam-pkg/src/App/chatbot/llama_ros) by extensions ['cmake', 'python']
[0.862s] Level 1:colcon.colcon_core.package_identification:_identify(cstam-pkg/src/App/chatbot/llama_ros) by extension 'cmake'
[0.862s] Level 1:colcon.colcon_core.package_identification:_identify(cstam-pkg/src/App/chatbot/llama_ros) by extension 'python'
[0.862s] Level 1:colcon.colcon_core.package_identification:_identify(cstam-pkg/src/App/chatbot/llama_ros) by extensions ['python_setup_py']
[0.862s] Level 1:colcon.colcon_core.package_identification:_identify(cstam-pkg/src/App/chatbot/llama_ros) by extension 'python_setup_py'
[0.862s] Level 1:colcon.colcon_core.package_identification:_identify(cstam-pkg/src/App/chatbot/llama_ros/docs) by extensions ['ignore', 'ignore_ament_install']
[0.863s] Level 1:colcon.colcon_core.package_identification:_identify(cstam-pkg/src/App/chatbot/llama_ros/docs) by extension 'ignore'
[0.863s] Level 1:colcon.colcon_core.package_identification:_identify(cstam-pkg/src/App/chatbot/llama_ros/docs) by extension 'ignore_ament_install'
[0.863s] Level 1:colcon.colcon_core.package_identification:_identify(cstam-pkg/src/App/chatbot/llama_ros/docs) by extensions ['colcon_pkg']
[0.863s] Level 1:colcon.colcon_core.package_identification:_identify(cstam-pkg/src/App/chatbot/llama_ros/docs) by extension 'colcon_pkg'
[0.863s] Level 1:colcon.colcon_core.package_identification:_identify(cstam-pkg/src/App/chatbot/llama_ros/docs) by extensions ['colcon_meta']
[0.863s] Level 1:colcon.colcon_core.package_identification:_identify(cstam-pkg/src/App/chatbot/llama_ros/docs) by extension 'colcon_meta'
[0.863s] Level 1:colcon.colcon_core.package_identification:_identify(cstam-pkg/src/App/chatbot/llama_ros/docs) by extensions ['ros']
[0.863s] Level 1:colcon.colcon_core.package_identification:_identify(cstam-pkg/src/App/chatbot/llama_ros/docs) by extension 'ros'
[0.863s] Level 1:colcon.colcon_core.package_identification:_identify(cstam-pkg/src/App/chatbot/llama_ros/docs) by extensions ['cmake', 'python']
[0.863s] Level 1:colcon.colcon_core.package_identification:_identify(cstam-pkg/src/App/chatbot/llama_ros/docs) by extension 'cmake'
[0.863s] Level 1:colcon.colcon_core.package_identification:_identify(cstam-pkg/src/App/chatbot/llama_ros/docs) by extension 'python'
[0.863s] Level 1:colcon.colcon_core.package_identification:_identify(cstam-pkg/src/App/chatbot/llama_ros/docs) by extensions ['python_setup_py']
[0.863s] Level 1:colcon.colcon_core.package_identification:_identify(cstam-pkg/src/App/chatbot/llama_ros/docs) by extension 'python_setup_py'
[0.863s] Level 1:colcon.colcon_core.package_identification:_identify(cstam-pkg/src/App/chatbot/llama_ros/llama_bringup) by extensions ['ignore', 'ignore_ament_install']
[0.863s] Level 1:colcon.colcon_core.package_identification:_identify(cstam-pkg/src/App/chatbot/llama_ros/llama_bringup) by extension 'ignore'
[0.863s] Level 1:colcon.colcon_core.package_identification:_identify(cstam-pkg/src/App/chatbot/llama_ros/llama_bringup) by extension 'ignore_ament_install'
[0.863s] Level 1:colcon.colcon_core.package_identification:_identify(cstam-pkg/src/App/chatbot/llama_ros/llama_bringup) by extensions ['colcon_pkg']
[0.863s] Level 1:colcon.colcon_core.package_identification:_identify(cstam-pkg/src/App/chatbot/llama_ros/llama_bringup) by extension 'colcon_pkg'
[0.863s] Level 1:colcon.colcon_core.package_identification:_identify(cstam-pkg/src/App/chatbot/llama_ros/llama_bringup) by extensions ['colcon_meta']
[0.863s] Level 1:colcon.colcon_core.package_identification:_identify(cstam-pkg/src/App/chatbot/llama_ros/llama_bringup) by extension 'colcon_meta'
[0.863s] Level 1:colcon.colcon_core.package_identification:_identify(cstam-pkg/src/App/chatbot/llama_ros/llama_bringup) by extensions ['ros']
[0.863s] Level 1:colcon.colcon_core.package_identification:_identify(cstam-pkg/src/App/chatbot/llama_ros/llama_bringup) by extension 'ros'
[0.864s] DEBUG:colcon.colcon_core.package_identification:Package 'cstam-pkg/src/App/chatbot/llama_ros/llama_bringup' with type 'ros.ament_cmake' and name 'llama_bringup'
[0.864s] Level 1:colcon.colcon_core.package_identification:_identify(cstam-pkg/src/App/chatbot/llama_ros/llama_bt) by extensions ['ignore', 'ignore_ament_install']
[0.864s] Level 1:colcon.colcon_core.package_identification:_identify(cstam-pkg/src/App/chatbot/llama_ros/llama_bt) by extension 'ignore'
[0.864s] Level 1:colcon.colcon_core.package_identification:_identify(cstam-pkg/src/App/chatbot/llama_ros/llama_bt) by extension 'ignore_ament_install'
[0.864s] Level 1:colcon.colcon_core.package_identification:_identify(cstam-pkg/src/App/chatbot/llama_ros/llama_bt) by extensions ['colcon_pkg']
[0.864s] Level 1:colcon.colcon_core.package_identification:_identify(cstam-pkg/src/App/chatbot/llama_ros/llama_bt) by extension 'colcon_pkg'
[0.864s] Level 1:colcon.colcon_core.package_identification:_identify(cstam-pkg/src/App/chatbot/llama_ros/llama_bt) by extensions ['colcon_meta']
[0.864s] Level 1:colcon.colcon_core.package_identification:_identify(cstam-pkg/src/App/chatbot/llama_ros/llama_bt) by extension 'colcon_meta'
[0.864s] Level 1:colcon.colcon_core.package_identification:_identify(cstam-pkg/src/App/chatbot/llama_ros/llama_bt) by extensions ['ros']
[0.864s] Level 1:colcon.colcon_core.package_identification:_identify(cstam-pkg/src/App/chatbot/llama_ros/llama_bt) by extension 'ros'
[0.872s] DEBUG:colcon.colcon_core.package_identification:Package 'cstam-pkg/src/App/chatbot/llama_ros/llama_bt' with type 'ros.ament_cmake' and name 'llama_bt'
[0.872s] Level 1:colcon.colcon_core.package_identification:_identify(cstam-pkg/src/App/chatbot/llama_ros/llama_cli) by extensions ['ignore', 'ignore_ament_install']
[0.872s] Level 1:colcon.colcon_core.package_identification:_identify(cstam-pkg/src/App/chatbot/llama_ros/llama_cli) by extension 'ignore'
[0.872s] Level 1:colcon.colcon_core.package_identification:_identify(cstam-pkg/src/App/chatbot/llama_ros/llama_cli) by extension 'ignore_ament_install'
[0.873s] Level 1:colcon.colcon_core.package_identification:_identify(cstam-pkg/src/App/chatbot/llama_ros/llama_cli) by extensions ['colcon_pkg']
[0.873s] Level 1:colcon.colcon_core.package_identification:_identify(cstam-pkg/src/App/chatbot/llama_ros/llama_cli) by extension 'colcon_pkg'
[0.873s] Level 1:colcon.colcon_core.package_identification:_identify(cstam-pkg/src/App/chatbot/llama_ros/llama_cli) by extensions ['colcon_meta']
[0.873s] Level 1:colcon.colcon_core.package_identification:_identify(cstam-pkg/src/App/chatbot/llama_ros/llama_cli) by extension 'colcon_meta'
[0.873s] Level 1:colcon.colcon_core.package_identification:_identify(cstam-pkg/src/App/chatbot/llama_ros/llama_cli) by extensions ['ros']
[0.873s] Level 1:colcon.colcon_core.package_identification:_identify(cstam-pkg/src/App/chatbot/llama_ros/llama_cli) by extension 'ros'
[0.873s] DEBUG:colcon.colcon_core.package_identification:Package 'cstam-pkg/src/App/chatbot/llama_ros/llama_cli' with type 'ros.ament_python' and name 'llama_cli'
[0.874s] Level 1:colcon.colcon_core.package_identification:_identify(cstam-pkg/src/App/chatbot/llama_ros/llama_cpp_vendor) by extensions ['ignore', 'ignore_ament_install']
[0.874s] Level 1:colcon.colcon_core.package_identification:_identify(cstam-pkg/src/App/chatbot/llama_ros/llama_cpp_vendor) by extension 'ignore'
[0.874s] Level 1:colcon.colcon_core.package_identification:_identify(cstam-pkg/src/App/chatbot/llama_ros/llama_cpp_vendor) by extension 'ignore_ament_install'
[0.874s] Level 1:colcon.colcon_core.package_identification:_identify(cstam-pkg/src/App/chatbot/llama_ros/llama_cpp_vendor) by extensions ['colcon_pkg']
[0.874s] Level 1:colcon.colcon_core.package_identification:_identify(cstam-pkg/src/App/chatbot/llama_ros/llama_cpp_vendor) by extension 'colcon_pkg'
[0.874s] Level 1:colcon.colcon_core.package_identification:_identify(cstam-pkg/src/App/chatbot/llama_ros/llama_cpp_vendor) by extensions ['colcon_meta']
[0.874s] Level 1:colcon.colcon_core.package_identification:_identify(cstam-pkg/src/App/chatbot/llama_ros/llama_cpp_vendor) by extension 'colcon_meta'
[0.874s] Level 1:colcon.colcon_core.package_identification:_identify(cstam-pkg/src/App/chatbot/llama_ros/llama_cpp_vendor) by extensions ['ros']
[0.874s] Level 1:colcon.colcon_core.package_identification:_identify(cstam-pkg/src/App/chatbot/llama_ros/llama_cpp_vendor) by extension 'ros'
[0.875s] DEBUG:colcon.colcon_core.package_identification:Package 'cstam-pkg/src/App/chatbot/llama_ros/llama_cpp_vendor' with type 'ros.ament_cmake' and name 'llama_cpp_vendor'
[0.875s] Level 1:colcon.colcon_core.package_identification:_identify(cstam-pkg/src/App/chatbot/llama_ros/llama_demos) by extensions ['ignore', 'ignore_ament_install']
[0.875s] Level 1:colcon.colcon_core.package_identification:_identify(cstam-pkg/src/App/chatbot/llama_ros/llama_demos) by extension 'ignore'
[0.875s] Level 1:colcon.colcon_core.package_identification:_identify(cstam-pkg/src/App/chatbot/llama_ros/llama_demos) by extension 'ignore_ament_install'
[0.875s] Level 1:colcon.colcon_core.package_identification:_identify(cstam-pkg/src/App/chatbot/llama_ros/llama_demos) by extensions ['colcon_pkg']
[0.875s] Level 1:colcon.colcon_core.package_identification:_identify(cstam-pkg/src/App/chatbot/llama_ros/llama_demos) by extension 'colcon_pkg'
[0.875s] Level 1:colcon.colcon_core.package_identification:_identify(cstam-pkg/src/App/chatbot/llama_ros/llama_demos) by extensions ['colcon_meta']
[0.875s] Level 1:colcon.colcon_core.package_identification:_identify(cstam-pkg/src/App/chatbot/llama_ros/llama_demos) by extension 'colcon_meta'
[0.875s] Level 1:colcon.colcon_core.package_identification:_identify(cstam-pkg/src/App/chatbot/llama_ros/llama_demos) by extensions ['ros']
[0.875s] Level 1:colcon.colcon_core.package_identification:_identify(cstam-pkg/src/App/chatbot/llama_ros/llama_demos) by extension 'ros'
[0.876s] DEBUG:colcon.colcon_core.package_identification:Package 'cstam-pkg/src/App/chatbot/llama_ros/llama_demos' with type 'ros.ament_cmake' and name 'llama_demos'
[0.876s] Level 1:colcon.colcon_core.package_identification:_identify(cstam-pkg/src/App/chatbot/llama_ros/llama_hfhub_vendor) by extensions ['ignore', 'ignore_ament_install']
[0.876s] Level 1:colcon.colcon_core.package_identification:_identify(cstam-pkg/src/App/chatbot/llama_ros/llama_hfhub_vendor) by extension 'ignore'
[0.876s] Level 1:colcon.colcon_core.package_identification:_identify(cstam-pkg/src/App/chatbot/llama_ros/llama_hfhub_vendor) by extension 'ignore_ament_install'
[0.876s] Level 1:colcon.colcon_core.package_identification:_identify(cstam-pkg/src/App/chatbot/llama_ros/llama_hfhub_vendor) by extensions ['colcon_pkg']
[0.876s] Level 1:colcon.colcon_core.package_identification:_identify(cstam-pkg/src/App/chatbot/llama_ros/llama_hfhub_vendor) by extension 'colcon_pkg'
[0.876s] Level 1:colcon.colcon_core.package_identification:_identify(cstam-pkg/src/App/chatbot/llama_ros/llama_hfhub_vendor) by extensions ['colcon_meta']
[0.876s] Level 1:colcon.colcon_core.package_identification:_identify(cstam-pkg/src/App/chatbot/llama_ros/llama_hfhub_vendor) by extension 'colcon_meta'
[0.876s] Level 1:colcon.colcon_core.package_identification:_identify(cstam-pkg/src/App/chatbot/llama_ros/llama_hfhub_vendor) by extensions ['ros']
[0.876s] Level 1:colcon.colcon_core.package_identification:_identify(cstam-pkg/src/App/chatbot/llama_ros/llama_hfhub_vendor) by extension 'ros'
[0.877s] DEBUG:colcon.colcon_core.package_identification:Package 'cstam-pkg/src/App/chatbot/llama_ros/llama_hfhub_vendor' with type 'ros.ament_cmake' and name 'llama_hfhub_vendor'
[0.877s] Level 1:colcon.colcon_core.package_identification:_identify(cstam-pkg/src/App/chatbot/llama_ros/llama_msgs) by extensions ['ignore', 'ignore_ament_install']
[0.877s] Level 1:colcon.colcon_core.package_identification:_identify(cstam-pkg/src/App/chatbot/llama_ros/llama_msgs) by extension 'ignore'
[0.877s] Level 1:colcon.colcon_core.package_identification:_identify(cstam-pkg/src/App/chatbot/llama_ros/llama_msgs) by extension 'ignore_ament_install'
[0.877s] Level 1:colcon.colcon_core.package_identification:_identify(cstam-pkg/src/App/chatbot/llama_ros/llama_msgs) by extensions ['colcon_pkg']
[0.877s] Level 1:colcon.colcon_core.package_identification:_identify(cstam-pkg/src/App/chatbot/llama_ros/llama_msgs) by extension 'colcon_pkg'
[0.877s] Level 1:colcon.colcon_core.package_identification:_identify(cstam-pkg/src/App/chatbot/llama_ros/llama_msgs) by extensions ['colcon_meta']
[0.877s] Level 1:colcon.colcon_core.package_identification:_identify(cstam-pkg/src/App/chatbot/llama_ros/llama_msgs) by extension 'colcon_meta'
[0.877s] Level 1:colcon.colcon_core.package_identification:_identify(cstam-pkg/src/App/chatbot/llama_ros/llama_msgs) by extensions ['ros']
[0.877s] Level 1:colcon.colcon_core.package_identification:_identify(cstam-pkg/src/App/chatbot/llama_ros/llama_msgs) by extension 'ros'
[0.878s] DEBUG:colcon.colcon_core.package_identification:Package 'cstam-pkg/src/App/chatbot/llama_ros/llama_msgs' with type 'ros.ament_cmake' and name 'llama_msgs'
[0.878s] Level 1:colcon.colcon_core.package_identification:_identify(cstam-pkg/src/App/chatbot/llama_ros/llama_ros) by extensions ['ignore', 'ignore_ament_install']
[0.878s] Level 1:colcon.colcon_core.package_identification:_identify(cstam-pkg/src/App/chatbot/llama_ros/llama_ros) by extension 'ignore'
[0.878s] Level 1:colcon.colcon_core.package_identification:_identify(cstam-pkg/src/App/chatbot/llama_ros/llama_ros) by extension 'ignore_ament_install'
[0.878s] Level 1:colcon.colcon_core.package_identification:_identify(cstam-pkg/src/App/chatbot/llama_ros/llama_ros) by extensions ['colcon_pkg']
[0.878s] Level 1:colcon.colcon_core.package_identification:_identify(cstam-pkg/src/App/chatbot/llama_ros/llama_ros) by extension 'colcon_pkg'
[0.878s] Level 1:colcon.colcon_core.package_identification:_identify(cstam-pkg/src/App/chatbot/llama_ros/llama_ros) by extensions ['colcon_meta']
[0.878s] Level 1:colcon.colcon_core.package_identification:_identify(cstam-pkg/src/App/chatbot/llama_ros/llama_ros) by extension 'colcon_meta'
[0.878s] Level 1:colcon.colcon_core.package_identification:_identify(cstam-pkg/src/App/chatbot/llama_ros/llama_ros) by extensions ['ros']
[0.878s] Level 1:colcon.colcon_core.package_identification:_identify(cstam-pkg/src/App/chatbot/llama_ros/llama_ros) by extension 'ros'
[0.879s] DEBUG:colcon.colcon_core.package_identification:Package 'cstam-pkg/src/App/chatbot/llama_ros/llama_ros' with type 'ros.ament_cmake' and name 'llama_ros'
[0.879s] Level 1:colcon.colcon_core.package_identification:_identify(cstam-pkg/src/App/chatbot/piper_ros) by extensions ['ignore', 'ignore_ament_install']
[0.880s] Level 1:colcon.colcon_core.package_identification:_identify(cstam-pkg/src/App/chatbot/piper_ros) by extension 'ignore'
[0.880s] Level 1:colcon.colcon_core.package_identification:_identify(cstam-pkg/src/App/chatbot/piper_ros) by extension 'ignore_ament_install'
[0.880s] Level 1:colcon.colcon_core.package_identification:_identify(cstam-pkg/src/App/chatbot/piper_ros) by extensions ['colcon_pkg']
[0.880s] Level 1:colcon.colcon_core.package_identification:_identify(cstam-pkg/src/App/chatbot/piper_ros) by extension 'colcon_pkg'
[0.880s] Level 1:colcon.colcon_core.package_identification:_identify(cstam-pkg/src/App/chatbot/piper_ros) by extensions ['colcon_meta']
[0.880s] Level 1:colcon.colcon_core.package_identification:_identify(cstam-pkg/src/App/chatbot/piper_ros) by extension 'colcon_meta'
[0.880s] Level 1:colcon.colcon_core.package_identification:_identify(cstam-pkg/src/App/chatbot/piper_ros) by extensions ['ros']
[0.880s] Level 1:colcon.colcon_core.package_identification:_identify(cstam-pkg/src/App/chatbot/piper_ros) by extension 'ros'
[0.880s] Level 1:colcon.colcon_core.package_identification:_identify(cstam-pkg/src/App/chatbot/piper_ros) by extensions ['cmake', 'python']
[0.880s] Level 1:colcon.colcon_core.package_identification:_identify(cstam-pkg/src/App/chatbot/piper_ros) by extension 'cmake'
[0.880s] Level 1:colcon.colcon_core.package_identification:_identify(cstam-pkg/src/App/chatbot/piper_ros) by extension 'python'
[0.880s] Level 1:colcon.colcon_core.package_identification:_identify(cstam-pkg/src/App/chatbot/piper_ros) by extensions ['python_setup_py']
[0.880s] Level 1:colcon.colcon_core.package_identification:_identify(cstam-pkg/src/App/chatbot/piper_ros) by extension 'python_setup_py'
[0.880s] Level 1:colcon.colcon_core.package_identification:_identify(cstam-pkg/src/App/chatbot/piper_ros/piper_bringup) by extensions ['ignore', 'ignore_ament_install']
[0.880s] Level 1:colcon.colcon_core.package_identification:_identify(cstam-pkg/src/App/chatbot/piper_ros/piper_bringup) by extension 'ignore'
[0.880s] Level 1:colcon.colcon_core.package_identification:_identify(cstam-pkg/src/App/chatbot/piper_ros/piper_bringup) by extension 'ignore_ament_install'
[0.880s] Level 1:colcon.colcon_core.package_identification:_identify(cstam-pkg/src/App/chatbot/piper_ros/piper_bringup) by extensions ['colcon_pkg']
[0.880s] Level 1:colcon.colcon_core.package_identification:_identify(cstam-pkg/src/App/chatbot/piper_ros/piper_bringup) by extension 'colcon_pkg'
[0.880s] Level 1:colcon.colcon_core.package_identification:_identify(cstam-pkg/src/App/chatbot/piper_ros/piper_bringup) by extensions ['colcon_meta']
[0.880s] Level 1:colcon.colcon_core.package_identification:_identify(cstam-pkg/src/App/chatbot/piper_ros/piper_bringup) by extension 'colcon_meta'
[0.880s] Level 1:colcon.colcon_core.package_identification:_identify(cstam-pkg/src/App/chatbot/piper_ros/piper_bringup) by extensions ['ros']
[0.880s] Level 1:colcon.colcon_core.package_identification:_identify(cstam-pkg/src/App/chatbot/piper_ros/piper_bringup) by extension 'ros'
[0.881s] DEBUG:colcon.colcon_core.package_identification:Package 'cstam-pkg/src/App/chatbot/piper_ros/piper_bringup' with type 'ros.ament_cmake' and name 'piper_bringup'
[0.881s] Level 1:colcon.colcon_core.package_identification:_identify(cstam-pkg/src/App/chatbot/piper_ros/piper_hfhub_vendor) by extensions ['ignore', 'ignore_ament_install']
[0.881s] Level 1:colcon.colcon_core.package_identification:_identify(cstam-pkg/src/App/chatbot/piper_ros/piper_hfhub_vendor) by extension 'ignore'
[0.881s] Level 1:colcon.colcon_core.package_identification:_identify(cstam-pkg/src/App/chatbot/piper_ros/piper_hfhub_vendor) by extension 'ignore_ament_install'
[0.881s] Level 1:colcon.colcon_core.package_identification:_identify(cstam-pkg/src/App/chatbot/piper_ros/piper_hfhub_vendor) by extensions ['colcon_pkg']
[0.881s] Level 1:colcon.colcon_core.package_identification:_identify(cstam-pkg/src/App/chatbot/piper_ros/piper_hfhub_vendor) by extension 'colcon_pkg'
[0.882s] Level 1:colcon.colcon_core.package_identification:_identify(cstam-pkg/src/App/chatbot/piper_ros/piper_hfhub_vendor) by extensions ['colcon_meta']
[0.882s] Level 1:colcon.colcon_core.package_identification:_identify(cstam-pkg/src/App/chatbot/piper_ros/piper_hfhub_vendor) by extension 'colcon_meta'
[0.882s] Level 1:colcon.colcon_core.package_identification:_identify(cstam-pkg/src/App/chatbot/piper_ros/piper_hfhub_vendor) by extensions ['ros']
[0.882s] Level 1:colcon.colcon_core.package_identification:_identify(cstam-pkg/src/App/chatbot/piper_ros/piper_hfhub_vendor) by extension 'ros'
[0.884s] DEBUG:colcon.colcon_core.package_identification:Package 'cstam-pkg/src/App/chatbot/piper_ros/piper_hfhub_vendor' with type 'ros.ament_cmake' and name 'piper_hfhub_vendor'
[0.884s] Level 1:colcon.colcon_core.package_identification:_identify(cstam-pkg/src/App/chatbot/piper_ros/piper_ros) by extensions ['ignore', 'ignore_ament_install']
[0.884s] Level 1:colcon.colcon_core.package_identification:_identify(cstam-pkg/src/App/chatbot/piper_ros/piper_ros) by extension 'ignore'
[0.884s] Level 1:colcon.colcon_core.package_identification:_identify(cstam-pkg/src/App/chatbot/piper_ros/piper_ros) by extension 'ignore_ament_install'
[0.884s] Level 1:colcon.colcon_core.package_identification:_identify(cstam-pkg/src/App/chatbot/piper_ros/piper_ros) by extensions ['colcon_pkg']
[0.884s] Level 1:colcon.colcon_core.package_identification:_identify(cstam-pkg/src/App/chatbot/piper_ros/piper_ros) by extension 'colcon_pkg'
[0.884s] Level 1:colcon.colcon_core.package_identification:_identify(cstam-pkg/src/App/chatbot/piper_ros/piper_ros) by extensions ['colcon_meta']
[0.884s] Level 1:colcon.colcon_core.package_identification:_identify(cstam-pkg/src/App/chatbot/piper_ros/piper_ros) by extension 'colcon_meta'
[0.884s] Level 1:colcon.colcon_core.package_identification:_identify(cstam-pkg/src/App/chatbot/piper_ros/piper_ros) by extensions ['ros']
[0.884s] Level 1:colcon.colcon_core.package_identification:_identify(cstam-pkg/src/App/chatbot/piper_ros/piper_ros) by extension 'ros'
[0.885s] DEBUG:colcon.colcon_core.package_identification:Package 'cstam-pkg/src/App/chatbot/piper_ros/piper_ros' with type 'ros.ament_cmake' and name 'piper_ros'
[0.886s] Level 1:colcon.colcon_core.package_identification:_identify(cstam-pkg/src/App/chatbot/piper_ros/piper_vendor) by extensions ['ignore', 'ignore_ament_install']
[0.886s] Level 1:colcon.colcon_core.package_identification:_identify(cstam-pkg/src/App/chatbot/piper_ros/piper_vendor) by extension 'ignore'
[0.886s] Level 1:colcon.colcon_core.package_identification:_identify(cstam-pkg/src/App/chatbot/piper_ros/piper_vendor) by extension 'ignore_ament_install'
[0.886s] Level 1:colcon.colcon_core.package_identification:_identify(cstam-pkg/src/App/chatbot/piper_ros/piper_vendor) by extensions ['colcon_pkg']
[0.886s] Level 1:colcon.colcon_core.package_identification:_identify(cstam-pkg/src/App/chatbot/piper_ros/piper_vendor) by extension 'colcon_pkg'
[0.886s] Level 1:colcon.colcon_core.package_identification:_identify(cstam-pkg/src/App/chatbot/piper_ros/piper_vendor) by extensions ['colcon_meta']
[0.886s] Level 1:colcon.colcon_core.package_identification:_identify(cstam-pkg/src/App/chatbot/piper_ros/piper_vendor) by extension 'colcon_meta'
[0.886s] Level 1:colcon.colcon_core.package_identification:_identify(cstam-pkg/src/App/chatbot/piper_ros/piper_vendor) by extensions ['ros']
[0.886s] Level 1:colcon.colcon_core.package_identification:_identify(cstam-pkg/src/App/chatbot/piper_ros/piper_vendor) by extension 'ros'
[0.887s] DEBUG:colcon.colcon_core.package_identification:Package 'cstam-pkg/src/App/chatbot/piper_ros/piper_vendor' with type 'ros.ament_cmake' and name 'piper_vendor'
[0.887s] Level 1:colcon.colcon_core.package_identification:_identify(cstam-pkg/src/App/chatbot/whisper_ros) by extensions ['ignore', 'ignore_ament_install']
[0.887s] Level 1:colcon.colcon_core.package_identification:_identify(cstam-pkg/src/App/chatbot/whisper_ros) by extension 'ignore'
[0.887s] Level 1:colcon.colcon_core.package_identification:_identify(cstam-pkg/src/App/chatbot/whisper_ros) by extension 'ignore_ament_install'
[0.887s] Level 1:colcon.colcon_core.package_identification:_identify(cstam-pkg/src/App/chatbot/whisper_ros) by extensions ['colcon_pkg']
[0.887s] Level 1:colcon.colcon_core.package_identification:_identify(cstam-pkg/src/App/chatbot/whisper_ros) by extension 'colcon_pkg'
[0.887s] Level 1:colcon.colcon_core.package_identification:_identify(cstam-pkg/src/App/chatbot/whisper_ros) by extensions ['colcon_meta']
[0.887s] Level 1:colcon.colcon_core.package_identification:_identify(cstam-pkg/src/App/chatbot/whisper_ros) by extension 'colcon_meta'
[0.887s] Level 1:colcon.colcon_core.package_identification:_identify(cstam-pkg/src/App/chatbot/whisper_ros) by extensions ['ros']
[0.887s] Level 1:colcon.colcon_core.package_identification:_identify(cstam-pkg/src/App/chatbot/whisper_ros) by extension 'ros'
[0.887s] Level 1:colcon.colcon_core.package_identification:_identify(cstam-pkg/src/App/chatbot/whisper_ros) by extensions ['cmake', 'python']
[0.887s] Level 1:colcon.colcon_core.package_identification:_identify(cstam-pkg/src/App/chatbot/whisper_ros) by extension 'cmake'
[0.887s] Level 1:colcon.colcon_core.package_identification:_identify(cstam-pkg/src/App/chatbot/whisper_ros) by extension 'python'
[0.887s] Level 1:colcon.colcon_core.package_identification:_identify(cstam-pkg/src/App/chatbot/whisper_ros) by extensions ['python_setup_py']
[0.887s] Level 1:colcon.colcon_core.package_identification:_identify(cstam-pkg/src/App/chatbot/whisper_ros) by extension 'python_setup_py'
[0.887s] Level 1:colcon.colcon_core.package_identification:_identify(cstam-pkg/src/App/chatbot/whisper_ros/whisper_bringup) by extensions ['ignore', 'ignore_ament_install']
[0.887s] Level 1:colcon.colcon_core.package_identification:_identify(cstam-pkg/src/App/chatbot/whisper_ros/whisper_bringup) by extension 'ignore'
[0.887s] Level 1:colcon.colcon_core.package_identification:_identify(cstam-pkg/src/App/chatbot/whisper_ros/whisper_bringup) by extension 'ignore_ament_install'
[0.887s] Level 1:colcon.colcon_core.package_identification:_identify(cstam-pkg/src/App/chatbot/whisper_ros/whisper_bringup) by extensions ['colcon_pkg']
[0.887s] Level 1:colcon.colcon_core.package_identification:_identify(cstam-pkg/src/App/chatbot/whisper_ros/whisper_bringup) by extension 'colcon_pkg'
[0.887s] Level 1:colcon.colcon_core.package_identification:_identify(cstam-pkg/src/App/chatbot/whisper_ros/whisper_bringup) by extensions ['colcon_meta']
[0.887s] Level 1:colcon.colcon_core.package_identification:_identify(cstam-pkg/src/App/chatbot/whisper_ros/whisper_bringup) by extension 'colcon_meta'
[0.887s] Level 1:colcon.colcon_core.package_identification:_identify(cstam-pkg/src/App/chatbot/whisper_ros/whisper_bringup) by extensions ['ros']
[0.887s] Level 1:colcon.colcon_core.package_identification:_identify(cstam-pkg/src/App/chatbot/whisper_ros/whisper_bringup) by extension 'ros'
[0.888s] DEBUG:colcon.colcon_core.package_identification:Package 'cstam-pkg/src/App/chatbot/whisper_ros/whisper_bringup' with type 'ros.ament_cmake' and name 'whisper_bringup'
[0.888s] Level 1:colcon.colcon_core.package_identification:_identify(cstam-pkg/src/App/chatbot/whisper_ros/whisper_cpp_vendor) by extensions ['ignore', 'ignore_ament_install']
[0.888s] Level 1:colcon.colcon_core.package_identification:_identify(cstam-pkg/src/App/chatbot/whisper_ros/whisper_cpp_vendor) by extension 'ignore'
[0.888s] Level 1:colcon.colcon_core.package_identification:_identify(cstam-pkg/src/App/chatbot/whisper_ros/whisper_cpp_vendor) by extension 'ignore_ament_install'
[0.888s] Level 1:colcon.colcon_core.package_identification:_identify(cstam-pkg/src/App/chatbot/whisper_ros/whisper_cpp_vendor) by extensions ['colcon_pkg']
[0.888s] Level 1:colcon.colcon_core.package_identification:_identify(cstam-pkg/src/App/chatbot/whisper_ros/whisper_cpp_vendor) by extension 'colcon_pkg'
[0.888s] Level 1:colcon.colcon_core.package_identification:_identify(cstam-pkg/src/App/chatbot/whisper_ros/whisper_cpp_vendor) by extensions ['colcon_meta']
[0.889s] Level 1:colcon.colcon_core.package_identification:_identify(cstam-pkg/src/App/chatbot/whisper_ros/whisper_cpp_vendor) by extension 'colcon_meta'
[0.889s] Level 1:colcon.colcon_core.package_identification:_identify(cstam-pkg/src/App/chatbot/whisper_ros/whisper_cpp_vendor) by extensions ['ros']
[0.889s] Level 1:colcon.colcon_core.package_identification:_identify(cstam-pkg/src/App/chatbot/whisper_ros/whisper_cpp_vendor) by extension 'ros'
[0.889s] DEBUG:colcon.colcon_core.package_identification:Package 'cstam-pkg/src/App/chatbot/whisper_ros/whisper_cpp_vendor' with type 'ros.ament_cmake' and name 'whisper_cpp_vendor'
[0.889s] Level 1:colcon.colcon_core.package_identification:_identify(cstam-pkg/src/App/chatbot/whisper_ros/whisper_demos) by extensions ['ignore', 'ignore_ament_install']
[0.889s] Level 1:colcon.colcon_core.package_identification:_identify(cstam-pkg/src/App/chatbot/whisper_ros/whisper_demos) by extension 'ignore'
[0.889s] Level 1:colcon.colcon_core.package_identification:_identify(cstam-pkg/src/App/chatbot/whisper_ros/whisper_demos) by extension 'ignore_ament_install'
[0.889s] Level 1:colcon.colcon_core.package_identification:_identify(cstam-pkg/src/App/chatbot/whisper_ros/whisper_demos) by extensions ['colcon_pkg']
[0.889s] Level 1:colcon.colcon_core.package_identification:_identify(cstam-pkg/src/App/chatbot/whisper_ros/whisper_demos) by extension 'colcon_pkg'
[0.890s] Level 1:colcon.colcon_core.package_identification:_identify(cstam-pkg/src/App/chatbot/whisper_ros/whisper_demos) by extensions ['colcon_meta']
[0.890s] Level 1:colcon.colcon_core.package_identification:_identify(cstam-pkg/src/App/chatbot/whisper_ros/whisper_demos) by extension 'colcon_meta'
[0.890s] Level 1:colcon.colcon_core.package_identification:_identify(cstam-pkg/src/App/chatbot/whisper_ros/whisper_demos) by extensions ['ros']
[0.890s] Level 1:colcon.colcon_core.package_identification:_identify(cstam-pkg/src/App/chatbot/whisper_ros/whisper_demos) by extension 'ros'
[0.891s] DEBUG:colcon.colcon_core.package_identification:Package 'cstam-pkg/src/App/chatbot/whisper_ros/whisper_demos' with type 'ros.ament_cmake' and name 'whisper_demos'
[0.891s] Level 1:colcon.colcon_core.package_identification:_identify(cstam-pkg/src/App/chatbot/whisper_ros/whisper_hfhub_vendor) by extensions ['ignore', 'ignore_ament_install']
[0.891s] Level 1:colcon.colcon_core.package_identification:_identify(cstam-pkg/src/App/chatbot/whisper_ros/whisper_hfhub_vendor) by extension 'ignore'
[0.891s] Level 1:colcon.colcon_core.package_identification:_identify(cstam-pkg/src/App/chatbot/whisper_ros/whisper_hfhub_vendor) by extension 'ignore_ament_install'
[0.891s] Level 1:colcon.colcon_core.package_identification:_identify(cstam-pkg/src/App/chatbot/whisper_ros/whisper_hfhub_vendor) by extensions ['colcon_pkg']
[0.891s] Level 1:colcon.colcon_core.package_identification:_identify(cstam-pkg/src/App/chatbot/whisper_ros/whisper_hfhub_vendor) by extension 'colcon_pkg'
[0.891s] Level 1:colcon.colcon_core.package_identification:_identify(cstam-pkg/src/App/chatbot/whisper_ros/whisper_hfhub_vendor) by extensions ['colcon_meta']
[0.891s] Level 1:colcon.colcon_core.package_identification:_identify(cstam-pkg/src/App/chatbot/whisper_ros/whisper_hfhub_vendor) by extension 'colcon_meta'
[0.891s] Level 1:colcon.colcon_core.package_identification:_identify(cstam-pkg/src/App/chatbot/whisper_ros/whisper_hfhub_vendor) by extensions ['ros']
[0.891s] Level 1:colcon.colcon_core.package_identification:_identify(cstam-pkg/src/App/chatbot/whisper_ros/whisper_hfhub_vendor) by extension 'ros'
[0.892s] DEBUG:colcon.colcon_core.package_identification:Package 'cstam-pkg/src/App/chatbot/whisper_ros/whisper_hfhub_vendor' with type 'ros.ament_cmake' and name 'whisper_hfhub_vendor'
[0.892s] Level 1:colcon.colcon_core.package_identification:_identify(cstam-pkg/src/App/chatbot/whisper_ros/whisper_msgs) by extensions ['ignore', 'ignore_ament_install']
[0.892s] Level 1:colcon.colcon_core.package_identification:_identify(cstam-pkg/src/App/chatbot/whisper_ros/whisper_msgs) by extension 'ignore'
[0.892s] Level 1:colcon.colcon_core.package_identification:_identify(cstam-pkg/src/App/chatbot/whisper_ros/whisper_msgs) by extension 'ignore_ament_install'
[0.892s] Level 1:colcon.colcon_core.package_identification:_identify(cstam-pkg/src/App/chatbot/whisper_ros/whisper_msgs) by extensions ['colcon_pkg']
[0.892s] Level 1:colcon.colcon_core.package_identification:_identify(cstam-pkg/src/App/chatbot/whisper_ros/whisper_msgs) by extension 'colcon_pkg'
[0.892s] Level 1:colcon.colcon_core.package_identification:_identify(cstam-pkg/src/App/chatbot/whisper_ros/whisper_msgs) by extensions ['colcon_meta']
[0.892s] Level 1:colcon.colcon_core.package_identification:_identify(cstam-pkg/src/App/chatbot/whisper_ros/whisper_msgs) by extension 'colcon_meta'
[0.892s] Level 1:colcon.colcon_core.package_identification:_identify(cstam-pkg/src/App/chatbot/whisper_ros/whisper_msgs) by extensions ['ros']
[0.892s] Level 1:colcon.colcon_core.package_identification:_identify(cstam-pkg/src/App/chatbot/whisper_ros/whisper_msgs) by extension 'ros'
[0.893s] DEBUG:colcon.colcon_core.package_identification:Package 'cstam-pkg/src/App/chatbot/whisper_ros/whisper_msgs' with type 'ros.ament_cmake' and name 'whisper_msgs'
[0.893s] Level 1:colcon.colcon_core.package_identification:_identify(cstam-pkg/src/App/chatbot/whisper_ros/whisper_onnxruntime_vendor) by extensions ['ignore', 'ignore_ament_install']
[0.893s] Level 1:colcon.colcon_core.package_identification:_identify(cstam-pkg/src/App/chatbot/whisper_ros/whisper_onnxruntime_vendor) by extension 'ignore'
[0.893s] Level 1:colcon.colcon_core.package_identification:_identify(cstam-pkg/src/App/chatbot/whisper_ros/whisper_onnxruntime_vendor) by extension 'ignore_ament_install'
[0.893s] Level 1:colcon.colcon_core.package_identification:_identify(cstam-pkg/src/App/chatbot/whisper_ros/whisper_onnxruntime_vendor) by extensions ['colcon_pkg']
[0.893s] Level 1:colcon.colcon_core.package_identification:_identify(cstam-pkg/src/App/chatbot/whisper_ros/whisper_onnxruntime_vendor) by extension 'colcon_pkg'
[0.893s] Level 1:colcon.colcon_core.package_identification:_identify(cstam-pkg/src/App/chatbot/whisper_ros/whisper_onnxruntime_vendor) by extensions ['colcon_meta']
[0.893s] Level 1:colcon.colcon_core.package_identification:_identify(cstam-pkg/src/App/chatbot/whisper_ros/whisper_onnxruntime_vendor) by extension 'colcon_meta'
[0.893s] Level 1:colcon.colcon_core.package_identification:_identify(cstam-pkg/src/App/chatbot/whisper_ros/whisper_onnxruntime_vendor) by extensions ['ros']
[0.893s] Level 1:colcon.colcon_core.package_identification:_identify(cstam-pkg/src/App/chatbot/whisper_ros/whisper_onnxruntime_vendor) by extension 'ros'
[0.894s] DEBUG:colcon.colcon_core.package_identification:Package 'cstam-pkg/src/App/chatbot/whisper_ros/whisper_onnxruntime_vendor' with type 'ros.ament_cmake' and name 'whisper_onnxruntime_vendor'
[0.894s] Level 1:colcon.colcon_core.package_identification:_identify(cstam-pkg/src/App/chatbot/whisper_ros/whisper_ros) by extensions ['ignore', 'ignore_ament_install']
[0.894s] Level 1:colcon.colcon_core.package_identification:_identify(cstam-pkg/src/App/chatbot/whisper_ros/whisper_ros) by extension 'ignore'
[0.894s] Level 1:colcon.colcon_core.package_identification:_identify(cstam-pkg/src/App/chatbot/whisper_ros/whisper_ros) by extension 'ignore_ament_install'
[0.894s] Level 1:colcon.colcon_core.package_identification:_identify(cstam-pkg/src/App/chatbot/whisper_ros/whisper_ros) by extensions ['colcon_pkg']
[0.894s] Level 1:colcon.colcon_core.package_identification:_identify(cstam-pkg/src/App/chatbot/whisper_ros/whisper_ros) by extension 'colcon_pkg'
[0.894s] Level 1:colcon.colcon_core.package_identification:_identify(cstam-pkg/src/App/chatbot/whisper_ros/whisper_ros) by extensions ['colcon_meta']
[0.894s] Level 1:colcon.colcon_core.package_identification:_identify(cstam-pkg/src/App/chatbot/whisper_ros/whisper_ros) by extension 'colcon_meta'
[0.894s] Level 1:colcon.colcon_core.package_identification:_identify(cstam-pkg/src/App/chatbot/whisper_ros/whisper_ros) by extensions ['ros']
[0.894s] Level 1:colcon.colcon_core.package_identification:_identify(cstam-pkg/src/App/chatbot/whisper_ros/whisper_ros) by extension 'ros'
[0.895s] DEBUG:colcon.colcon_core.package_identification:Package 'cstam-pkg/src/App/chatbot/whisper_ros/whisper_ros' with type 'ros.ament_cmake' and name 'whisper_ros'
[0.895s] Level 1:colcon.colcon_core.package_identification:_identify(cstam-pkg/src/App/chatbot/yasmin) by extensions ['ignore', 'ignore_ament_install']
[0.895s] Level 1:colcon.colcon_core.package_identification:_identify(cstam-pkg/src/App/chatbot/yasmin) by extension 'ignore'
[0.895s] Level 1:colcon.colcon_core.package_identification:_identify(cstam-pkg/src/App/chatbot/yasmin) by extension 'ignore_ament_install'
[0.895s] Level 1:colcon.colcon_core.package_identification:_identify(cstam-pkg/src/App/chatbot/yasmin) by extensions ['colcon_pkg']
[0.895s] Level 1:colcon.colcon_core.package_identification:_identify(cstam-pkg/src/App/chatbot/yasmin) by extension 'colcon_pkg'
[0.895s] Level 1:colcon.colcon_core.package_identification:_identify(cstam-pkg/src/App/chatbot/yasmin) by extensions ['colcon_meta']
[0.895s] Level 1:colcon.colcon_core.package_identification:_identify(cstam-pkg/src/App/chatbot/yasmin) by extension 'colcon_meta'
[0.896s] Level 1:colcon.colcon_core.package_identification:_identify(cstam-pkg/src/App/chatbot/yasmin) by extensions ['ros']
[0.896s] Level 1:colcon.colcon_core.package_identification:_identify(cstam-pkg/src/App/chatbot/yasmin) by extension 'ros'
[0.896s] Level 1:colcon.colcon_core.package_identification:_identify(cstam-pkg/src/App/chatbot/yasmin) by extensions ['cmake', 'python']
[0.896s] Level 1:colcon.colcon_core.package_identification:_identify(cstam-pkg/src/App/chatbot/yasmin) by extension 'cmake'
[0.896s] Level 1:colcon.colcon_core.package_identification:_identify(cstam-pkg/src/App/chatbot/yasmin) by extension 'python'
[0.896s] Level 1:colcon.colcon_core.package_identification:_identify(cstam-pkg/src/App/chatbot/yasmin) by extensions ['python_setup_py']
[0.896s] Level 1:colcon.colcon_core.package_identification:_identify(cstam-pkg/src/App/chatbot/yasmin) by extension 'python_setup_py'
[0.896s] Level 1:colcon.colcon_core.package_identification:_identify(cstam-pkg/src/App/chatbot/yasmin/docs) by extensions ['ignore', 'ignore_ament_install']
[0.896s] Level 1:colcon.colcon_core.package_identification:_identify(cstam-pkg/src/App/chatbot/yasmin/docs) by extension 'ignore'
[0.896s] Level 1:colcon.colcon_core.package_identification:_identify(cstam-pkg/src/App/chatbot/yasmin/docs) by extension 'ignore_ament_install'
[0.896s] Level 1:colcon.colcon_core.package_identification:_identify(cstam-pkg/src/App/chatbot/yasmin/docs) by extensions ['colcon_pkg']
[0.896s] Level 1:colcon.colcon_core.package_identification:_identify(cstam-pkg/src/App/chatbot/yasmin/docs) by extension 'colcon_pkg'
[0.896s] Level 1:colcon.colcon_core.package_identification:_identify(cstam-pkg/src/App/chatbot/yasmin/docs) by extensions ['colcon_meta']
[0.896s] Level 1:colcon.colcon_core.package_identification:_identify(cstam-pkg/src/App/chatbot/yasmin/docs) by extension 'colcon_meta'
[0.896s] Level 1:colcon.colcon_core.package_identification:_identify(cstam-pkg/src/App/chatbot/yasmin/docs) by extensions ['ros']
[0.896s] Level 1:colcon.colcon_core.package_identification:_identify(cstam-pkg/src/App/chatbot/yasmin/docs) by extension 'ros'
[0.896s] Level 1:colcon.colcon_core.package_identification:_identify(cstam-pkg/src/App/chatbot/yasmin/docs) by extensions ['cmake', 'python']
[0.896s] Level 1:colcon.colcon_core.package_identification:_identify(cstam-pkg/src/App/chatbot/yasmin/docs) by extension 'cmake'
[0.896s] Level 1:colcon.colcon_core.package_identification:_identify(cstam-pkg/src/App/chatbot/yasmin/docs) by extension 'python'
[0.896s] Level 1:colcon.colcon_core.package_identification:_identify(cstam-pkg/src/App/chatbot/yasmin/docs) by extensions ['python_setup_py']
[0.896s] Level 1:colcon.colcon_core.package_identification:_identify(cstam-pkg/src/App/chatbot/yasmin/docs) by extension 'python_setup_py'
[0.896s] Level 1:colcon.colcon_core.package_identification:_identify(cstam-pkg/src/App/chatbot/yasmin/docs/tutorials) by extensions ['ignore', 'ignore_ament_install']
[0.896s] Level 1:colcon.colcon_core.package_identification:_identify(cstam-pkg/src/App/chatbot/yasmin/docs/tutorials) by extension 'ignore'
[0.896s] Level 1:colcon.colcon_core.package_identification:_identify(cstam-pkg/src/App/chatbot/yasmin/docs/tutorials) by extension 'ignore_ament_install'
[0.896s] Level 1:colcon.colcon_core.package_identification:_identify(cstam-pkg/src/App/chatbot/yasmin/docs/tutorials) by extensions ['colcon_pkg']
[0.896s] Level 1:colcon.colcon_core.package_identification:_identify(cstam-pkg/src/App/chatbot/yasmin/docs/tutorials) by extension 'colcon_pkg'
[0.896s] Level 1:colcon.colcon_core.package_identification:_identify(cstam-pkg/src/App/chatbot/yasmin/docs/tutorials) by extensions ['colcon_meta']
[0.896s] Level 1:colcon.colcon_core.package_identification:_identify(cstam-pkg/src/App/chatbot/yasmin/docs/tutorials) by extension 'colcon_meta'
[0.896s] Level 1:colcon.colcon_core.package_identification:_identify(cstam-pkg/src/App/chatbot/yasmin/docs/tutorials) by extensions ['ros']
[0.896s] Level 1:colcon.colcon_core.package_identification:_identify(cstam-pkg/src/App/chatbot/yasmin/docs/tutorials) by extension 'ros'
[0.896s] Level 1:colcon.colcon_core.package_identification:_identify(cstam-pkg/src/App/chatbot/yasmin/docs/tutorials) by extensions ['cmake', 'python']
[0.896s] Level 1:colcon.colcon_core.package_identification:_identify(cstam-pkg/src/App/chatbot/yasmin/docs/tutorials) by extension 'cmake'
[0.896s] Level 1:colcon.colcon_core.package_identification:_identify(cstam-pkg/src/App/chatbot/yasmin/docs/tutorials) by extension 'python'
[0.897s] Level 1:colcon.colcon_core.package_identification:_identify(cstam-pkg/src/App/chatbot/yasmin/docs/tutorials) by extensions ['python_setup_py']
[0.897s] Level 1:colcon.colcon_core.package_identification:_identify(cstam-pkg/src/App/chatbot/yasmin/docs/tutorials) by extension 'python_setup_py'
[0.897s] Level 1:colcon.colcon_core.package_identification:_identify(cstam-pkg/src/App/chatbot/yasmin/docs/tutorials/cpp) by extensions ['ignore', 'ignore_ament_install']
[0.897s] Level 1:colcon.colcon_core.package_identification:_identify(cstam-pkg/src/App/chatbot/yasmin/docs/tutorials/cpp) by extension 'ignore'
[0.897s] Level 1:colcon.colcon_core.package_identification:_identify(cstam-pkg/src/App/chatbot/yasmin/docs/tutorials/cpp) by extension 'ignore_ament_install'
[0.897s] Level 1:colcon.colcon_core.package_identification:_identify(cstam-pkg/src/App/chatbot/yasmin/docs/tutorials/cpp) by extensions ['colcon_pkg']
[0.897s] Level 1:colcon.colcon_core.package_identification:_identify(cstam-pkg/src/App/chatbot/yasmin/docs/tutorials/cpp) by extension 'colcon_pkg'
[0.897s] Level 1:colcon.colcon_core.package_identification:_identify(cstam-pkg/src/App/chatbot/yasmin/docs/tutorials/cpp) by extensions ['colcon_meta']
[0.897s] Level 1:colcon.colcon_core.package_identification:_identify(cstam-pkg/src/App/chatbot/yasmin/docs/tutorials/cpp) by extension 'colcon_meta'
[0.897s] Level 1:colcon.colcon_core.package_identification:_identify(cstam-pkg/src/App/chatbot/yasmin/docs/tutorials/cpp) by extensions ['ros']
[0.897s] Level 1:colcon.colcon_core.package_identification:_identify(cstam-pkg/src/App/chatbot/yasmin/docs/tutorials/cpp) by extension 'ros'
[0.897s] Level 1:colcon.colcon_core.package_identification:_identify(cstam-pkg/src/App/chatbot/yasmin/docs/tutorials/cpp) by extensions ['cmake', 'python']
[0.897s] Level 1:colcon.colcon_core.package_identification:_identify(cstam-pkg/src/App/chatbot/yasmin/docs/tutorials/cpp) by extension 'cmake'
[0.897s] Level 1:colcon.colcon_core.package_identification:_identify(cstam-pkg/src/App/chatbot/yasmin/docs/tutorials/cpp) by extension 'python'
[0.897s] Level 1:colcon.colcon_core.package_identification:_identify(cstam-pkg/src/App/chatbot/yasmin/docs/tutorials/cpp) by extensions ['python_setup_py']
[0.897s] Level 1:colcon.colcon_core.package_identification:_identify(cstam-pkg/src/App/chatbot/yasmin/docs/tutorials/cpp) by extension 'python_setup_py'
[0.897s] Level 1:colcon.colcon_core.package_identification:_identify(cstam-pkg/src/App/chatbot/yasmin/docs/tutorials/python) by extensions ['ignore', 'ignore_ament_install']
[0.897s] Level 1:colcon.colcon_core.package_identification:_identify(cstam-pkg/src/App/chatbot/yasmin/docs/tutorials/python) by extension 'ignore'
[0.897s] Level 1:colcon.colcon_core.package_identification:_identify(cstam-pkg/src/App/chatbot/yasmin/docs/tutorials/python) by extension 'ignore_ament_install'
[0.897s] Level 1:colcon.colcon_core.package_identification:_identify(cstam-pkg/src/App/chatbot/yasmin/docs/tutorials/python) by extensions ['colcon_pkg']
[0.897s] Level 1:colcon.colcon_core.package_identification:_identify(cstam-pkg/src/App/chatbot/yasmin/docs/tutorials/python) by extension 'colcon_pkg'
[0.897s] Level 1:colcon.colcon_core.package_identification:_identify(cstam-pkg/src/App/chatbot/yasmin/docs/tutorials/python) by extensions ['colcon_meta']
[0.897s] Level 1:colcon.colcon_core.package_identification:_identify(cstam-pkg/src/App/chatbot/yasmin/docs/tutorials/python) by extension 'colcon_meta'
[0.897s] Level 1:colcon.colcon_core.package_identification:_identify(cstam-pkg/src/App/chatbot/yasmin/docs/tutorials/python) by extensions ['ros']
[0.897s] Level 1:colcon.colcon_core.package_identification:_identify(cstam-pkg/src/App/chatbot/yasmin/docs/tutorials/python) by extension 'ros'
[0.897s] Level 1:colcon.colcon_core.package_identification:_identify(cstam-pkg/src/App/chatbot/yasmin/docs/tutorials/python) by extensions ['cmake', 'python']
[0.897s] Level 1:colcon.colcon_core.package_identification:_identify(cstam-pkg/src/App/chatbot/yasmin/docs/tutorials/python) by extension 'cmake'
[0.897s] Level 1:colcon.colcon_core.package_identification:_identify(cstam-pkg/src/App/chatbot/yasmin/docs/tutorials/python) by extension 'python'
[0.897s] Level 1:colcon.colcon_core.package_identification:_identify(cstam-pkg/src/App/chatbot/yasmin/docs/tutorials/python) by extensions ['python_setup_py']
[0.897s] Level 1:colcon.colcon_core.package_identification:_identify(cstam-pkg/src/App/chatbot/yasmin/docs/tutorials/python) by extension 'python_setup_py'
[0.897s] Level 1:colcon.colcon_core.package_identification:_identify(cstam-pkg/src/App/chatbot/yasmin/yasmin) by extensions ['ignore', 'ignore_ament_install']
[0.898s] Level 1:colcon.colcon_core.package_identification:_identify(cstam-pkg/src/App/chatbot/yasmin/yasmin) by extension 'ignore'
[0.898s] Level 1:colcon.colcon_core.package_identification:_identify(cstam-pkg/src/App/chatbot/yasmin/yasmin) by extension 'ignore_ament_install'
[0.898s] Level 1:colcon.colcon_core.package_identification:_identify(cstam-pkg/src/App/chatbot/yasmin/yasmin) by extensions ['colcon_pkg']
[0.898s] Level 1:colcon.colcon_core.package_identification:_identify(cstam-pkg/src/App/chatbot/yasmin/yasmin) by extension 'colcon_pkg'
[0.898s] Level 1:colcon.colcon_core.package_identification:_identify(cstam-pkg/src/App/chatbot/yasmin/yasmin) by extensions ['colcon_meta']
[0.898s] Level 1:colcon.colcon_core.package_identification:_identify(cstam-pkg/src/App/chatbot/yasmin/yasmin) by extension 'colcon_meta'
[0.898s] Level 1:colcon.colcon_core.package_identification:_identify(cstam-pkg/src/App/chatbot/yasmin/yasmin) by extensions ['ros']
[0.898s] Level 1:colcon.colcon_core.package_identification:_identify(cstam-pkg/src/App/chatbot/yasmin/yasmin) by extension 'ros'
[0.898s] DEBUG:colcon.colcon_core.package_identification:Package 'cstam-pkg/src/App/chatbot/yasmin/yasmin' with type 'ros.ament_cmake' and name 'yasmin'
[0.898s] Level 1:colcon.colcon_core.package_identification:_identify(cstam-pkg/src/App/chatbot/yasmin/yasmin_demos) by extensions ['ignore', 'ignore_ament_install']
[0.899s] Level 1:colcon.colcon_core.package_identification:_identify(cstam-pkg/src/App/chatbot/yasmin/yasmin_demos) by extension 'ignore'
[0.899s] Level 1:colcon.colcon_core.package_identification:_identify(cstam-pkg/src/App/chatbot/yasmin/yasmin_demos) by extension 'ignore_ament_install'
[0.899s] Level 1:colcon.colcon_core.package_identification:_identify(cstam-pkg/src/App/chatbot/yasmin/yasmin_demos) by extensions ['colcon_pkg']
[0.899s] Level 1:colcon.colcon_core.package_identification:_identify(cstam-pkg/src/App/chatbot/yasmin/yasmin_demos) by extension 'colcon_pkg'
[0.899s] Level 1:colcon.colcon_core.package_identification:_identify(cstam-pkg/src/App/chatbot/yasmin/yasmin_demos) by extensions ['colcon_meta']
[0.899s] Level 1:colcon.colcon_core.package_identification:_identify(cstam-pkg/src/App/chatbot/yasmin/yasmin_demos) by extension 'colcon_meta'
[0.899s] Level 1:colcon.colcon_core.package_identification:_identify(cstam-pkg/src/App/chatbot/yasmin/yasmin_demos) by extensions ['ros']
[0.899s] Level 1:colcon.colcon_core.package_identification:_identify(cstam-pkg/src/App/chatbot/yasmin/yasmin_demos) by extension 'ros'
[0.900s] DEBUG:colcon.colcon_core.package_identification:Package 'cstam-pkg/src/App/chatbot/yasmin/yasmin_demos' with type 'ros.ament_cmake' and name 'yasmin_demos'
[0.900s] Level 1:colcon.colcon_core.package_identification:_identify(cstam-pkg/src/App/chatbot/yasmin/yasmin_editor) by extensions ['ignore', 'ignore_ament_install']
[0.900s] Level 1:colcon.colcon_core.package_identification:_identify(cstam-pkg/src/App/chatbot/yasmin/yasmin_editor) by extension 'ignore'
[0.900s] Level 1:colcon.colcon_core.package_identification:_identify(cstam-pkg/src/App/chatbot/yasmin/yasmin_editor) by extension 'ignore_ament_install'
[0.900s] Level 1:colcon.colcon_core.package_identification:_identify(cstam-pkg/src/App/chatbot/yasmin/yasmin_editor) by extensions ['colcon_pkg']
[0.900s] Level 1:colcon.colcon_core.package_identification:_identify(cstam-pkg/src/App/chatbot/yasmin/yasmin_editor) by extension 'colcon_pkg'
[0.900s] Level 1:colcon.colcon_core.package_identification:_identify(cstam-pkg/src/App/chatbot/yasmin/yasmin_editor) by extensions ['colcon_meta']
[0.900s] Level 1:colcon.colcon_core.package_identification:_identify(cstam-pkg/src/App/chatbot/yasmin/yasmin_editor) by extension 'colcon_meta'
[0.900s] Level 1:colcon.colcon_core.package_identification:_identify(cstam-pkg/src/App/chatbot/yasmin/yasmin_editor) by extensions ['ros']
[0.900s] Level 1:colcon.colcon_core.package_identification:_identify(cstam-pkg/src/App/chatbot/yasmin/yasmin_editor) by extension 'ros'
[0.901s] DEBUG:colcon.colcon_core.package_identification:Package 'cstam-pkg/src/App/chatbot/yasmin/yasmin_editor' with type 'ros.ament_cmake' and name 'yasmin_editor'
[0.901s] Level 1:colcon.colcon_core.package_identification:_identify(cstam-pkg/src/App/chatbot/yasmin/yasmin_factory) by extensions ['ignore', 'ignore_ament_install']
[0.901s] Level 1:colcon.colcon_core.package_identification:_identify(cstam-pkg/src/App/chatbot/yasmin/yasmin_factory) by extension 'ignore'
[0.901s] Level 1:colcon.colcon_core.package_identification:_identify(cstam-pkg/src/App/chatbot/yasmin/yasmin_factory) by extension 'ignore_ament_install'
[0.901s] Level 1:colcon.colcon_core.package_identification:_identify(cstam-pkg/src/App/chatbot/yasmin/yasmin_factory) by extensions ['colcon_pkg']
[0.901s] Level 1:colcon.colcon_core.package_identification:_identify(cstam-pkg/src/App/chatbot/yasmin/yasmin_factory) by extension 'colcon_pkg'
[0.901s] Level 1:colcon.colcon_core.package_identification:_identify(cstam-pkg/src/App/chatbot/yasmin/yasmin_factory) by extensions ['colcon_meta']
[0.901s] Level 1:colcon.colcon_core.package_identification:_identify(cstam-pkg/src/App/chatbot/yasmin/yasmin_factory) by extension 'colcon_meta'
[0.901s] Level 1:colcon.colcon_core.package_identification:_identify(cstam-pkg/src/App/chatbot/yasmin/yasmin_factory) by extensions ['ros']
[0.901s] Level 1:colcon.colcon_core.package_identification:_identify(cstam-pkg/src/App/chatbot/yasmin/yasmin_factory) by extension 'ros'
[0.903s] DEBUG:colcon.colcon_core.package_identification:Package 'cstam-pkg/src/App/chatbot/yasmin/yasmin_factory' with type 'ros.ament_cmake' and name 'yasmin_factory'
[0.903s] Level 1:colcon.colcon_core.package_identification:_identify(cstam-pkg/src/App/chatbot/yasmin/yasmin_msgs) by extensions ['ignore', 'ignore_ament_install']
[0.903s] Level 1:colcon.colcon_core.package_identification:_identify(cstam-pkg/src/App/chatbot/yasmin/yasmin_msgs) by extension 'ignore'
[0.903s] Level 1:colcon.colcon_core.package_identification:_identify(cstam-pkg/src/App/chatbot/yasmin/yasmin_msgs) by extension 'ignore_ament_install'
[0.903s] Level 1:colcon.colcon_core.package_identification:_identify(cstam-pkg/src/App/chatbot/yasmin/yasmin_msgs) by extensions ['colcon_pkg']
[0.903s] Level 1:colcon.colcon_core.package_identification:_identify(cstam-pkg/src/App/chatbot/yasmin/yasmin_msgs) by extension 'colcon_pkg'
[0.904s] Level 1:colcon.colcon_core.package_identification:_identify(cstam-pkg/src/App/chatbot/yasmin/yasmin_msgs) by extensions ['colcon_meta']
[0.904s] Level 1:colcon.colcon_core.package_identification:_identify(cstam-pkg/src/App/chatbot/yasmin/yasmin_msgs) by extension 'colcon_meta'
[0.904s] Level 1:colcon.colcon_core.package_identification:_identify(cstam-pkg/src/App/chatbot/yasmin/yasmin_msgs) by extensions ['ros']
[0.904s] Level 1:colcon.colcon_core.package_identification:_identify(cstam-pkg/src/App/chatbot/yasmin/yasmin_msgs) by extension 'ros'
[0.904s] DEBUG:colcon.colcon_core.package_identification:Package 'cstam-pkg/src/App/chatbot/yasmin/yasmin_msgs' with type 'ros.ament_cmake' and name 'yasmin_msgs'
[0.904s] Level 1:colcon.colcon_core.package_identification:_identify(cstam-pkg/src/App/chatbot/yasmin/yasmin_ros) by extensions ['ignore', 'ignore_ament_install']
[0.904s] Level 1:colcon.colcon_core.package_identification:_identify(cstam-pkg/src/App/chatbot/yasmin/yasmin_ros) by extension 'ignore'
[0.904s] Level 1:colcon.colcon_core.package_identification:_identify(cstam-pkg/src/App/chatbot/yasmin/yasmin_ros) by extension 'ignore_ament_install'
[0.905s] Level 1:colcon.colcon_core.package_identification:_identify(cstam-pkg/src/App/chatbot/yasmin/yasmin_ros) by extensions ['colcon_pkg']
[0.905s] Level 1:colcon.colcon_core.package_identification:_identify(cstam-pkg/src/App/chatbot/yasmin/yasmin_ros) by extension 'colcon_pkg'
[0.905s] Level 1:colcon.colcon_core.package_identification:_identify(cstam-pkg/src/App/chatbot/yasmin/yasmin_ros) by extensions ['colcon_meta']
[0.905s] Level 1:colcon.colcon_core.package_identification:_identify(cstam-pkg/src/App/chatbot/yasmin/yasmin_ros) by extension 'colcon_meta'
[0.905s] Level 1:colcon.colcon_core.package_identification:_identify(cstam-pkg/src/App/chatbot/yasmin/yasmin_ros) by extensions ['ros']
[0.905s] Level 1:colcon.colcon_core.package_identification:_identify(cstam-pkg/src/App/chatbot/yasmin/yasmin_ros) by extension 'ros'
[0.906s] DEBUG:colcon.colcon_core.package_identification:Package 'cstam-pkg/src/App/chatbot/yasmin/yasmin_ros' with type 'ros.ament_cmake' and name 'yasmin_ros'
[0.906s] Level 1:colcon.colcon_core.package_identification:_identify(cstam-pkg/src/App/chatbot/yasmin/yasmin_viewer) by extensions ['ignore', 'ignore_ament_install']
[0.906s] Level 1:colcon.colcon_core.package_identification:_identify(cstam-pkg/src/App/chatbot/yasmin/yasmin_viewer) by extension 'ignore'
[0.906s] Level 1:colcon.colcon_core.package_identification:_identify(cstam-pkg/src/App/chatbot/yasmin/yasmin_viewer) by extension 'ignore_ament_install'
[0.906s] Level 1:colcon.colcon_core.package_identification:_identify(cstam-pkg/src/App/chatbot/yasmin/yasmin_viewer) by extensions ['colcon_pkg']
[0.906s] Level 1:colcon.colcon_core.package_identification:_identify(cstam-pkg/src/App/chatbot/yasmin/yasmin_viewer) by extension 'colcon_pkg'
[0.906s] Level 1:colcon.colcon_core.package_identification:_identify(cstam-pkg/src/App/chatbot/yasmin/yasmin_viewer) by extensions ['colcon_meta']
[0.906s] Level 1:colcon.colcon_core.package_identification:_identify(cstam-pkg/src/App/chatbot/yasmin/yasmin_viewer) by extension 'colcon_meta'
[0.906s] Level 1:colcon.colcon_core.package_identification:_identify(cstam-pkg/src/App/chatbot/yasmin/yasmin_viewer) by extensions ['ros']
[0.906s] Level 1:colcon.colcon_core.package_identification:_identify(cstam-pkg/src/App/chatbot/yasmin/yasmin_viewer) by extension 'ros'
[0.907s] DEBUG:colcon.colcon_core.package_identification:Package 'cstam-pkg/src/App/chatbot/yasmin/yasmin_viewer' with type 'ros.ament_cmake' and name 'yasmin_viewer'
[0.907s] Level 1:colcon.colcon_core.package_identification:_identify(cstam-pkg/src/App/map_info) by extensions ['ignore', 'ignore_ament_install']
[0.907s] Level 1:colcon.colcon_core.package_identification:_identify(cstam-pkg/src/App/map_info) by extension 'ignore'
[0.907s] Level 1:colcon.colcon_core.package_identification:_identify(cstam-pkg/src/App/map_info) by extension 'ignore_ament_install'
[0.907s] Level 1:colcon.colcon_core.package_identification:_identify(cstam-pkg/src/App/map_info) by extensions ['colcon_pkg']
[0.907s] Level 1:colcon.colcon_core.package_identification:_identify(cstam-pkg/src/App/map_info) by extension 'colcon_pkg'
[0.907s] Level 1:colcon.colcon_core.package_identification:_identify(cstam-pkg/src/App/map_info) by extensions ['colcon_meta']
[0.907s] Level 1:colcon.colcon_core.package_identification:_identify(cstam-pkg/src/App/map_info) by extension 'colcon_meta'
[0.907s] Level 1:colcon.colcon_core.package_identification:_identify(cstam-pkg/src/App/map_info) by extensions ['ros']
[0.907s] Level 1:colcon.colcon_core.package_identification:_identify(cstam-pkg/src/App/map_info) by extension 'ros'
[0.908s] DEBUG:colcon.colcon_core.package_identification:Package 'cstam-pkg/src/App/map_info' with type 'ros.ament_python' and name 'map_info'
[0.908s] Level 1:colcon.colcon_core.package_identification:_identify(cstam-pkg/src/App/order_logger) by extensions ['ignore', 'ignore_ament_install']
[0.908s] Level 1:colcon.colcon_core.package_identification:_identify(cstam-pkg/src/App/order_logger) by extension 'ignore'
[0.908s] Level 1:colcon.colcon_core.package_identification:_identify(cstam-pkg/src/App/order_logger) by extension 'ignore_ament_install'
[0.908s] Level 1:colcon.colcon_core.package_identification:_identify(cstam-pkg/src/App/order_logger) by extensions ['colcon_pkg']
[0.908s] Level 1:colcon.colcon_core.package_identification:_identify(cstam-pkg/src/App/order_logger) by extension 'colcon_pkg'
[0.908s] Level 1:colcon.colcon_core.package_identification:_identify(cstam-pkg/src/App/order_logger) by extensions ['colcon_meta']
[0.908s] Level 1:colcon.colcon_core.package_identification:_identify(cstam-pkg/src/App/order_logger) by extension 'colcon_meta'
[0.908s] Level 1:colcon.colcon_core.package_identification:_identify(cstam-pkg/src/App/order_logger) by extensions ['ros']
[0.908s] Level 1:colcon.colcon_core.package_identification:_identify(cstam-pkg/src/App/order_logger) by extension 'ros'
[0.909s] DEBUG:colcon.colcon_core.package_identification:Package 'cstam-pkg/src/App/order_logger' with type 'ros.ament_python' and name 'order_logger'
[0.909s] Level 1:colcon.colcon_core.package_identification:_identify(cstam-pkg/src/App/qr_verification) by extensions ['ignore', 'ignore_ament_install']
[0.909s] Level 1:colcon.colcon_core.package_identification:_identify(cstam-pkg/src/App/qr_verification) by extension 'ignore'
[0.909s] Level 1:colcon.colcon_core.package_identification:_identify(cstam-pkg/src/App/qr_verification) by extension 'ignore_ament_install'
[0.909s] Level 1:colcon.colcon_core.package_identification:_identify(cstam-pkg/src/App/qr_verification) by extensions ['colcon_pkg']
[0.909s] Level 1:colcon.colcon_core.package_identification:_identify(cstam-pkg/src/App/qr_verification) by extension 'colcon_pkg'
[0.909s] Level 1:colcon.colcon_core.package_identification:_identify(cstam-pkg/src/App/qr_verification) by extensions ['colcon_meta']
[0.909s] Level 1:colcon.colcon_core.package_identification:_identify(cstam-pkg/src/App/qr_verification) by extension 'colcon_meta'
[0.909s] Level 1:colcon.colcon_core.package_identification:_identify(cstam-pkg/src/App/qr_verification) by extensions ['ros']
[0.909s] Level 1:colcon.colcon_core.package_identification:_identify(cstam-pkg/src/App/qr_verification) by extension 'ros'
[0.910s] DEBUG:colcon.colcon_core.package_identification:Package 'cstam-pkg/src/App/qr_verification' with type 'ros.ament_python' and name 'qr_verification'
[0.910s] Level 1:colcon.colcon_core.package_identification:_identify(cstam-pkg/src/App/yolo_like_detector) by extensions ['ignore', 'ignore_ament_install']
[0.910s] Level 1:colcon.colcon_core.package_identification:_identify(cstam-pkg/src/App/yolo_like_detector) by extension 'ignore'
[0.911s] Level 1:colcon.colcon_core.package_identification:_identify(cstam-pkg/src/App/yolo_like_detector) by extension 'ignore_ament_install'
[0.911s] Level 1:colcon.colcon_core.package_identification:_identify(cstam-pkg/src/App/yolo_like_detector) by extensions ['colcon_pkg']
[0.911s] Level 1:colcon.colcon_core.package_identification:_identify(cstam-pkg/src/App/yolo_like_detector) by extension 'colcon_pkg'
[0.911s] Level 1:colcon.colcon_core.package_identification:_identify(cstam-pkg/src/App/yolo_like_detector) by extensions ['colcon_meta']
[0.911s] Level 1:colcon.colcon_core.package_identification:_identify(cstam-pkg/src/App/yolo_like_detector) by extension 'colcon_meta'
[0.911s] Level 1:colcon.colcon_core.package_identification:_identify(cstam-pkg/src/App/yolo_like_detector) by extensions ['ros']
[0.911s] Level 1:colcon.colcon_core.package_identification:_identify(cstam-pkg/src/App/yolo_like_detector) by extension 'ros'
[0.912s] DEBUG:colcon.colcon_core.package_identification:Package 'cstam-pkg/src/App/yolo_like_detector' with type 'ros.ament_python' and name 'yolo_like_detector'
[0.912s] Level 1:colcon.colcon_core.package_identification:_identify(cstam-pkg/src/andino) by extensions ['ignore', 'ignore_ament_install']
[0.912s] Level 1:colcon.colcon_core.package_identification:_identify(cstam-pkg/src/andino) by extension 'ignore'
[0.912s] Level 1:colcon.colcon_core.package_identification:_identify(cstam-pkg/src/andino) by extension 'ignore_ament_install'
[0.912s] Level 1:colcon.colcon_core.package_identification:_identify(cstam-pkg/src/andino) by extensions ['colcon_pkg']
[0.912s] Level 1:colcon.colcon_core.package_identification:_identify(cstam-pkg/src/andino) by extension 'colcon_pkg'
[0.912s] Level 1:colcon.colcon_core.package_identification:_identify(cstam-pkg/src/andino) by extensions ['colcon_meta']
[0.912s] Level 1:colcon.colcon_core.package_identification:_identify(cstam-pkg/src/andino) by extension 'colcon_meta'
[0.912s] Level 1:colcon.colcon_core.package_identification:_identify(cstam-pkg/src/andino) by extensions ['ros']
[0.912s] Level 1:colcon.colcon_core.package_identification:_identify(cstam-pkg/src/andino) by extension 'ros'
[0.912s] Level 1:colcon.colcon_core.package_identification:_identify(cstam-pkg/src/andino) by extensions ['cmake', 'python']
[0.912s] Level 1:colcon.colcon_core.package_identification:_identify(cstam-pkg/src/andino) by extension 'cmake'
[0.912s] Level 1:colcon.colcon_core.package_identification:_identify(cstam-pkg/src/andino) by extension 'python'
[0.912s] Level 1:colcon.colcon_core.package_identification:_identify(cstam-pkg/src/andino) by extensions ['python_setup_py']
[0.912s] Level 1:colcon.colcon_core.package_identification:_identify(cstam-pkg/src/andino) by extension 'python_setup_py'
[0.912s] Level 1:colcon.colcon_core.package_identification:_identify(cstam-pkg/src/andino/andino_base) by extensions ['ignore', 'ignore_ament_install']
[0.912s] Level 1:colcon.colcon_core.package_identification:_identify(cstam-pkg/src/andino/andino_base) by extension 'ignore'
[0.912s] Level 1:colcon.colcon_core.package_identification:_identify(cstam-pkg/src/andino/andino_base) by extension 'ignore_ament_install'
[0.912s] Level 1:colcon.colcon_core.package_identification:_identify(cstam-pkg/src/andino/andino_base) by extensions ['colcon_pkg']
[0.912s] Level 1:colcon.colcon_core.package_identification:_identify(cstam-pkg/src/andino/andino_base) by extension 'colcon_pkg'
[0.912s] Level 1:colcon.colcon_core.package_identification:_identify(cstam-pkg/src/andino/andino_base) by extensions ['colcon_meta']
[0.912s] Level 1:colcon.colcon_core.package_identification:_identify(cstam-pkg/src/andino/andino_base) by extension 'colcon_meta'
[0.912s] Level 1:colcon.colcon_core.package_identification:_identify(cstam-pkg/src/andino/andino_base) by extensions ['ros']
[0.912s] Level 1:colcon.colcon_core.package_identification:_identify(cstam-pkg/src/andino/andino_base) by extension 'ros'
[0.913s] DEBUG:colcon.colcon_core.package_identification:Package 'cstam-pkg/src/andino/andino_base' with type 'ros.ament_cmake' and name 'andino_base'
[0.913s] Level 1:colcon.colcon_core.package_identification:_identify(cstam-pkg/src/andino/andino_bringup) by extensions ['ignore', 'ignore_ament_install']
[0.913s] Level 1:colcon.colcon_core.package_identification:_identify(cstam-pkg/src/andino/andino_bringup) by extension 'ignore'
[0.914s] Level 1:colcon.colcon_core.package_identification:_identify(cstam-pkg/src/andino/andino_bringup) by extension 'ignore_ament_install'
[0.914s] Level 1:colcon.colcon_core.package_identification:_identify(cstam-pkg/src/andino/andino_bringup) by extensions ['colcon_pkg']
[0.914s] Level 1:colcon.colcon_core.package_identification:_identify(cstam-pkg/src/andino/andino_bringup) by extension 'colcon_pkg'
[0.914s] Level 1:colcon.colcon_core.package_identification:_identify(cstam-pkg/src/andino/andino_bringup) by extensions ['colcon_meta']
[0.914s] Level 1:colcon.colcon_core.package_identification:_identify(cstam-pkg/src/andino/andino_bringup) by extension 'colcon_meta'
[0.914s] Level 1:colcon.colcon_core.package_identification:_identify(cstam-pkg/src/andino/andino_bringup) by extensions ['ros']
[0.914s] Level 1:colcon.colcon_core.package_identification:_identify(cstam-pkg/src/andino/andino_bringup) by extension 'ros'
[0.914s] DEBUG:colcon.colcon_core.package_identification:Package 'cstam-pkg/src/andino/andino_bringup' with type 'ros.ament_cmake' and name 'andino_bringup'
[0.914s] Level 1:colcon.colcon_core.package_identification:_identify(cstam-pkg/src/andino/andino_control) by extensions ['ignore', 'ignore_ament_install']
[0.915s] Level 1:colcon.colcon_core.package_identification:_identify(cstam-pkg/src/andino/andino_control) by extension 'ignore'
[0.915s] Level 1:colcon.colcon_core.package_identification:_identify(cstam-pkg/src/andino/andino_control) by extension 'ignore_ament_install'
[0.915s] Level 1:colcon.colcon_core.package_identification:_identify(cstam-pkg/src/andino/andino_control) by extensions ['colcon_pkg']
[0.915s] Level 1:colcon.colcon_core.package_identification:_identify(cstam-pkg/src/andino/andino_control) by extension 'colcon_pkg'
[0.915s] Level 1:colcon.colcon_core.package_identification:_identify(cstam-pkg/src/andino/andino_control) by extensions ['colcon_meta']
[0.915s] Level 1:colcon.colcon_core.package_identification:_identify(cstam-pkg/src/andino/andino_control) by extension 'colcon_meta'
[0.915s] Level 1:colcon.colcon_core.package_identification:_identify(cstam-pkg/src/andino/andino_control) by extensions ['ros']
[0.915s] Level 1:colcon.colcon_core.package_identification:_identify(cstam-pkg/src/andino/andino_control) by extension 'ros'
[0.916s] DEBUG:colcon.colcon_core.package_identification:Package 'cstam-pkg/src/andino/andino_control' with type 'ros.ament_cmake' and name 'andino_control'
[0.916s] Level 1:colcon.colcon_core.package_identification:_identify(cstam-pkg/src/andino/andino_description) by extensions ['ignore', 'ignore_ament_install']
[0.916s] Level 1:colcon.colcon_core.package_identification:_identify(cstam-pkg/src/andino/andino_description) by extension 'ignore'
[0.916s] Level 1:colcon.colcon_core.package_identification:_identify(cstam-pkg/src/andino/andino_description) by extension 'ignore_ament_install'
[0.916s] Level 1:colcon.colcon_core.package_identification:_identify(cstam-pkg/src/andino/andino_description) by extensions ['colcon_pkg']
[0.916s] Level 1:colcon.colcon_core.package_identification:_identify(cstam-pkg/src/andino/andino_description) by extension 'colcon_pkg'
[0.916s] Level 1:colcon.colcon_core.package_identification:_identify(cstam-pkg/src/andino/andino_description) by extensions ['colcon_meta']
[0.916s] Level 1:colcon.colcon_core.package_identification:_identify(cstam-pkg/src/andino/andino_description) by extension 'colcon_meta'
[0.916s] Level 1:colcon.colcon_core.package_identification:_identify(cstam-pkg/src/andino/andino_description) by extensions ['ros']
[0.916s] Level 1:colcon.colcon_core.package_identification:_identify(cstam-pkg/src/andino/andino_description) by extension 'ros'
[0.917s] DEBUG:colcon.colcon_core.package_identification:Package 'cstam-pkg/src/andino/andino_description' with type 'ros.ament_cmake' and name 'andino_description'
[0.917s] Level 1:colcon.colcon_core.package_identification:_identify(cstam-pkg/src/andino/andino_firmware) by extensions ['ignore', 'ignore_ament_install']
[0.917s] Level 1:colcon.colcon_core.package_identification:_identify(cstam-pkg/src/andino/andino_firmware) by extension 'ignore'
[0.917s] Level 1:colcon.colcon_core.package_identification:_identify(cstam-pkg/src/andino/andino_firmware) by extension 'ignore_ament_install'
[0.917s] Level 1:colcon.colcon_core.package_identification:_identify(cstam-pkg/src/andino/andino_firmware) by extensions ['colcon_pkg']
[0.917s] Level 1:colcon.colcon_core.package_identification:_identify(cstam-pkg/src/andino/andino_firmware) by extension 'colcon_pkg'
[0.917s] Level 1:colcon.colcon_core.package_identification:_identify(cstam-pkg/src/andino/andino_firmware) by extensions ['colcon_meta']
[0.917s] Level 1:colcon.colcon_core.package_identification:_identify(cstam-pkg/src/andino/andino_firmware) by extension 'colcon_meta'
[0.917s] Level 1:colcon.colcon_core.package_identification:_identify(cstam-pkg/src/andino/andino_firmware) by extensions ['ros']
[0.917s] Level 1:colcon.colcon_core.package_identification:_identify(cstam-pkg/src/andino/andino_firmware) by extension 'ros'
[0.918s] DEBUG:colcon.colcon_core.package_identification:Package 'cstam-pkg/src/andino/andino_firmware' with type 'ros.ament_cmake' and name 'andino_firmware'
[0.918s] Level 1:colcon.colcon_core.package_identification:_identify(cstam-pkg/src/andino/andino_navigation) by extensions ['ignore', 'ignore_ament_install']
[0.918s] Level 1:colcon.colcon_core.package_identification:_identify(cstam-pkg/src/andino/andino_navigation) by extension 'ignore'
[0.918s] Level 1:colcon.colcon_core.package_identification:_identify(cstam-pkg/src/andino/andino_navigation) by extension 'ignore_ament_install'
[0.918s] Level 1:colcon.colcon_core.package_identification:_identify(cstam-pkg/src/andino/andino_navigation) by extensions ['colcon_pkg']
[0.918s] Level 1:colcon.colcon_core.package_identification:_identify(cstam-pkg/src/andino/andino_navigation) by extension 'colcon_pkg'
[0.918s] Level 1:colcon.colcon_core.package_identification:_identify(cstam-pkg/src/andino/andino_navigation) by extensions ['colcon_meta']
[0.918s] Level 1:colcon.colcon_core.package_identification:_identify(cstam-pkg/src/andino/andino_navigation) by extension 'colcon_meta'
[0.918s] Level 1:colcon.colcon_core.package_identification:_identify(cstam-pkg/src/andino/andino_navigation) by extensions ['ros']
[0.918s] Level 1:colcon.colcon_core.package_identification:_identify(cstam-pkg/src/andino/andino_navigation) by extension 'ros'
[0.919s] DEBUG:colcon.colcon_core.package_identification:Package 'cstam-pkg/src/andino/andino_navigation' with type 'ros.ament_cmake' and name 'andino_navigation'
[0.919s] Level 1:colcon.colcon_core.package_identification:_identify(cstam-pkg/src/andino/andino_slam) by extensions ['ignore', 'ignore_ament_install']
[0.919s] Level 1:colcon.colcon_core.package_identification:_identify(cstam-pkg/src/andino/andino_slam) by extension 'ignore'
[0.919s] Level 1:colcon.colcon_core.package_identification:_identify(cstam-pkg/src/andino/andino_slam) by extension 'ignore_ament_install'
[0.919s] Level 1:colcon.colcon_core.package_identification:_identify(cstam-pkg/src/andino/andino_slam) by extensions ['colcon_pkg']
[0.919s] Level 1:colcon.colcon_core.package_identification:_identify(cstam-pkg/src/andino/andino_slam) by extension 'colcon_pkg'
[0.919s] Level 1:colcon.colcon_core.package_identification:_identify(cstam-pkg/src/andino/andino_slam) by extensions ['colcon_meta']
[0.919s] Level 1:colcon.colcon_core.package_identification:_identify(cstam-pkg/src/andino/andino_slam) by extension 'colcon_meta'
[0.919s] Level 1:colcon.colcon_core.package_identification:_identify(cstam-pkg/src/andino/andino_slam) by extensions ['ros']
[0.919s] Level 1:colcon.colcon_core.package_identification:_identify(cstam-pkg/src/andino/andino_slam) by extension 'ros'
[0.920s] DEBUG:colcon.colcon_core.package_identification:Package 'cstam-pkg/src/andino/andino_slam' with type 'ros.ament_cmake' and name 'andino_slam'
[0.920s] Level 1:colcon.colcon_core.package_identification:_identify(cstam-pkg/src/andino_gz) by extensions ['ignore', 'ignore_ament_install']
[0.920s] Level 1:colcon.colcon_core.package_identification:_identify(cstam-pkg/src/andino_gz) by extension 'ignore'
[0.920s] Level 1:colcon.colcon_core.package_identification:_identify(cstam-pkg/src/andino_gz) by extension 'ignore_ament_install'
[0.920s] Level 1:colcon.colcon_core.package_identification:_identify(cstam-pkg/src/andino_gz) by extensions ['colcon_pkg']
[0.920s] Level 1:colcon.colcon_core.package_identification:_identify(cstam-pkg/src/andino_gz) by extension 'colcon_pkg'
[0.920s] Level 1:colcon.colcon_core.package_identification:_identify(cstam-pkg/src/andino_gz) by extensions ['colcon_meta']
[0.920s] Level 1:colcon.colcon_core.package_identification:_identify(cstam-pkg/src/andino_gz) by extension 'colcon_meta'
[0.920s] Level 1:colcon.colcon_core.package_identification:_identify(cstam-pkg/src/andino_gz) by extensions ['ros']
[0.920s] Level 1:colcon.colcon_core.package_identification:_identify(cstam-pkg/src/andino_gz) by extension 'ros'
[0.920s] Level 1:colcon.colcon_core.package_identification:_identify(cstam-pkg/src/andino_gz) by extensions ['cmake', 'python']
[0.920s] Level 1:colcon.colcon_core.package_identification:_identify(cstam-pkg/src/andino_gz) by extension 'cmake'
[0.920s] Level 1:colcon.colcon_core.package_identification:_identify(cstam-pkg/src/andino_gz) by extension 'python'
[0.920s] Level 1:colcon.colcon_core.package_identification:_identify(cstam-pkg/src/andino_gz) by extensions ['python_setup_py']
[0.920s] Level 1:colcon.colcon_core.package_identification:_identify(cstam-pkg/src/andino_gz) by extension 'python_setup_py'
[0.921s] Level 1:colcon.colcon_core.package_identification:_identify(cstam-pkg/src/andino_gz/andino_gz) by extensions ['ignore', 'ignore_ament_install']
[0.921s] Level 1:colcon.colcon_core.package_identification:_identify(cstam-pkg/src/andino_gz/andino_gz) by extension 'ignore'
[0.921s] Level 1:colcon.colcon_core.package_identification:_identify(cstam-pkg/src/andino_gz/andino_gz) by extension 'ignore_ament_install'
[0.921s] Level 1:colcon.colcon_core.package_identification:_identify(cstam-pkg/src/andino_gz/andino_gz) by extensions ['colcon_pkg']
[0.921s] Level 1:colcon.colcon_core.package_identification:_identify(cstam-pkg/src/andino_gz/andino_gz) by extension 'colcon_pkg'
[0.921s] Level 1:colcon.colcon_core.package_identification:_identify(cstam-pkg/src/andino_gz/andino_gz) by extensions ['colcon_meta']
[0.921s] Level 1:colcon.colcon_core.package_identification:_identify(cstam-pkg/src/andino_gz/andino_gz) by extension 'colcon_meta'
[0.921s] Level 1:colcon.colcon_core.package_identification:_identify(cstam-pkg/src/andino_gz/andino_gz) by extensions ['ros']
[0.921s] Level 1:colcon.colcon_core.package_identification:_identify(cstam-pkg/src/andino_gz/andino_gz) by extension 'ros'
[0.922s] DEBUG:colcon.colcon_core.package_identification:Package 'cstam-pkg/src/andino_gz/andino_gz' with type 'ros.ament_cmake' and name 'andino_gz'
[0.922s] Level 1:colcon.colcon_core.package_identification:_identify(cstam-pkg/src/andino_gz/docs) by extensions ['ignore', 'ignore_ament_install']
[0.922s] Level 1:colcon.colcon_core.package_identification:_identify(cstam-pkg/src/andino_gz/docs) by extension 'ignore'
[0.922s] Level 1:colcon.colcon_core.package_identification:_identify(cstam-pkg/src/andino_gz/docs) by extension 'ignore_ament_install'
[0.922s] Level 1:colcon.colcon_core.package_identification:_identify(cstam-pkg/src/andino_gz/docs) by extensions ['colcon_pkg']
[0.922s] Level 1:colcon.colcon_core.package_identification:_identify(cstam-pkg/src/andino_gz/docs) by extension 'colcon_pkg'
[0.922s] Level 1:colcon.colcon_core.package_identification:_identify(cstam-pkg/src/andino_gz/docs) by extensions ['colcon_meta']
[0.922s] Level 1:colcon.colcon_core.package_identification:_identify(cstam-pkg/src/andino_gz/docs) by extension 'colcon_meta'
[0.922s] Level 1:colcon.colcon_core.package_identification:_identify(cstam-pkg/src/andino_gz/docs) by extensions ['ros']
[0.922s] Level 1:colcon.colcon_core.package_identification:_identify(cstam-pkg/src/andino_gz/docs) by extension 'ros'
[0.922s] Level 1:colcon.colcon_core.package_identification:_identify(cstam-pkg/src/andino_gz/docs) by extensions ['cmake', 'python']
[0.922s] Level 1:colcon.colcon_core.package_identification:_identify(cstam-pkg/src/andino_gz/docs) by extension 'cmake'
[0.922s] Level 1:colcon.colcon_core.package_identification:_identify(cstam-pkg/src/andino_gz/docs) by extension 'python'
[0.922s] Level 1:colcon.colcon_core.package_identification:_identify(cstam-pkg/src/andino_gz/docs) by extensions ['python_setup_py']
[0.922s] Level 1:colcon.colcon_core.package_identification:_identify(cstam-pkg/src/andino_gz/docs) by extension 'python_setup_py'
[0.922s] Level 1:colcon.colcon_core.package_identification:_identify(cstam-pkg/src/andino_gz/docs/media) by extensions ['ignore', 'ignore_ament_install']
[0.922s] Level 1:colcon.colcon_core.package_identification:_identify(cstam-pkg/src/andino_gz/docs/media) by extension 'ignore'
[0.922s] Level 1:colcon.colcon_core.package_identification:_identify(cstam-pkg/src/andino_gz/docs/media) by extension 'ignore_ament_install'
[0.922s] Level 1:colcon.colcon_core.package_identification:_identify(cstam-pkg/src/andino_gz/docs/media) by extensions ['colcon_pkg']
[0.922s] Level 1:colcon.colcon_core.package_identification:_identify(cstam-pkg/src/andino_gz/docs/media) by extension 'colcon_pkg'
[0.922s] Level 1:colcon.colcon_core.package_identification:_identify(cstam-pkg/src/andino_gz/docs/media) by extensions ['colcon_meta']
[0.922s] Level 1:colcon.colcon_core.package_identification:_identify(cstam-pkg/src/andino_gz/docs/media) by extension 'colcon_meta'
[0.922s] Level 1:colcon.colcon_core.package_identification:_identify(cstam-pkg/src/andino_gz/docs/media) by extensions ['ros']
[0.922s] Level 1:colcon.colcon_core.package_identification:_identify(cstam-pkg/src/andino_gz/docs/media) by extension 'ros'
[0.922s] Level 1:colcon.colcon_core.package_identification:_identify(cstam-pkg/src/andino_gz/docs/media) by extensions ['cmake', 'python']
[0.923s] Level 1:colcon.colcon_core.package_identification:_identify(cstam-pkg/src/andino_gz/docs/media) by extension 'cmake'
[0.923s] Level 1:colcon.colcon_core.package_identification:_identify(cstam-pkg/src/andino_gz/docs/media) by extension 'python'
[0.923s] Level 1:colcon.colcon_core.package_identification:_identify(cstam-pkg/src/andino_gz/docs/media) by extensions ['python_setup_py']
[0.923s] Level 1:colcon.colcon_core.package_identification:_identify(cstam-pkg/src/andino_gz/docs/media) by extension 'python_setup_py'
[0.923s] Level 1:colcon.colcon_core.package_identification:_identify(cstam-pkg/src/camera_ros) by extensions ['ignore', 'ignore_ament_install']
[0.923s] Level 1:colcon.colcon_core.package_identification:_identify(cstam-pkg/src/camera_ros) by extension 'ignore'
[0.923s] Level 1:colcon.colcon_core.package_identification:_identify(cstam-pkg/src/camera_ros) by extension 'ignore_ament_install'
[0.923s] Level 1:colcon.colcon_core.package_identification:_identify(cstam-pkg/src/camera_ros) by extensions ['colcon_pkg']
[0.923s] Level 1:colcon.colcon_core.package_identification:_identify(cstam-pkg/src/camera_ros) by extension 'colcon_pkg'
[0.923s] Level 1:colcon.colcon_core.package_identification:_identify(cstam-pkg/src/camera_ros) by extensions ['colcon_meta']
[0.923s] Level 1:colcon.colcon_core.package_identification:_identify(cstam-pkg/src/camera_ros) by extension 'colcon_meta'
[0.923s] Level 1:colcon.colcon_core.package_identification:_identify(cstam-pkg/src/camera_ros) by extensions ['ros']
[0.923s] Level 1:colcon.colcon_core.package_identification:_identify(cstam-pkg/src/camera_ros) by extension 'ros'
[0.924s] DEBUG:colcon.colcon_core.package_identification:Package 'cstam-pkg/src/camera_ros' with type 'ros.ament_cmake' and name 'camera_ros'
[0.924s] Level 1:colcon.colcon_core.package_identification:_identify(cstam-pkg/src/deliverybot_bringup) by extensions ['ignore', 'ignore_ament_install']
[0.924s] Level 1:colcon.colcon_core.package_identification:_identify(cstam-pkg/src/deliverybot_bringup) by extension 'ignore'
[0.924s] Level 1:colcon.colcon_core.package_identification:_identify(cstam-pkg/src/deliverybot_bringup) by extension 'ignore_ament_install'
[0.924s] Level 1:colcon.colcon_core.package_identification:_identify(cstam-pkg/src/deliverybot_bringup) by extensions ['colcon_pkg']
[0.924s] Level 1:colcon.colcon_core.package_identification:_identify(cstam-pkg/src/deliverybot_bringup) by extension 'colcon_pkg'
[0.924s] Level 1:colcon.colcon_core.package_identification:_identify(cstam-pkg/src/deliverybot_bringup) by extensions ['colcon_meta']
[0.924s] Level 1:colcon.colcon_core.package_identification:_identify(cstam-pkg/src/deliverybot_bringup) by extension 'colcon_meta'
[0.924s] Level 1:colcon.colcon_core.package_identification:_identify(cstam-pkg/src/deliverybot_bringup) by extensions ['ros']
[0.924s] Level 1:colcon.colcon_core.package_identification:_identify(cstam-pkg/src/deliverybot_bringup) by extension 'ros'
[0.925s] DEBUG:colcon.colcon_core.package_identification:Package 'cstam-pkg/src/deliverybot_bringup' with type 'ros.ament_python' and name 'deliverybot_bringup'
[0.925s] Level 1:colcon.colcon_core.package_identification:_identify(cstam-pkg/test) by extensions ['ignore', 'ignore_ament_install']
[0.925s] Level 1:colcon.colcon_core.package_identification:_identify(cstam-pkg/test) by extension 'ignore'
[0.925s] Level 1:colcon.colcon_core.package_identification:_identify(cstam-pkg/test) by extension 'ignore_ament_install'
[0.925s] Level 1:colcon.colcon_core.package_identification:_identify(cstam-pkg/test) by extensions ['colcon_pkg']
[0.925s] Level 1:colcon.colcon_core.package_identification:_identify(cstam-pkg/test) by extension 'colcon_pkg'
[0.925s] Level 1:colcon.colcon_core.package_identification:_identify(cstam-pkg/test) by extensions ['colcon_meta']
[0.925s] Level 1:colcon.colcon_core.package_identification:_identify(cstam-pkg/test) by extension 'colcon_meta'
[0.925s] Level 1:colcon.colcon_core.package_identification:_identify(cstam-pkg/test) by extensions ['ros']
[0.925s] Level 1:colcon.colcon_core.package_identification:_identify(cstam-pkg/test) by extension 'ros'
[0.925s] Level 1:colcon.colcon_core.package_identification:_identify(cstam-pkg/test) by extensions ['cmake', 'python']
[0.925s] Level 1:colcon.colcon_core.package_identification:_identify(cstam-pkg/test) by extension 'cmake'
[0.926s] Level 1:colcon.colcon_core.package_identification:_identify(cstam-pkg/test) by extension 'python'
[0.926s] Level 1:colcon.colcon_core.package_identification:_identify(cstam-pkg/test) by extensions ['python_setup_py']
[0.926s] Level 1:colcon.colcon_core.package_identification:_identify(cstam-pkg/test) by extension 'python_setup_py'
[0.926s] Level 1:colcon.colcon_core.package_identification:_identify(cstam-pkg/test/simple_ultrasonic_test) by extensions ['ignore', 'ignore_ament_install']
[0.926s] Level 1:colcon.colcon_core.package_identification:_identify(cstam-pkg/test/simple_ultrasonic_test) by extension 'ignore'
[0.926s] Level 1:colcon.colcon_core.package_identification:_identify(cstam-pkg/test/simple_ultrasonic_test) by extension 'ignore_ament_install'
[0.926s] Level 1:colcon.colcon_core.package_identification:_identify(cstam-pkg/test/simple_ultrasonic_test) by extensions ['colcon_pkg']
[0.926s] Level 1:colcon.colcon_core.package_identification:_identify(cstam-pkg/test/simple_ultrasonic_test) by extension 'colcon_pkg'
[0.926s] Level 1:colcon.colcon_core.package_identification:_identify(cstam-pkg/test/simple_ultrasonic_test) by extensions ['colcon_meta']
[0.926s] Level 1:colcon.colcon_core.package_identification:_identify(cstam-pkg/test/simple_ultrasonic_test) by extension 'colcon_meta'
[0.926s] Level 1:colcon.colcon_core.package_identification:_identify(cstam-pkg/test/simple_ultrasonic_test) by extensions ['ros']
[0.926s] Level 1:colcon.colcon_core.package_identification:_identify(cstam-pkg/test/simple_ultrasonic_test) by extension 'ros'
[0.926s] Level 1:colcon.colcon_core.package_identification:_identify(cstam-pkg/test/simple_ultrasonic_test) by extensions ['cmake', 'python']
[0.926s] Level 1:colcon.colcon_core.package_identification:_identify(cstam-pkg/test/simple_ultrasonic_test) by extension 'cmake'
[0.926s] Level 1:colcon.colcon_core.package_identification:_identify(cstam-pkg/test/simple_ultrasonic_test) by extension 'python'
[0.926s] Level 1:colcon.colcon_core.package_identification:_identify(cstam-pkg/test/simple_ultrasonic_test) by extensions ['python_setup_py']
[0.926s] Level 1:colcon.colcon_core.package_identification:_identify(cstam-pkg/test/simple_ultrasonic_test) by extension 'python_setup_py'
[0.926s] Level 1:colcon.colcon_core.package_identification:_identify(install) by extensions ['ignore', 'ignore_ament_install']
[0.926s] Level 1:colcon.colcon_core.package_identification:_identify(install) by extension 'ignore'
[0.926s] Level 1:colcon.colcon_core.package_identification:_identify(install) ignored
[0.926s] Level 1:colcon.colcon_core.package_identification:_identify(log) by extensions ['ignore', 'ignore_ament_install']
[0.926s] Level 1:colcon.colcon_core.package_identification:_identify(log) by extension 'ignore'
[0.926s] Level 1:colcon.colcon_core.package_identification:_identify(log) ignored
[0.926s] Level 1:colcon.colcon_core.package_identification:_identify(runners) by extensions ['ignore', 'ignore_ament_install']
[0.926s] Level 1:colcon.colcon_core.package_identification:_identify(runners) by extension 'ignore'
[0.926s] Level 1:colcon.colcon_core.package_identification:_identify(runners) by extension 'ignore_ament_install'
[0.926s] Level 1:colcon.colcon_core.package_identification:_identify(runners) by extensions ['colcon_pkg']
[0.926s] Level 1:colcon.colcon_core.package_identification:_identify(runners) by extension 'colcon_pkg'
[0.926s] Level 1:colcon.colcon_core.package_identification:_identify(runners) by extensions ['colcon_meta']
[0.926s] Level 1:colcon.colcon_core.package_identification:_identify(runners) by extension 'colcon_meta'
[0.926s] Level 1:colcon.colcon_core.package_identification:_identify(runners) by extensions ['ros']
[0.926s] Level 1:colcon.colcon_core.package_identification:_identify(runners) by extension 'ros'
[0.926s] Level 1:colcon.colcon_core.package_identification:_identify(runners) by extensions ['cmake', 'python']
[0.926s] Level 1:colcon.colcon_core.package_identification:_identify(runners) by extension 'cmake'
[0.927s] Level 1:colcon.colcon_core.package_identification:_identify(runners) by extension 'python'
[0.927s] Level 1:colcon.colcon_core.package_identification:_identify(runners) by extensions ['python_setup_py']
[0.927s] Level 1:colcon.colcon_core.package_identification:_identify(runners) by extension 'python_setup_py'
[0.927s] Level 1:colcon.colcon_core.package_discovery:discover_packages(recursive) using defaults
[0.927s] Level 1:colcon.colcon_core.package_discovery:discover_packages(ignore) discover
[0.927s] Level 1:colcon.colcon_core.package_discovery:discover_packages(ignore) using defaults
[0.927s] Level 1:colcon.colcon_core.package_discovery:discover_packages(path) discover
[0.927s] Level 1:colcon.colcon_core.package_discovery:discover_packages(path) using defaults
[0.997s] INFO:colcon.colcon_core.package_selection:Skipping not selected package 'andino_base' in 'cstam-pkg/src/andino/andino_base'
[0.997s] INFO:colcon.colcon_core.package_selection:Skipping not selected package 'andino_description' in 'cstam-pkg/src/andino/andino_description'
[0.997s] INFO:colcon.colcon_core.package_selection:Skipping not selected package 'andino_firmware' in 'cstam-pkg/src/andino/andino_firmware'
[0.997s] INFO:colcon.colcon_core.package_selection:Skipping not selected package 'andino_mobile_bridge' in 'cstam-pkg/src/App/andino_mobile_bridge'
[0.997s] INFO:colcon.colcon_core.package_selection:Skipping not selected package 'andino_navigation' in 'cstam-pkg/src/andino/andino_navigation'
[0.997s] INFO:colcon.colcon_core.package_selection:Skipping not selected package 'andino_slam' in 'cstam-pkg/src/andino/andino_slam'
[0.997s] INFO:colcon.colcon_core.package_selection:Skipping not selected package 'audio_common_msgs' in 'cstam-pkg/src/App/chatbot/audio_common/audio_common_msgs'
[0.997s] INFO:colcon.colcon_core.package_selection:Skipping not selected package 'camera_ros' in 'cstam-pkg/src/camera_ros'
[0.997s] INFO:colcon.colcon_core.package_selection:Skipping not selected package 'deliverybot_bringup' in 'cstam-pkg/src/deliverybot_bringup'
[0.997s] INFO:colcon.colcon_core.package_selection:Skipping not selected package 'llama_cpp_vendor' in 'cstam-pkg/src/App/chatbot/llama_ros/llama_cpp_vendor'
[0.997s] INFO:colcon.colcon_core.package_selection:Skipping not selected package 'llama_hfhub_vendor' in 'cstam-pkg/src/App/chatbot/llama_ros/llama_hfhub_vendor'
[0.997s] INFO:colcon.colcon_core.package_selection:Skipping not selected package 'llama_msgs' in 'cstam-pkg/src/App/chatbot/llama_ros/llama_msgs'
[0.997s] INFO:colcon.colcon_core.package_selection:Skipping not selected package 'map_info' in 'cstam-pkg/src/App/map_info'
[0.997s] INFO:colcon.colcon_core.package_selection:Skipping not selected package 'order_logger' in 'cstam-pkg/src/App/order_logger'
[0.997s] INFO:colcon.colcon_core.package_selection:Skipping not selected package 'piper_hfhub_vendor' in 'cstam-pkg/src/App/chatbot/piper_ros/piper_hfhub_vendor'
[0.997s] INFO:colcon.colcon_core.package_selection:Skipping not selected package 'piper_vendor' in 'cstam-pkg/src/App/chatbot/piper_ros/piper_vendor'
[0.997s] INFO:colcon.colcon_core.package_selection:Skipping not selected package 'qr_verification' in 'cstam-pkg/src/App/qr_verification'
[0.997s] INFO:colcon.colcon_core.package_selection:Skipping not selected package 'whisper_cpp_vendor' in 'cstam-pkg/src/App/chatbot/whisper_ros/whisper_cpp_vendor'
[0.997s] INFO:colcon.colcon_core.package_selection:Skipping not selected package 'whisper_hfhub_vendor' in 'cstam-pkg/src/App/chatbot/whisper_ros/whisper_hfhub_vendor'
[0.997s] INFO:colcon.colcon_core.package_selection:Skipping not selected package 'whisper_msgs' in 'cstam-pkg/src/App/chatbot/whisper_ros/whisper_msgs'
[0.997s] INFO:colcon.colcon_core.package_selection:Skipping not selected package 'whisper_onnxruntime_vendor' in 'cstam-pkg/src/App/chatbot/whisper_ros/whisper_onnxruntime_vendor'
[0.997s] INFO:colcon.colcon_core.package_selection:Skipping not selected package 'yasmin' in 'cstam-pkg/src/App/chatbot/yasmin/yasmin'
[0.997s] INFO:colcon.colcon_core.package_selection:Skipping not selected package 'yasmin_msgs' in 'cstam-pkg/src/App/chatbot/yasmin/yasmin_msgs'
[0.997s] INFO:colcon.colcon_core.package_selection:Skipping not selected package 'andino_control' in 'cstam-pkg/src/andino/andino_control'
[0.997s] INFO:colcon.colcon_core.package_selection:Skipping not selected package 'audio_common' in 'cstam-pkg/src/App/chatbot/audio_common/audio_common'
[0.997s] INFO:colcon.colcon_core.package_selection:Skipping not selected package 'edge_tts_ros' in 'cstam-pkg/src/App/chatbot/edge_tts_ros'
[0.997s] INFO:colcon.colcon_core.package_selection:Skipping not selected package 'llama_ros' in 'cstam-pkg/src/App/chatbot/llama_ros/llama_ros'
[0.997s] INFO:colcon.colcon_core.package_selection:Skipping not selected package 'piper_ros' in 'cstam-pkg/src/App/chatbot/piper_ros/piper_ros'
[0.997s] INFO:colcon.colcon_core.package_selection:Skipping not selected package 'whisper_ros' in 'cstam-pkg/src/App/chatbot/whisper_ros/whisper_ros'
[0.997s] INFO:colcon.colcon_core.package_selection:Skipping not selected package 'yasmin_ros' in 'cstam-pkg/src/App/chatbot/yasmin/yasmin_ros'
[0.997s] INFO:colcon.colcon_core.package_selection:Skipping not selected package 'yolo_like_detector' in 'cstam-pkg/src/App/yolo_like_detector'
[0.997s] INFO:colcon.colcon_core.package_selection:Skipping not selected package 'andino_bringup' in 'cstam-pkg/src/andino/andino_bringup'
[0.997s] INFO:colcon.colcon_core.package_selection:Skipping not selected package 'llama_bringup' in 'cstam-pkg/src/App/chatbot/llama_ros/llama_bringup'
[0.997s] INFO:colcon.colcon_core.package_selection:Skipping not selected package 'llama_bt' in 'cstam-pkg/src/App/chatbot/llama_ros/llama_bt'
[0.997s] INFO:colcon.colcon_core.package_selection:Skipping not selected package 'piper_bringup' in 'cstam-pkg/src/App/chatbot/piper_ros/piper_bringup'
[0.997s] INFO:colcon.colcon_core.package_selection:Skipping not selected package 'whisper_bringup' in 'cstam-pkg/src/App/chatbot/whisper_ros/whisper_bringup'
[0.997s] INFO:colcon.colcon_core.package_selection:Skipping not selected package 'whisper_demos' in 'cstam-pkg/src/App/chatbot/whisper_ros/whisper_demos'
[0.997s] INFO:colcon.colcon_core.package_selection:Skipping not selected package 'yasmin_viewer' in 'cstam-pkg/src/App/chatbot/yasmin/yasmin_viewer'
[0.997s] INFO:colcon.colcon_core.package_selection:Skipping not selected package 'chatbot_ros' in 'cstam-pkg/src/App/chatbot/chatbot_ros'
[0.997s] INFO:colcon.colcon_core.package_selection:Skipping not selected package 'llama_cli' in 'cstam-pkg/src/App/chatbot/llama_ros/llama_cli'
[0.997s] INFO:colcon.colcon_core.package_selection:Skipping not selected package 'llama_demos' in 'cstam-pkg/src/App/chatbot/llama_ros/llama_demos'
[0.997s] INFO:colcon.colcon_core.package_selection:Skipping not selected package 'yasmin_factory' in 'cstam-pkg/src/App/chatbot/yasmin/yasmin_factory'
[0.997s] INFO:colcon.colcon_core.package_selection:Skipping not selected package 'yasmin_demos' in 'cstam-pkg/src/App/chatbot/yasmin/yasmin_demos'
[0.997s] INFO:colcon.colcon_core.package_selection:Skipping not selected package 'yasmin_editor' in 'cstam-pkg/src/App/chatbot/yasmin/yasmin_editor'
[0.998s] Level 1:colcon.colcon_core.package_discovery:discover_packages(prefix_path) check parameters
[0.998s] Level 1:colcon.colcon_core.package_discovery:discover_packages(prefix_path) discover
[1.004s] DEBUG:colcon.colcon_installed_package_information.package_discovery:Found 428 installed packages in /opt/ros/jazzy
[1.005s] Level 1:colcon.colcon_core.package_discovery:discover_packages(prefix_path) using defaults
[1.068s] Level 5:colcon.colcon_core.verb:set package 'andino_gz' build argument 'cmake_args' from command line to 'None'
[1.068s] Level 5:colcon.colcon_core.verb:set package 'andino_gz' build argument 'cmake_target' from command line to 'None'
[1.068s] Level 5:colcon.colcon_core.verb:set package 'andino_gz' build argument 'cmake_target_skip_unavailable' from command line to 'False'
[1.068s] Level 5:colcon.colcon_core.verb:set package 'andino_gz' build argument 'cmake_clean_cache' from command line to 'False'
[1.068s] Level 5:colcon.colcon_core.verb:set package 'andino_gz' build argument 'cmake_clean_first' from command line to 'False'
[1.068s] Level 5:colcon.colcon_core.verb:set package 'andino_gz' build argument 'cmake_force_configure' from command line to 'False'
[1.068s] Level 5:colcon.colcon_core.verb:set package 'andino_gz' build argument 'ament_cmake_args' from command line to 'None'
[1.068s] Level 5:colcon.colcon_core.verb:set package 'andino_gz' build argument 'catkin_cmake_args' from command line to 'None'
[1.068s] Level 5:colcon.colcon_core.verb:set package 'andino_gz' build argument 'catkin_skip_building_tests' from command line to 'False'
[1.068s] DEBUG:colcon.colcon_core.verb:Building package 'andino_gz' with the following arguments: {'ament_cmake_args': None, 'build_base': '/home/golden5ragon/Desktop/Robotics/cstam/build/andino_gz', 'catkin_cmake_args': None, 'catkin_skip_building_tests': False, 'cmake_args': None, 'cmake_clean_cache': False, 'cmake_clean_first': False, 'cmake_force_configure': False, 'cmake_target': None, 'cmake_target_skip_unavailable': False, 'install_base': '/home/golden5ragon/Desktop/Robotics/cstam/install/andino_gz', 'merge_install': False, 'path': '/home/golden5ragon/Desktop/Robotics/cstam/cstam-pkg/src/andino_gz/andino_gz', 'symlink_install': False, 'test_result_base': None}
[1.068s] INFO:colcon.colcon_core.executor:Executing jobs using 'parallel' executor
[1.069s] DEBUG:colcon.colcon_parallel_executor.executor.parallel:run_until_complete
[1.069s] INFO:colcon.colcon_ros.task.ament_cmake.build:Building ROS package in '/home/golden5ragon/Desktop/Robotics/cstam/cstam-pkg/src/andino_gz/andino_gz' with build type 'ament_cmake'
[1.069s] INFO:colcon.colcon_cmake.task.cmake.build:Building CMake package in '/home/golden5ragon/Desktop/Robotics/cstam/cstam-pkg/src/andino_gz/andino_gz'
[1.078s] INFO:colcon.colcon_core.plugin_system:Skipping extension 'colcon_core.shell.bat': Not used on non-Windows systems
[1.078s] INFO:colcon.colcon_core.shell:Skip shell extension 'powershell' for command environment: Not usable outside of PowerShell
[1.078s] DEBUG:colcon.colcon_core.shell:Skip shell extension 'dsv' for command environment
[1.081s] ERROR:colcon.colcon_cmake.task.cmake.build:Failed to find the following files:
- /home/golden5ragon/Desktop/Robotics/cstam/install/andino_description/share/andino_description/package.sh
- /home/golden5ragon/Desktop/Robotics/cstam/install/andino_slam/share/andino_slam/package.sh
Check that the following packages have been built:
- andino_description
- andino_slam
[1.082s] Level 1:colcon.colcon_core.environment:create_environment_scripts_only(andino_gz)
[1.094s] Level 1:colcon.colcon_core.environment:checking '/home/golden5ragon/Desktop/Robotics/cstam/install/andino_gz' for CMake module files
[1.094s] Level 1:colcon.colcon_core.environment:checking '/home/golden5ragon/Desktop/Robotics/cstam/install/andino_gz' for CMake config files
[1.094s] Level 1:colcon.colcon_core.environment:checking '/home/golden5ragon/Desktop/Robotics/cstam/install/andino_gz/bin'
[1.094s] Level 1:colcon.colcon_core.environment:checking '/home/golden5ragon/Desktop/Robotics/cstam/install/andino_gz/lib/pkgconfig/andino_gz.pc'
[1.095s] Level 1:colcon.colcon_core.environment:checking '/home/golden5ragon/Desktop/Robotics/cstam/install/andino_gz/lib/python3.12/site-packages'
[1.095s] Level 1:colcon.colcon_core.environment:checking '/home/golden5ragon/Desktop/Robotics/cstam/install/andino_gz/bin'
[1.095s] INFO:colcon.colcon_core.shell:Creating package script '/home/golden5ragon/Desktop/Robotics/cstam/install/andino_gz/share/andino_gz/package.ps1'
[1.097s] INFO:colcon.colcon_core.shell:Creating package descriptor '/home/golden5ragon/Desktop/Robotics/cstam/install/andino_gz/share/andino_gz/package.dsv'
[1.098s] INFO:colcon.colcon_core.shell:Creating package script '/home/golden5ragon/Desktop/Robotics/cstam/install/andino_gz/share/andino_gz/package.sh'
[1.099s] INFO:colcon.colcon_core.shell:Creating package script '/home/golden5ragon/Desktop/Robotics/cstam/install/andino_gz/share/andino_gz/package.bash'
[1.100s] INFO:colcon.colcon_core.shell:Creating package script '/home/golden5ragon/Desktop/Robotics/cstam/install/andino_gz/share/andino_gz/package.zsh'
[1.101s] Level 1:colcon.colcon_core.environment:create_file_with_runtime_dependencies(/home/golden5ragon/Desktop/Robotics/cstam/install/andino_gz/share/colcon-core/packages/andino_gz)
[1.101s] DEBUG:colcon.colcon_parallel_executor.executor.parallel:closing loop
[1.101s] DEBUG:colcon.colcon_parallel_executor.executor.parallel:loop closed
[1.101s] DEBUG:colcon.colcon_parallel_executor.executor.parallel:run_until_complete finished with '1'
[1.101s] DEBUG:colcon.colcon_core.event_reactor:joining thread
[1.188s] INFO:colcon.colcon_core.plugin_system:Skipping extension 'colcon_notification.desktop_notification.notify_send': Could not find 'notify-send'
[1.188s] INFO:colcon.colcon_core.plugin_system:Skipping extension 'colcon_notification.desktop_notification.terminal_notifier': Not used on non-Darwin systems
[1.189s] INFO:colcon.colcon_core.plugin_system:Skipping extension 'colcon_notification.desktop_notification.win32': Not used on non-Windows systems
[1.189s] INFO:colcon.colcon_notification.desktop_notification:Sending desktop notification using 'notify2'
[1.190s] DEBUG:colcon.colcon_core.event_reactor:joined thread
[1.190s] INFO:colcon.colcon_core.shell:Creating prefix script '/home/golden5ragon/Desktop/Robotics/cstam/install/local_setup.ps1'
[1.192s] INFO:colcon.colcon_core.shell:Creating prefix util module '/home/golden5ragon/Desktop/Robotics/cstam/install/_local_setup_util_ps1.py'
[1.193s] INFO:colcon.colcon_core.shell:Creating prefix chain script '/home/golden5ragon/Desktop/Robotics/cstam/install/setup.ps1'
[1.194s] INFO:colcon.colcon_core.shell:Creating prefix script '/home/golden5ragon/Desktop/Robotics/cstam/install/local_setup.sh'
[1.195s] INFO:colcon.colcon_core.shell:Creating prefix util module '/home/golden5ragon/Desktop/Robotics/cstam/install/_local_setup_util_sh.py'
[1.196s] INFO:colcon.colcon_core.shell:Creating prefix chain script '/home/golden5ragon/Desktop/Robotics/cstam/install/setup.sh'
[1.197s] INFO:colcon.colcon_core.shell:Creating prefix script '/home/golden5ragon/Desktop/Robotics/cstam/install/local_setup.bash'
[1.197s] INFO:colcon.colcon_core.shell:Creating prefix chain script '/home/golden5ragon/Desktop/Robotics/cstam/install/setup.bash'
[1.198s] INFO:colcon.colcon_core.shell:Creating prefix script '/home/golden5ragon/Desktop/Robotics/cstam/install/local_setup.zsh'
[1.199s] INFO:colcon.colcon_core.shell:Creating prefix chain script '/home/golden5ragon/Desktop/Robotics/cstam/install/setup.zsh'
